seed,dataset,budget,learner,centers_per_class,learning_rate,phase,checkpoint,current_condition,correct0,correct1,correct2,correct3,n,fresh,updates,work,state_bytes,capacity_bytes,active_centers
2280101,shapes-permutations,examples,jayce,48,1.0000,0,0,0,50,50,50,50,200,0,0,0,16,98320,0
2280101,shapes-permutations,examples,jayce,48,1.0000,0,1,0,198,-1,-1,-1,200,256,16,617472,98320,98320,192
2280101,shapes-permutations,examples,jayce,48,1.0000,0,2,0,198,63,73,76,200,1024,64,7879680,98320,98320,192
2280101,shapes-permutations,examples,jayce,48,1.0000,1,0,1,198,63,73,76,200,1024,64,7879680,98320,98320,192
2280101,shapes-permutations,examples,jayce,48,1.0000,1,1,1,-1,158,-1,-1,200,1280,80,10300416,98320,98320,192
2280101,shapes-permutations,examples,jayce,48,1.0000,1,2,1,197,170,83,75,200,2048,128,17562624,98320,98320,192
2280101,shapes-permutations,examples,jayce,48,1.0000,2,0,2,197,170,83,75,200,2048,128,17562624,98320,98320,192
2280101,shapes-permutations,examples,jayce,48,1.0000,2,1,2,-1,-1,179,-1,200,2304,144,19983360,98320,98320,192
2280101,shapes-permutations,examples,jayce,48,1.0000,2,2,2,193,157,163,74,200,3072,192,27245568,98320,98320,192
2280101,shapes-permutations,examples,jayce,48,1.0000,3,0,3,193,157,163,74,200,3072,192,27245568,98320,98320,192
2280101,shapes-permutations,examples,jayce,48,1.0000,3,1,3,-1,-1,-1,167,200,3328,208,29666304,98320,98320,192
2280101,shapes-permutations,examples,jayce,48,1.0000,3,2,3,193,155,157,177,200,4096,256,36928512,98320,98320,192
2280101,shapes-permutations,examples,jayce,48,1.0000,4,0,0,193,155,157,177,200,4096,256,36928512,98320,98320,192
2280101,shapes-permutations,examples,jayce,48,1.0000,4,1,0,197,-1,-1,-1,200,4352,272,39349248,98320,98320,192
2280101,shapes-permutations,examples,jayce,48,1.0000,4,2,0,196,156,158,177,200,5120,320,46611456,98320,98320,192
2280101,shapes-permutations,examples,jayce,48,1.0000,5,0,2,196,156,158,177,200,5120,320,46611456,98320,98320,192
2280101,shapes-permutations,examples,jayce,48,1.0000,5,1,2,-1,-1,175,-1,200,5376,336,49032192,98320,98320,192
2280101,shapes-permutations,examples,jayce,48,1.0000,5,2,2,196,155,186,172,200,6144,384,56294400,98320,98320,192
2280101,shapes-permutations,examples,jayce,48,1.0000,6,0,1,196,155,186,172,200,6144,384,56294400,98320,98320,192
2280101,shapes-permutations,examples,jayce,48,1.0000,6,1,1,-1,168,-1,-1,200,6400,400,58715136,98320,98320,192
2280101,shapes-permutations,examples,jayce,48,1.0000,6,2,1,196,176,177,172,200,7168,448,65977344,98320,98320,192
2280101,shapes-permutations,examples,jayce,48,1.0000,7,0,3,196,176,177,172,200,7168,448,65977344,98320,98320,192
2280101,shapes-permutations,examples,jayce,48,1.0000,7,1,3,-1,-1,-1,165,200,7424,464,68398080,98320,98320,192
2280101,shapes-permutations,examples,jayce,48,1.0000,7,2,3,195,176,177,184,200,8192,512,75660288,98320,98320,192
2280101,shapes-permutations,examples,jayce,48,1.0000,8,0,2,195,176,177,184,200,8192,512,75660288,98320,98320,192
2280101,shapes-permutations,examples,jayce,48,1.0000,8,1,2,-1,-1,182,-1,200,8448,528,78081024,98320,98320,192
2280101,shapes-permutations,examples,jayce,48,1.0000,8,2,2,197,173,188,178,200,9216,576,85343232,98320,98320,192
2280101,shapes-permutations,examples,jayce,48,1.0000,9,0,0,197,173,188,178,200,9216,576,85343232,98320,98320,192
2280101,shapes-permutations,examples,jayce,48,1.0000,9,1,0,194,-1,-1,-1,200,9472,592,87763968,98320,98320,192
2280101,shapes-permutations,examples,jayce,48,1.0000,9,2,0,196,173,188,178,200,10240,640,95026176,98320,98320,192
2280101,shapes-permutations,examples,jayce,48,1.0000,10,0,3,196,173,188,178,200,10240,640,95026176,98320,98320,192
2280101,shapes-permutations,examples,jayce,48,1.0000,10,1,3,-1,-1,-1,183,200,10496,656,97446912,98320,98320,192
2280101,shapes-permutations,examples,jayce,48,1.0000,10,2,3,196,173,188,182,200,11264,704,104709120,98320,98320,192
2280101,shapes-permutations,examples,jayce,48,1.0000,11,0,1,196,173,188,182,200,11264,704,104709120,98320,98320,192
2280101,shapes-permutations,examples,jayce,48,1.0000,11,1,1,-1,175,-1,-1,200,11520,720,107129856,98320,98320,192
2280101,shapes-permutations,examples,jayce,48,1.0000,11,2,1,196,180,188,181,200,12288,768,114392064,98320,98320,192
2280101,shapes-permutations,examples,backprop,0,0.0030,0,0,0,60,31,33,28,200,0,0,0,53088,53088,0
2280101,shapes-permutations,examples,backprop,0,0.0030,0,1,0,124,-1,-1,-1,200,256,16,1731840,53088,53088,0
2280101,shapes-permutations,examples,backprop,0,0.0030,0,2,0,178,81,54,83,200,1024,64,6927360,53088,53088,0
2280101,shapes-permutations,examples,backprop,0,0.0030,1,0,1,178,81,54,83,200,1024,64,6927360,53088,53088,0
2280101,shapes-permutations,examples,backprop,0,0.0030,1,1,1,-1,143,-1,-1,200,1280,80,8659200,53088,53088,0
2280101,shapes-permutations,examples,backprop,0,0.0030,1,2,1,179,183,62,109,200,2048,128,13854720,53088,53088,0
2280101,shapes-permutations,examples,backprop,0,0.0030,2,0,2,179,183,62,109,200,2048,128,13854720,53088,53088,0
2280101,shapes-permutations,examples,backprop,0,0.0030,2,1,2,-1,-1,134,-1,200,2304,144,15586560,53088,53088,0
2280101,shapes-permutations,examples,backprop,0,0.0030,2,2,2,171,173,178,110,200,3072,192,20782080,53088,53088,0
2280101,shapes-permutations,examples,backprop,0,0.0030,3,0,3,171,173,178,110,200,3072,192,20782080,53088,53088,0
2280101,shapes-permutations,examples,backprop,0,0.0030,3,1,3,-1,-1,-1,151,200,3328,208,22513920,53088,53088,0
2280101,shapes-permutations,examples,backprop,0,0.0030,3,2,3,170,158,168,187,200,4096,256,27709440,53088,53088,0
2280101,shapes-permutations,examples,backprop,0,0.0030,4,0,0,170,158,168,187,200,4096,256,27709440,53088,53088,0
2280101,shapes-permutations,examples,backprop,0,0.0030,4,1,0,179,-1,-1,-1,200,4352,272,29441280,53088,53088,0
2280101,shapes-permutations,examples,backprop,0,0.0030,4,2,0,191,166,160,183,200,5120,320,34636800,53088,53088,0
2280101,shapes-permutations,examples,backprop,0,0.0030,5,0,2,191,166,160,183,200,5120,320,34636800,53088,53088,0
2280101,shapes-permutations,examples,backprop,0,0.0030,5,1,2,-1,-1,172,-1,200,5376,336,36368640,53088,53088,0
2280101,shapes-permutations,examples,backprop,0,0.0030,5,2,2,189,158,192,172,200,6144,384,41564160,53088,53088,0
2280101,shapes-permutations,examples,backprop,0,0.0030,6,0,1,189,158,192,172,200,6144,384,41564160,53088,53088,0
2280101,shapes-permutations,examples,backprop,0,0.0030,6,1,1,-1,170,-1,-1,200,6400,400,43296000,53088,53088,0
2280101,shapes-permutations,examples,backprop,0,0.0030,6,2,1,177,188,185,165,200,7168,448,48491520,53088,53088,0
2280101,shapes-permutations,examples,backprop,0,0.0030,7,0,3,177,188,185,165,200,7168,448,48491520,53088,53088,0
2280101,shapes-permutations,examples,backprop,0,0.0030,7,1,3,-1,-1,-1,182,200,7424,464,50223360,53088,53088,0
2280101,shapes-permutations,examples,backprop,0,0.0030,7,2,3,186,187,186,190,200,8192,512,55418880,53088,53088,0
2280101,shapes-permutations,examples,backprop,0,0.0030,8,0,2,186,187,186,190,200,8192,512,55418880,53088,53088,0
2280101,shapes-permutations,examples,backprop,0,0.0030,8,1,2,-1,-1,186,-1,200,8448,528,57150720,53088,53088,0
2280101,shapes-permutations,examples,backprop,0,0.0030,8,2,2,182,181,195,191,200,9216,576,62346240,53088,53088,0
2280101,shapes-permutations,examples,backprop,0,0.0030,9,0,0,182,181,195,191,200,9216,576,62346240,53088,53088,0
2280101,shapes-permutations,examples,backprop,0,0.0030,9,1,0,184,-1,-1,-1,200,9472,592,64078080,53088,53088,0
2280101,shapes-permutations,examples,backprop,0,0.0030,9,2,0,193,181,190,187,200,10240,640,69273600,53088,53088,0
2280101,shapes-permutations,examples,backprop,0,0.0030,10,0,3,193,181,190,187,200,10240,640,69273600,53088,53088,0
2280101,shapes-permutations,examples,backprop,0,0.0030,10,1,3,-1,-1,-1,189,200,10496,656,71005440,53088,53088,0
2280101,shapes-permutations,examples,backprop,0,0.0030,10,2,3,194,176,188,196,200,11264,704,76200960,53088,53088,0
2280101,shapes-permutations,examples,backprop,0,0.0030,11,0,1,194,176,188,196,200,11264,704,76200960,53088,53088,0
2280101,shapes-permutations,examples,backprop,0,0.0030,11,1,1,-1,187,-1,-1,200,11520,720,77932800,53088,53088,0
2280101,shapes-permutations,examples,backprop,0,0.0030,11,2,1,192,195,186,191,200,12288,768,83128320,53088,53088,0
2280101,shapes-permutations,work,jayce,48,1.0000,0,0,0,50,50,50,50,200,0,0,0,16,98320,0
2280101,shapes-permutations,work,jayce,48,1.0000,0,1,0,198,-1,-1,-1,200,256,16,617472,98320,98320,192
2280101,shapes-permutations,work,jayce,48,1.0000,0,2,0,197,69,78,80,200,448,28,2433024,98320,98320,192
2280101,shapes-permutations,work,jayce,48,1.0000,1,0,1,197,69,78,80,200,448,28,2433024,98320,98320,192
2280101,shapes-permutations,work,jayce,48,1.0000,1,1,1,-1,153,-1,-1,200,512,32,3038208,98320,98320,192
2280101,shapes-permutations,work,jayce,48,1.0000,1,2,1,197,154,81,78,200,704,44,4853760,98320,98320,192
2280101,shapes-permutations,work,jayce,48,1.0000,2,0,2,197,154,81,78,200,704,44,4853760,98320,98320,192
2280101,shapes-permutations,work,jayce,48,1.0000,2,1,2,-1,-1,155,-1,200,768,48,5458944,98320,98320,192
2280101,shapes-permutations,work,jayce,48,1.0000,2,2,2,197,151,178,88,200,960,60,7274496,98320,98320,192
2280101,shapes-permutations,work,jayce,48,1.0000,3,0,3,197,151,178,88,200,960,60,7274496,98320,98320,192
2280101,shapes-permutations,work,jayce,48,1.0000,3,1,3,-1,-1,-1,160,200,1024,64,7879680,98320,98320,192
2280101,shapes-permutations,work,jayce,48,1.0000,3,2,3,197,146,135,161,200,1216,76,9695232,98320,98320,192
2280101,shapes-permutations,work,jayce,48,1.0000,4,0,0,197,146,135,161,200,1216,76,9695232,98320,98320,192
2280101,shapes-permutations,work,jayce,48,1.0000,4,1,0,199,-1,-1,-1,200,1280,80,10300416,98320,98320,192
2280101,shapes-permutations,work,jayce,48,1.0000,4,2,0,196,148,138,161,200,1472,92,12115968,98320,98320,192
2280101,shapes-permutations,work,jayce,48,1.0000,5,0,2,196,148,138,161,200,1472,92,12115968,98320,98320,192
2280101,shapes-permutations,work,jayce,48,1.0000,5,1,2,-1,-1,161,-1,200,1536,96,12721152,98320,98320,192
2280101,shapes-permutations,work,jayce,48,1.0000,5,2,2,196,143,167,165,200,1728,108,14536704,98320,98320,192
2280101,shapes-permutations,work,jayce,48,1.0000,6,0,1,196,143,167,165,200,1728,108,14536704,98320,98320,192
2280101,shapes-permutations,work,jayce,48,1.0000,6,1,1,-1,166,-1,-1,200,1792,112,15141888,98320,98320,192
2280101,shapes-permutations,work,jayce,48,1.0000,6,2,1,196,169,164,161,200,1984,124,16957440,98320,98320,192
2280101,shapes-permutations,work,jayce,48,1.0000,7,0,3,196,169,164,161,200,1984,124,16957440,98320,98320,192
2280101,shapes-permutations,work,jayce,48,1.0000,7,1,3,-1,-1,-1,168,200,2048,128,17562624,98320,98320,192
2280101,shapes-permutations,work,jayce,48,1.0000,7,2,3,195,169,166,155,200,2240,140,19378176,98320,98320,192
2280101,shapes-permutations,work,jayce,48,1.0000,8,0,2,195,169,166,155,200,2240,140,19378176,98320,98320,192
2280101,shapes-permutations,work,jayce,48,1.0000,8,1,2,-1,-1,178,-1,200,2304,144,19983360,98320,98320,192
2280101,shapes-permutations,work,jayce,48,1.0000,8,2,2,195,169,175,154,200,2496,156,21798912,98320,98320,192
2280101,shapes-permutations,work,jayce,48,1.0000,9,0,0,195,169,175,154,200,2496,156,21798912,98320,98320,192
2280101,shapes-permutations,work,jayce,48,1.0000,9,1,0,192,-1,-1,-1,200,2560,160,22404096,98320,98320,192
2280101,shapes-permutations,work,jayce,48,1.0000,9,2,0,194,171,175,154,200,2752,172,24219648,98320,98320,192
2280101,shapes-permutations,work,jayce,48,1.0000,10,0,3,194,171,175,154,200,2752,172,24219648,98320,98320,192
2280101,shapes-permutations,work,jayce,48,1.0000,10,1,3,-1,-1,-1,173,200,2816,176,24824832,98320,98320,192
2280101,shapes-permutations,work,jayce,48,1.0000,10,2,3,194,173,171,183,200,3008,188,26640384,98320,98320,192
2280101,shapes-permutations,work,jayce,48,1.0000,11,0,1,194,173,171,183,200,3008,188,26640384,98320,98320,192
2280101,shapes-permutations,work,jayce,48,1.0000,11,1,1,-1,159,-1,-1,200,3072,192,27245568,98320,98320,192
2280101,shapes-permutations,work,jayce,48,1.0000,11,2,1,194,168,159,183,200,3264,204,29061120,98320,98320,192
2280101,shapes-permutations,work,backprop,0,0.0100,0,0,0,60,31,33,28,200,0,0,0,53088,53088,0
2280101,shapes-permutations,work,backprop,0,0.0100,0,1,0,119,-1,-1,-1,200,80,5,541200,53088,53088,0
2280101,shapes-permutations,work,backprop,0,0.0100,0,2,0,184,89,58,71,200,368,23,2489520,53088,53088,0
2280101,shapes-permutations,work,backprop,0,0.0100,1,0,1,184,89,58,71,200,368,23,2489520,53088,53088,0
2280101,shapes-permutations,work,backprop,0,0.0100,1,1,1,-1,123,-1,-1,200,448,28,3030720,53088,53088,0
2280101,shapes-permutations,work,backprop,0,0.0100,1,2,1,176,173,64,96,200,736,46,4979040,53088,53088,0
2280101,shapes-permutations,work,backprop,0,0.0100,2,0,2,176,173,64,96,200,736,46,4979040,53088,53088,0
2280101,shapes-permutations,work,backprop,0,0.0100,2,1,2,-1,-1,105,-1,200,816,51,5520240,53088,53088,0
2280101,shapes-permutations,work,backprop,0,0.0100,2,2,2,159,161,162,89,200,1104,69,7468560,53088,53088,0
2280101,shapes-permutations,work,backprop,0,0.0100,3,0,3,159,161,162,89,200,1104,69,7468560,53088,53088,0
2280101,shapes-permutations,work,backprop,0,0.0100,3,1,3,-1,-1,-1,131,200,1184,74,8009760,53088,53088,0
2280101,shapes-permutations,work,backprop,0,0.0100,3,2,3,157,148,157,177,200,1472,92,9958080,53088,53088,0
2280101,shapes-permutations,work,backprop,0,0.0100,4,0,0,157,148,157,177,200,1472,92,9958080,53088,53088,0
2280101,shapes-permutations,work,backprop,0,0.0100,4,1,0,160,-1,-1,-1,200,1552,97,10499280,53088,53088,0
2280101,shapes-permutations,work,backprop,0,0.0100,4,2,0,184,155,157,175,200,1840,115,12447600,53088,53088,0
2280101,shapes-permutations,work,backprop,0,0.0100,5,0,2,184,155,157,175,200,1840,115,12447600,53088,53088,0
2280101,shapes-permutations,work,backprop,0,0.0100,5,1,2,-1,-1,160,-1,200,1920,120,12988800,53088,53088,0
2280101,shapes-permutations,work,backprop,0,0.0100,5,2,2,178,162,174,170,200,2208,138,14937120,53088,53088,0
2280101,shapes-permutations,work,backprop,0,0.0100,6,0,1,178,162,174,170,200,2208,138,14937120,53088,53088,0
2280101,shapes-permutations,work,backprop,0,0.0100,6,1,1,-1,167,-1,-1,200,2288,143,15478320,53088,53088,0
2280101,shapes-permutations,work,backprop,0,0.0100,6,2,1,166,184,175,161,200,2576,161,17426640,53088,53088,0
2280101,shapes-permutations,work,backprop,0,0.0100,7,0,3,166,184,175,161,200,2576,161,17426640,53088,53088,0
2280101,shapes-permutations,work,backprop,0,0.0100,7,1,3,-1,-1,-1,159,200,2656,166,17967840,53088,53088,0
2280101,shapes-permutations,work,backprop,0,0.0100,7,2,3,172,175,169,178,200,2944,184,19916160,53088,53088,0
2280101,shapes-permutations,work,backprop,0,0.0100,8,0,2,172,175,169,178,200,2944,184,19916160,53088,53088,0
2280101,shapes-permutations,work,backprop,0,0.0100,8,1,2,-1,-1,176,-1,200,3024,189,20457360,53088,53088,0
2280101,shapes-permutations,work,backprop,0,0.0100,8,2,2,174,175,183,172,200,3312,207,22405680,53088,53088,0
2280101,shapes-permutations,work,backprop,0,0.0100,9,0,0,174,175,183,172,200,3312,207,22405680,53088,53088,0
2280101,shapes-permutations,work,backprop,0,0.0100,9,1,0,179,-1,-1,-1,200,3392,212,22946880,53088,53088,0
2280101,shapes-permutations,work,backprop,0,0.0100,9,2,0,188,162,175,183,200,3680,230,24895200,53088,53088,0
2280101,shapes-permutations,work,backprop,0,0.0100,10,0,3,188,162,175,183,200,3680,230,24895200,53088,53088,0
2280101,shapes-permutations,work,backprop,0,0.0100,10,1,3,-1,-1,-1,184,200,3760,235,25436400,53088,53088,0
2280101,shapes-permutations,work,backprop,0,0.0100,10,2,3,186,160,169,189,200,4048,253,27384720,53088,53088,0
2280101,shapes-permutations,work,backprop,0,0.0100,11,0,1,186,160,169,189,200,4048,253,27384720,53088,53088,0
2280101,shapes-permutations,work,backprop,0,0.0100,11,1,1,-1,172,-1,-1,200,4128,258,27925920,53088,53088,0
2280101,shapes-permutations,work,backprop,0,0.0100,11,2,1,187,183,179,185,200,4416,276,29874240,53088,53088,0
2280101,shapes-permutations,memory,jayce,24,0.6000,0,0,0,50,50,50,50,200,0,0,0,16,49168,0
2280101,shapes-permutations,memory,jayce,24,0.6000,0,1,0,200,-1,-1,-1,200,256,16,777984,49168,49168,96
2280101,shapes-permutations,memory,jayce,24,0.6000,0,2,0,200,70,93,87,200,1024,64,4482816,49168,49168,96
2280101,shapes-permutations,memory,jayce,24,0.6000,1,0,1,200,70,93,87,200,1024,64,4482816,49168,49168,96
2280101,shapes-permutations,memory,jayce,24,0.6000,1,1,1,-1,157,-1,-1,200,1280,80,5717760,49168,49168,96
2280101,shapes-permutations,memory,jayce,24,0.6000,1,2,1,194,156,107,92,200,2048,128,9422592,49168,49168,96
2280101,shapes-permutations,memory,jayce,24,0.6000,2,0,2,194,156,107,92,200,2048,128,9422592,49168,49168,96
2280101,shapes-permutations,memory,jayce,24,0.6000,2,1,2,-1,-1,170,-1,200,2304,144,10657536,49168,49168,96
2280101,shapes-permutations,memory,jayce,24,0.6000,2,2,2,189,142,174,103,200,3072,192,14362368,49168,49168,96
2280101,shapes-permutations,memory,jayce,24,0.6000,3,0,3,189,142,174,103,200,3072,192,14362368,49168,49168,96
2280101,shapes-permutations,memory,jayce,24,0.6000,3,1,3,-1,-1,-1,158,200,3328,208,15597312,49168,49168,96
2280101,shapes-permutations,memory,jayce,24,0.6000,3,2,3,184,95,146,169,200,4096,256,19302144,49168,49168,96
2280101,shapes-permutations,memory,jayce,24,0.6000,4,0,0,184,95,146,169,200,4096,256,19302144,49168,49168,96
2280101,shapes-permutations,memory,jayce,24,0.6000,4,1,0,192,-1,-1,-1,200,4352,272,20537088,49168,49168,96
2280101,shapes-permutations,memory,jayce,24,0.6000,4,2,0,198,91,146,169,200,5120,320,24241920,49168,49168,96
2280101,shapes-permutations,memory,jayce,24,0.6000,5,0,2,198,91,146,169,200,5120,320,24241920,49168,49168,96
2280101,shapes-permutations,memory,jayce,24,0.6000,5,1,2,-1,-1,159,-1,200,5376,336,25476864,49168,49168,96
2280101,shapes-permutations,memory,jayce,24,0.6000,5,2,2,198,97,185,158,200,6144,384,29181696,49168,49168,96
2280101,shapes-permutations,memory,jayce,24,0.6000,6,0,1,198,97,185,158,200,6144,384,29181696,49168,49168,96
2280101,shapes-permutations,memory,jayce,24,0.6000,6,1,1,-1,152,-1,-1,200,6400,400,30416640,49168,49168,96
2280101,shapes-permutations,memory,jayce,24,0.6000,6,2,1,190,165,160,125,200,7168,448,34121472,49168,49168,96
2280101,shapes-permutations,memory,jayce,24,0.6000,7,0,3,190,165,160,125,200,7168,448,34121472,49168,49168,96
2280101,shapes-permutations,memory,jayce,24,0.6000,7,1,3,-1,-1,-1,155,200,7424,464,35356416,49168,49168,96
2280101,shapes-permutations,memory,jayce,24,0.6000,7,2,3,183,136,158,172,200,8192,512,39061248,49168,49168,96
2280101,shapes-permutations,memory,jayce,24,0.6000,8,0,2,183,136,158,172,200,8192,512,39061248,49168,49168,96
2280101,shapes-permutations,memory,jayce,24,0.6000,8,1,2,-1,-1,165,-1,200,8448,528,40296192,49168,49168,96
2280101,shapes-permutations,memory,jayce,24,0.6000,8,2,2,180,128,167,171,200,9216,576,44001024,49168,49168,96
2280101,shapes-permutations,memory,jayce,24,0.6000,9,0,0,180,128,167,171,200,9216,576,44001024,49168,49168,96
2280101,shapes-permutations,memory,jayce,24,0.6000,9,1,0,199,-1,-1,-1,200,9472,592,45235968,49168,49168,96
2280101,shapes-permutations,memory,jayce,24,0.6000,9,2,0,200,128,167,171,200,10240,640,48940800,49168,49168,96
2280101,shapes-permutations,memory,jayce,24,0.6000,10,0,3,200,128,167,171,200,10240,640,48940800,49168,49168,96
2280101,shapes-permutations,memory,jayce,24,0.6000,10,1,3,-1,-1,-1,176,200,10496,656,50175744,49168,49168,96
2280101,shapes-permutations,memory,jayce,24,0.6000,10,2,3,200,130,153,170,200,11264,704,53880576,49168,49168,96
2280101,shapes-permutations,memory,jayce,24,0.6000,11,0,1,200,130,153,170,200,11264,704,53880576,49168,49168,96
2280101,shapes-permutations,memory,jayce,24,0.6000,11,1,1,-1,162,-1,-1,200,11520,720,55115520,49168,49168,96
2280101,shapes-permutations,memory,jayce,24,0.6000,11,2,1,199,170,154,133,200,12288,768,58820352,49168,49168,96
2280101,shapes-permutations,memory,backprop,0,0.0030,0,0,0,60,31,33,28,200,0,0,0,53088,53088,0
2280101,shapes-permutations,memory,backprop,0,0.0030,0,1,0,124,-1,-1,-1,200,256,16,1731840,53088,53088,0
2280101,shapes-permutations,memory,backprop,0,0.0030,0,2,0,178,81,54,83,200,1024,64,6927360,53088,53088,0
2280101,shapes-permutations,memory,backprop,0,0.0030,1,0,1,178,81,54,83,200,1024,64,6927360,53088,53088,0
2280101,shapes-permutations,memory,backprop,0,0.0030,1,1,1,-1,143,-1,-1,200,1280,80,8659200,53088,53088,0
2280101,shapes-permutations,memory,backprop,0,0.0030,1,2,1,179,183,62,109,200,2048,128,13854720,53088,53088,0
2280101,shapes-permutations,memory,backprop,0,0.0030,2,0,2,179,183,62,109,200,2048,128,13854720,53088,53088,0
2280101,shapes-permutations,memory,backprop,0,0.0030,2,1,2,-1,-1,134,-1,200,2304,144,15586560,53088,53088,0
2280101,shapes-permutations,memory,backprop,0,0.0030,2,2,2,171,173,178,110,200,3072,192,20782080,53088,53088,0
2280101,shapes-permutations,memory,backprop,0,0.0030,3,0,3,171,173,178,110,200,3072,192,20782080,53088,53088,0
2280101,shapes-permutations,memory,backprop,0,0.0030,3,1,3,-1,-1,-1,151,200,3328,208,22513920,53088,53088,0
2280101,shapes-permutations,memory,backprop,0,0.0030,3,2,3,170,158,168,187,200,4096,256,27709440,53088,53088,0
2280101,shapes-permutations,memory,backprop,0,0.0030,4,0,0,170,158,168,187,200,4096,256,27709440,53088,53088,0
2280101,shapes-permutations,memory,backprop,0,0.0030,4,1,0,179,-1,-1,-1,200,4352,272,29441280,53088,53088,0
2280101,shapes-permutations,memory,backprop,0,0.0030,4,2,0,191,166,160,183,200,5120,320,34636800,53088,53088,0
2280101,shapes-permutations,memory,backprop,0,0.0030,5,0,2,191,166,160,183,200,5120,320,34636800,53088,53088,0
2280101,shapes-permutations,memory,backprop,0,0.0030,5,1,2,-1,-1,172,-1,200,5376,336,36368640,53088,53088,0
2280101,shapes-permutations,memory,backprop,0,0.0030,5,2,2,189,158,192,172,200,6144,384,41564160,53088,53088,0
2280101,shapes-permutations,memory,backprop,0,0.0030,6,0,1,189,158,192,172,200,6144,384,41564160,53088,53088,0
2280101,shapes-permutations,memory,backprop,0,0.0030,6,1,1,-1,170,-1,-1,200,6400,400,43296000,53088,53088,0
2280101,shapes-permutations,memory,backprop,0,0.0030,6,2,1,177,188,185,165,200,7168,448,48491520,53088,53088,0
2280101,shapes-permutations,memory,backprop,0,0.0030,7,0,3,177,188,185,165,200,7168,448,48491520,53088,53088,0
2280101,shapes-permutations,memory,backprop,0,0.0030,7,1,3,-1,-1,-1,182,200,7424,464,50223360,53088,53088,0
2280101,shapes-permutations,memory,backprop,0,0.0030,7,2,3,186,187,186,190,200,8192,512,55418880,53088,53088,0
2280101,shapes-permutations,memory,backprop,0,0.0030,8,0,2,186,187,186,190,200,8192,512,55418880,53088,53088,0
2280101,shapes-permutations,memory,backprop,0,0.0030,8,1,2,-1,-1,186,-1,200,8448,528,57150720,53088,53088,0
2280101,shapes-permutations,memory,backprop,0,0.0030,8,2,2,182,181,195,191,200,9216,576,62346240,53088,53088,0
2280101,shapes-permutations,memory,backprop,0,0.0030,9,0,0,182,181,195,191,200,9216,576,62346240,53088,53088,0
2280101,shapes-permutations,memory,backprop,0,0.0030,9,1,0,184,-1,-1,-1,200,9472,592,64078080,53088,53088,0
2280101,shapes-permutations,memory,backprop,0,0.0030,9,2,0,193,181,190,187,200,10240,640,69273600,53088,53088,0
2280101,shapes-permutations,memory,backprop,0,0.0030,10,0,3,193,181,190,187,200,10240,640,69273600,53088,53088,0
2280101,shapes-permutations,memory,backprop,0,0.0030,10,1,3,-1,-1,-1,189,200,10496,656,71005440,53088,53088,0
2280101,shapes-permutations,memory,backprop,0,0.0030,10,2,3,194,176,188,196,200,11264,704,76200960,53088,53088,0
2280101,shapes-permutations,memory,backprop,0,0.0030,11,0,1,194,176,188,196,200,11264,704,76200960,53088,53088,0
2280101,shapes-permutations,memory,backprop,0,0.0030,11,1,1,-1,187,-1,-1,200,11520,720,77932800,53088,53088,0
2280101,shapes-permutations,memory,backprop,0,0.0030,11,2,1,192,195,186,191,200,12288,768,83128320,53088,53088,0
2384830,shapes-permutations,examples,jayce,48,1.0000,0,0,0,50,50,50,50,200,0,0,0,16,98320,0
2384830,shapes-permutations,examples,jayce,48,1.0000,0,1,0,200,-1,-1,-1,200,256,16,617472,98320,98320,192
2384830,shapes-permutations,examples,jayce,48,1.0000,0,2,0,197,65,88,81,200,1024,64,7879680,98320,98320,192
2384830,shapes-permutations,examples,jayce,48,1.0000,1,0,1,197,65,88,81,200,1024,64,7879680,98320,98320,192
2384830,shapes-permutations,examples,jayce,48,1.0000,1,1,1,-1,161,-1,-1,200,1280,80,10300416,98320,98320,192
2384830,shapes-permutations,examples,jayce,48,1.0000,1,2,1,198,184,78,91,200,2048,128,17562624,98320,98320,192
2384830,shapes-permutations,examples,jayce,48,1.0000,2,0,2,198,184,78,91,200,2048,128,17562624,98320,98320,192
2384830,shapes-permutations,examples,jayce,48,1.0000,2,1,2,-1,-1,174,-1,200,2304,144,19983360,98320,98320,192
2384830,shapes-permutations,examples,jayce,48,1.0000,2,2,2,197,178,182,80,200,3072,192,27245568,98320,98320,192
2384830,shapes-permutations,examples,jayce,48,1.0000,3,0,3,197,178,182,80,200,3072,192,27245568,98320,98320,192
2384830,shapes-permutations,examples,jayce,48,1.0000,3,1,3,-1,-1,-1,166,200,3328,208,29666304,98320,98320,192
2384830,shapes-permutations,examples,jayce,48,1.0000,3,2,3,197,163,155,177,200,4096,256,36928512,98320,98320,192
2384830,shapes-permutations,examples,jayce,48,1.0000,4,0,0,197,163,155,177,200,4096,256,36928512,98320,98320,192
2384830,shapes-permutations,examples,jayce,48,1.0000,4,1,0,198,-1,-1,-1,200,4352,272,39349248,98320,98320,192
2384830,shapes-permutations,examples,jayce,48,1.0000,4,2,0,195,162,155,177,200,5120,320,46611456,98320,98320,192
2384830,shapes-permutations,examples,jayce,48,1.0000,5,0,2,195,162,155,177,200,5120,320,46611456,98320,98320,192
2384830,shapes-permutations,examples,jayce,48,1.0000,5,1,2,-1,-1,167,-1,200,5376,336,49032192,98320,98320,192
2384830,shapes-permutations,examples,jayce,48,1.0000,5,2,2,195,154,183,177,200,6144,384,56294400,98320,98320,192
2384830,shapes-permutations,examples,jayce,48,1.0000,6,0,1,195,154,183,177,200,6144,384,56294400,98320,98320,192
2384830,shapes-permutations,examples,jayce,48,1.0000,6,1,1,-1,182,-1,-1,200,6400,400,58715136,98320,98320,192
2384830,shapes-permutations,examples,jayce,48,1.0000,6,2,1,195,177,181,159,200,7168,448,65977344,98320,98320,192
2384830,shapes-permutations,examples,jayce,48,1.0000,7,0,3,195,177,181,159,200,7168,448,65977344,98320,98320,192
2384830,shapes-permutations,examples,jayce,48,1.0000,7,1,3,-1,-1,-1,179,200,7424,464,68398080,98320,98320,192
2384830,shapes-permutations,examples,jayce,48,1.0000,7,2,3,195,178,181,177,200,8192,512,75660288,98320,98320,192
2384830,shapes-permutations,examples,jayce,48,1.0000,8,0,2,195,178,181,177,200,8192,512,75660288,98320,98320,192
2384830,shapes-permutations,examples,jayce,48,1.0000,8,1,2,-1,-1,168,-1,200,8448,528,78081024,98320,98320,192
2384830,shapes-permutations,examples,jayce,48,1.0000,8,2,2,195,178,176,169,200,9216,576,85343232,98320,98320,192
2384830,shapes-permutations,examples,jayce,48,1.0000,9,0,0,195,178,176,169,200,9216,576,85343232,98320,98320,192
2384830,shapes-permutations,examples,jayce,48,1.0000,9,1,0,193,-1,-1,-1,200,9472,592,87763968,98320,98320,192
2384830,shapes-permutations,examples,jayce,48,1.0000,9,2,0,197,178,176,168,200,10240,640,95026176,98320,98320,192
2384830,shapes-permutations,examples,jayce,48,1.0000,10,0,3,197,178,176,168,200,10240,640,95026176,98320,98320,192
2384830,shapes-permutations,examples,jayce,48,1.0000,10,1,3,-1,-1,-1,179,200,10496,656,97446912,98320,98320,192
2384830,shapes-permutations,examples,jayce,48,1.0000,10,2,3,196,178,176,174,200,11264,704,104709120,98320,98320,192
2384830,shapes-permutations,examples,jayce,48,1.0000,11,0,1,196,178,176,174,200,11264,704,104709120,98320,98320,192
2384830,shapes-permutations,examples,jayce,48,1.0000,11,1,1,-1,172,-1,-1,200,11520,720,107129856,98320,98320,192
2384830,shapes-permutations,examples,jayce,48,1.0000,11,2,1,196,183,173,174,200,12288,768,114392064,98320,98320,192
2384830,shapes-permutations,examples,backprop,0,0.0030,0,0,0,63,60,58,42,200,0,0,0,53088,53088,0
2384830,shapes-permutations,examples,backprop,0,0.0030,0,1,0,145,-1,-1,-1,200,256,16,1731840,53088,53088,0
2384830,shapes-permutations,examples,backprop,0,0.0030,0,2,0,181,88,75,79,200,1024,64,6927360,53088,53088,0
2384830,shapes-permutations,examples,backprop,0,0.0030,1,0,1,181,88,75,79,200,1024,64,6927360,53088,53088,0
2384830,shapes-permutations,examples,backprop,0,0.0030,1,1,1,-1,151,-1,-1,200,1280,80,8659200,53088,53088,0
2384830,shapes-permutations,examples,backprop,0,0.0030,1,2,1,177,180,77,93,200,2048,128,13854720,53088,53088,0
2384830,shapes-permutations,examples,backprop,0,0.0030,2,0,2,177,180,77,93,200,2048,128,13854720,53088,53088,0
2384830,shapes-permutations,examples,backprop,0,0.0030,2,1,2,-1,-1,149,-1,200,2304,144,15586560,53088,53088,0
2384830,shapes-permutations,examples,backprop,0,0.0030,2,2,2,161,161,178,87,200,3072,192,20782080,53088,53088,0
2384830,shapes-permutations,examples,backprop,0,0.0030,3,0,3,161,161,178,87,200,3072,192,20782080,53088,53088,0
2384830,shapes-permutations,examples,backprop,0,0.0030,3,1,3,-1,-1,-1,146,200,3328,208,22513920,53088,53088,0
2384830,shapes-permutations,examples,backprop,0,0.0030,3,2,3,162,155,168,177,200,4096,256,27709440,53088,53088,0
2384830,shapes-permutations,examples,backprop,0,0.0030,4,0,0,162,155,168,177,200,4096,256,27709440,53088,53088,0
2384830,shapes-permutations,examples,backprop,0,0.0030,4,1,0,170,-1,-1,-1,200,4352,272,29441280,53088,53088,0
2384830,shapes-permutations,examples,backprop,0,0.0030,4,2,0,191,156,163,175,200,5120,320,34636800,53088,53088,0
2384830,shapes-permutations,examples,backprop,0,0.0030,5,0,2,191,156,163,175,200,5120,320,34636800,53088,53088,0
2384830,shapes-permutations,examples,backprop,0,0.0030,5,1,2,-1,-1,171,-1,200,5376,336,36368640,53088,53088,0
2384830,shapes-permutations,examples,backprop,0,0.0030,5,2,2,189,155,186,173,200,6144,384,41564160,53088,53088,0
2384830,shapes-permutations,examples,backprop,0,0.0030,6,0,1,189,155,186,173,200,6144,384,41564160,53088,53088,0
2384830,shapes-permutations,examples,backprop,0,0.0030,6,1,1,-1,163,-1,-1,200,6400,400,43296000,53088,53088,0
2384830,shapes-permutations,examples,backprop,0,0.0030,6,2,1,181,183,178,168,200,7168,448,48491520,53088,53088,0
2384830,shapes-permutations,examples,backprop,0,0.0030,7,0,3,181,183,178,168,200,7168,448,48491520,53088,53088,0
2384830,shapes-permutations,examples,backprop,0,0.0030,7,1,3,-1,-1,-1,181,200,7424,464,50223360,53088,53088,0
2384830,shapes-permutations,examples,backprop,0,0.0030,7,2,3,176,179,179,189,200,8192,512,55418880,53088,53088,0
2384830,shapes-permutations,examples,backprop,0,0.0030,8,0,2,176,179,179,189,200,8192,512,55418880,53088,53088,0
2384830,shapes-permutations,examples,backprop,0,0.0030,8,1,2,-1,-1,182,-1,200,8448,528,57150720,53088,53088,0
2384830,shapes-permutations,examples,backprop,0,0.0030,8,2,2,171,172,189,183,200,9216,576,62346240,53088,53088,0
2384830,shapes-permutations,examples,backprop,0,0.0030,9,0,0,171,172,189,183,200,9216,576,62346240,53088,53088,0
2384830,shapes-permutations,examples,backprop,0,0.0030,9,1,0,186,-1,-1,-1,200,9472,592,64078080,53088,53088,0
2384830,shapes-permutations,examples,backprop,0,0.0030,9,2,0,192,171,189,191,200,10240,640,69273600,53088,53088,0
2384830,shapes-permutations,examples,backprop,0,0.0030,10,0,3,192,171,189,191,200,10240,640,69273600,53088,53088,0
2384830,shapes-permutations,examples,backprop,0,0.0030,10,1,3,-1,-1,-1,193,200,10496,656,71005440,53088,53088,0
2384830,shapes-permutations,examples,backprop,0,0.0030,10,2,3,188,163,190,194,200,11264,704,76200960,53088,53088,0
2384830,shapes-permutations,examples,backprop,0,0.0030,11,0,1,188,163,190,194,200,11264,704,76200960,53088,53088,0
2384830,shapes-permutations,examples,backprop,0,0.0030,11,1,1,-1,173,-1,-1,200,11520,720,77932800,53088,53088,0
2384830,shapes-permutations,examples,backprop,0,0.0030,11,2,1,194,195,178,188,200,12288,768,83128320,53088,53088,0
2384830,shapes-permutations,work,jayce,48,1.0000,0,0,0,50,50,50,50,200,0,0,0,16,98320,0
2384830,shapes-permutations,work,jayce,48,1.0000,0,1,0,200,-1,-1,-1,200,256,16,617472,98320,98320,192
2384830,shapes-permutations,work,jayce,48,1.0000,0,2,0,199,73,91,93,200,448,28,2433024,98320,98320,192
2384830,shapes-permutations,work,jayce,48,1.0000,1,0,1,199,73,91,93,200,448,28,2433024,98320,98320,192
2384830,shapes-permutations,work,jayce,48,1.0000,1,1,1,-1,154,-1,-1,200,512,32,3038208,98320,98320,192
2384830,shapes-permutations,work,jayce,48,1.0000,1,2,1,198,153,94,95,200,704,44,4853760,98320,98320,192
2384830,shapes-permutations,work,jayce,48,1.0000,2,0,2,198,153,94,95,200,704,44,4853760,98320,98320,192
2384830,shapes-permutations,work,jayce,48,1.0000,2,1,2,-1,-1,157,-1,200,768,48,5458944,98320,98320,192
2384830,shapes-permutations,work,jayce,48,1.0000,2,2,2,198,147,173,94,200,960,60,7274496,98320,98320,192
2384830,shapes-permutations,work,jayce,48,1.0000,3,0,3,198,147,173,94,200,960,60,7274496,98320,98320,192
2384830,shapes-permutations,work,jayce,48,1.0000,3,1,3,-1,-1,-1,149,200,1024,64,7879680,98320,98320,192
2384830,shapes-permutations,work,jayce,48,1.0000,3,2,3,195,126,168,166,200,1216,76,9695232,98320,98320,192
2384830,shapes-permutations,work,jayce,48,1.0000,4,0,0,195,126,168,166,200,1216,76,9695232,98320,98320,192
2384830,shapes-permutations,work,jayce,48,1.0000,4,1,0,200,-1,-1,-1,200,1280,80,10300416,98320,98320,192
2384830,shapes-permutations,work,jayce,48,1.0000,4,2,0,199,127,168,165,200,1472,92,12115968,98320,98320,192
2384830,shapes-permutations,work,jayce,48,1.0000,5,0,2,199,127,168,165,200,1472,92,12115968,98320,98320,192
2384830,shapes-permutations,work,jayce,48,1.0000,5,1,2,-1,-1,176,-1,200,1536,96,12721152,98320,98320,192
2384830,shapes-permutations,work,jayce,48,1.0000,5,2,2,199,124,172,156,200,1728,108,14536704,98320,98320,192
2384830,shapes-permutations,work,jayce,48,1.0000,6,0,1,199,124,172,156,200,1728,108,14536704,98320,98320,192
2384830,shapes-permutations,work,jayce,48,1.0000,6,1,1,-1,167,-1,-1,200,1792,112,15141888,98320,98320,192
2384830,shapes-permutations,work,jayce,48,1.0000,6,2,1,199,176,168,145,200,1984,124,16957440,98320,98320,192
2384830,shapes-permutations,work,jayce,48,1.0000,7,0,3,199,176,168,145,200,1984,124,16957440,98320,98320,192
2384830,shapes-permutations,work,jayce,48,1.0000,7,1,3,-1,-1,-1,174,200,2048,128,17562624,98320,98320,192
2384830,shapes-permutations,work,jayce,48,1.0000,7,2,3,199,159,167,179,200,2240,140,19378176,98320,98320,192
2384830,shapes-permutations,work,jayce,48,1.0000,8,0,2,199,159,167,179,200,2240,140,19378176,98320,98320,192
2384830,shapes-permutations,work,jayce,48,1.0000,8,1,2,-1,-1,163,-1,200,2304,144,19983360,98320,98320,192
2384830,shapes-permutations,work,jayce,48,1.0000,8,2,2,198,159,168,179,200,2496,156,21798912,98320,98320,192
2384830,shapes-permutations,work,jayce,48,1.0000,9,0,0,198,159,168,179,200,2496,156,21798912,98320,98320,192
2384830,shapes-permutations,work,jayce,48,1.0000,9,1,0,198,-1,-1,-1,200,2560,160,22404096,98320,98320,192
2384830,shapes-permutations,work,jayce,48,1.0000,9,2,0,192,159,168,179,200,2752,172,24219648,98320,98320,192
2384830,shapes-permutations,work,jayce,48,1.0000,10,0,3,192,159,168,179,200,2752,172,24219648,98320,98320,192
2384830,shapes-permutations,work,jayce,48,1.0000,10,1,3,-1,-1,-1,165,200,2816,176,24824832,98320,98320,192
2384830,shapes-permutations,work,jayce,48,1.0000,10,2,3,192,159,168,181,200,3008,188,26640384,98320,98320,192
2384830,shapes-permutations,work,jayce,48,1.0000,11,0,1,192,159,168,181,200,3008,188,26640384,98320,98320,192
2384830,shapes-permutations,work,jayce,48,1.0000,11,1,1,-1,163,-1,-1,200,3072,192,27245568,98320,98320,192
2384830,shapes-permutations,work,jayce,48,1.0000,11,2,1,189,175,169,172,200,3264,204,29061120,98320,98320,192
2384830,shapes-permutations,work,backprop,0,0.0100,0,0,0,63,60,58,42,200,0,0,0,53088,53088,0
2384830,shapes-permutations,work,backprop,0,0.0100,0,1,0,142,-1,-1,-1,200,80,5,541200,53088,53088,0
2384830,shapes-permutations,work,backprop,0,0.0100,0,2,0,180,93,81,92,200,368,23,2489520,53088,53088,0
2384830,shapes-permutations,work,backprop,0,0.0100,1,0,1,180,93,81,92,200,368,23,2489520,53088,53088,0
2384830,shapes-permutations,work,backprop,0,0.0100,1,1,1,-1,141,-1,-1,200,448,28,3030720,53088,53088,0
2384830,shapes-permutations,work,backprop,0,0.0100,1,2,1,161,172,81,101,200,736,46,4979040,53088,53088,0
2384830,shapes-permutations,work,backprop,0,0.0100,2,0,2,161,172,81,101,200,736,46,4979040,53088,53088,0
2384830,shapes-permutations,work,backprop,0,0.0100,2,1,2,-1,-1,116,-1,200,816,51,5520240,53088,53088,0
2384830,shapes-permutations,work,backprop,0,0.0100,2,2,2,155,151,167,101,200,1104,69,7468560,53088,53088,0
2384830,shapes-permutations,work,backprop,0,0.0100,3,0,3,155,151,167,101,200,1104,69,7468560,53088,53088,0
2384830,shapes-permutations,work,backprop,0,0.0100,3,1,3,-1,-1,-1,131,200,1184,74,8009760,53088,53088,0
2384830,shapes-permutations,work,backprop,0,0.0100,3,2,3,155,153,163,171,200,1472,92,9958080,53088,53088,0
2384830,shapes-permutations,work,backprop,0,0.0100,4,0,0,155,153,163,171,200,1472,92,9958080,53088,53088,0
2384830,shapes-permutations,work,backprop,0,0.0100,4,1,0,160,-1,-1,-1,200,1552,97,10499280,53088,53088,0
2384830,shapes-permutations,work,backprop,0,0.0100,4,2,0,178,157,149,161,200,1840,115,12447600,53088,53088,0
2384830,shapes-permutations,work,backprop,0,0.0100,5,0,2,178,157,149,161,200,1840,115,12447600,53088,53088,0
2384830,shapes-permutations,work,backprop,0,0.0100,5,1,2,-1,-1,161,-1,200,1920,120,12988800,53088,53088,0
2384830,shapes-permutations,work,backprop,0,0.0100,5,2,2,168,159,174,173,200,2208,138,14937120,53088,53088,0
2384830,shapes-permutations,work,backprop,0,0.0100,6,0,1,168,159,174,173,200,2208,138,14937120,53088,53088,0
2384830,shapes-permutations,work,backprop,0,0.0100,6,1,1,-1,160,-1,-1,200,2288,143,15478320,53088,53088,0
2384830,shapes-permutations,work,backprop,0,0.0100,6,2,1,157,178,163,164,200,2576,161,17426640,53088,53088,0
2384830,shapes-permutations,work,backprop,0,0.0100,7,0,3,157,178,163,164,200,2576,161,17426640,53088,53088,0
2384830,shapes-permutations,work,backprop,0,0.0100,7,1,3,-1,-1,-1,164,200,2656,166,17967840,53088,53088,0
2384830,shapes-permutations,work,backprop,0,0.0100,7,2,3,171,178,158,179,200,2944,184,19916160,53088,53088,0
2384830,shapes-permutations,work,backprop,0,0.0100,8,0,2,171,178,158,179,200,2944,184,19916160,53088,53088,0
2384830,shapes-permutations,work,backprop,0,0.0100,8,1,2,-1,-1,181,-1,200,3024,189,20457360,53088,53088,0
2384830,shapes-permutations,work,backprop,0,0.0100,8,2,2,161,167,186,172,200,3312,207,22405680,53088,53088,0
2384830,shapes-permutations,work,backprop,0,0.0100,9,0,0,161,167,186,172,200,3312,207,22405680,53088,53088,0
2384830,shapes-permutations,work,backprop,0,0.0100,9,1,0,174,-1,-1,-1,200,3392,212,22946880,53088,53088,0
2384830,shapes-permutations,work,backprop,0,0.0100,9,2,0,180,161,182,168,200,3680,230,24895200,53088,53088,0
2384830,shapes-permutations,work,backprop,0,0.0100,10,0,3,180,161,182,168,200,3680,230,24895200,53088,53088,0
2384830,shapes-permutations,work,backprop,0,0.0100,10,1,3,-1,-1,-1,177,200,3760,235,25436400,53088,53088,0
2384830,shapes-permutations,work,backprop,0,0.0100,10,2,3,171,166,175,187,200,4048,253,27384720,53088,53088,0
2384830,shapes-permutations,work,backprop,0,0.0100,11,0,1,171,166,175,187,200,4048,253,27384720,53088,53088,0
2384830,shapes-permutations,work,backprop,0,0.0100,11,1,1,-1,177,-1,-1,200,4128,258,27925920,53088,53088,0
2384830,shapes-permutations,work,backprop,0,0.0100,11,2,1,185,184,175,170,200,4416,276,29874240,53088,53088,0
2384830,shapes-permutations,memory,jayce,24,0.6000,0,0,0,50,50,50,50,200,0,0,0,16,49168,0
2384830,shapes-permutations,memory,jayce,24,0.6000,0,1,0,200,-1,-1,-1,200,256,16,777984,49168,49168,96
2384830,shapes-permutations,memory,jayce,24,0.6000,0,2,0,198,70,91,86,200,1024,64,4482816,49168,49168,96
2384830,shapes-permutations,memory,jayce,24,0.6000,1,0,1,198,70,91,86,200,1024,64,4482816,49168,49168,96
2384830,shapes-permutations,memory,jayce,24,0.6000,1,1,1,-1,143,-1,-1,200,1280,80,5717760,49168,49168,96
2384830,shapes-permutations,memory,jayce,24,0.6000,1,2,1,192,164,83,87,200,2048,128,9422592,49168,49168,96
2384830,shapes-permutations,memory,jayce,24,0.6000,2,0,2,192,164,83,87,200,2048,128,9422592,49168,49168,96
2384830,shapes-permutations,memory,jayce,24,0.6000,2,1,2,-1,-1,179,-1,200,2304,144,10657536,49168,49168,96
2384830,shapes-permutations,memory,jayce,24,0.6000,2,2,2,181,152,169,83,200,3072,192,14362368,49168,49168,96
2384830,shapes-permutations,memory,jayce,24,0.6000,3,0,3,181,152,169,83,200,3072,192,14362368,49168,49168,96
2384830,shapes-permutations,memory,jayce,24,0.6000,3,1,3,-1,-1,-1,165,200,3328,208,15597312,49168,49168,96
2384830,shapes-permutations,memory,jayce,24,0.6000,3,2,3,176,143,135,186,200,4096,256,19302144,49168,49168,96
2384830,shapes-permutations,memory,jayce,24,0.6000,4,0,0,176,143,135,186,200,4096,256,19302144,49168,49168,96
2384830,shapes-permutations,memory,jayce,24,0.6000,4,1,0,199,-1,-1,-1,200,4352,272,20537088,49168,49168,96
2384830,shapes-permutations,memory,jayce,24,0.6000,4,2,0,199,140,137,186,200,5120,320,24241920,49168,49168,96
2384830,shapes-permutations,memory,jayce,24,0.6000,5,0,2,199,140,137,186,200,5120,320,24241920,49168,49168,96
2384830,shapes-permutations,memory,jayce,24,0.6000,5,1,2,-1,-1,170,-1,200,5376,336,25476864,49168,49168,96
2384830,shapes-permutations,memory,jayce,24,0.6000,5,2,2,196,141,172,179,200,6144,384,29181696,49168,49168,96
2384830,shapes-permutations,memory,jayce,24,0.6000,6,0,1,196,141,172,179,200,6144,384,29181696,49168,49168,96
2384830,shapes-permutations,memory,jayce,24,0.6000,6,1,1,-1,169,-1,-1,200,6400,400,30416640,49168,49168,96
2384830,shapes-permutations,memory,jayce,24,0.6000,6,2,1,191,164,150,158,200,7168,448,34121472,49168,49168,96
2384830,shapes-permutations,memory,jayce,24,0.6000,7,0,3,191,164,150,158,200,7168,448,34121472,49168,49168,96
2384830,shapes-permutations,memory,jayce,24,0.6000,7,1,3,-1,-1,-1,177,200,7424,464,35356416,49168,49168,96
2384830,shapes-permutations,memory,jayce,24,0.6000,7,2,3,192,164,148,179,200,8192,512,39061248,49168,49168,96
2384830,shapes-permutations,memory,jayce,24,0.6000,8,0,2,192,164,148,179,200,8192,512,39061248,49168,49168,96
2384830,shapes-permutations,memory,jayce,24,0.6000,8,1,2,-1,-1,166,-1,200,8448,528,40296192,49168,49168,96
2384830,shapes-permutations,memory,jayce,24,0.6000,8,2,2,192,164,175,169,200,9216,576,44001024,49168,49168,96
2384830,shapes-permutations,memory,jayce,24,0.6000,9,0,0,192,164,175,169,200,9216,576,44001024,49168,49168,96
2384830,shapes-permutations,memory,jayce,24,0.6000,9,1,0,196,-1,-1,-1,200,9472,592,45235968,49168,49168,96
2384830,shapes-permutations,memory,jayce,24,0.6000,9,2,0,199,164,175,168,200,10240,640,48940800,49168,49168,96
2384830,shapes-permutations,memory,jayce,24,0.6000,10,0,3,199,164,175,168,200,10240,640,48940800,49168,49168,96
2384830,shapes-permutations,memory,jayce,24,0.6000,10,1,3,-1,-1,-1,185,200,10496,656,50175744,49168,49168,96
2384830,shapes-permutations,memory,jayce,24,0.6000,10,2,3,198,164,175,170,200,11264,704,53880576,49168,49168,96
2384830,shapes-permutations,memory,jayce,24,0.6000,11,0,1,198,164,175,170,200,11264,704,53880576,49168,49168,96
2384830,shapes-permutations,memory,jayce,24,0.6000,11,1,1,-1,175,-1,-1,200,11520,720,55115520,49168,49168,96
2384830,shapes-permutations,memory,jayce,24,0.6000,11,2,1,198,169,176,168,200,12288,768,58820352,49168,49168,96
2384830,shapes-permutations,memory,backprop,0,0.0030,0,0,0,63,60,58,42,200,0,0,0,53088,53088,0
2384830,shapes-permutations,memory,backprop,0,0.0030,0,1,0,145,-1,-1,-1,200,256,16,1731840,53088,53088,0
2384830,shapes-permutations,memory,backprop,0,0.0030,0,2,0,181,88,75,79,200,1024,64,6927360,53088,53088,0
2384830,shapes-permutations,memory,backprop,0,0.0030,1,0,1,181,88,75,79,200,1024,64,6927360,53088,53088,0
2384830,shapes-permutations,memory,backprop,0,0.0030,1,1,1,-1,151,-1,-1,200,1280,80,8659200,53088,53088,0
2384830,shapes-permutations,memory,backprop,0,0.0030,1,2,1,177,180,77,93,200,2048,128,13854720,53088,53088,0
2384830,shapes-permutations,memory,backprop,0,0.0030,2,0,2,177,180,77,93,200,2048,128,13854720,53088,53088,0
2384830,shapes-permutations,memory,backprop,0,0.0030,2,1,2,-1,-1,149,-1,200,2304,144,15586560,53088,53088,0
2384830,shapes-permutations,memory,backprop,0,0.0030,2,2,2,161,161,178,87,200,3072,192,20782080,53088,53088,0
2384830,shapes-permutations,memory,backprop,0,0.0030,3,0,3,161,161,178,87,200,3072,192,20782080,53088,53088,0
2384830,shapes-permutations,memory,backprop,0,0.0030,3,1,3,-1,-1,-1,146,200,3328,208,22513920,53088,53088,0
2384830,shapes-permutations,memory,backprop,0,0.0030,3,2,3,162,155,168,177,200,4096,256,27709440,53088,53088,0
2384830,shapes-permutations,memory,backprop,0,0.0030,4,0,0,162,155,168,177,200,4096,256,27709440,53088,53088,0
2384830,shapes-permutations,memory,backprop,0,0.0030,4,1,0,170,-1,-1,-1,200,4352,272,29441280,53088,53088,0
2384830,shapes-permutations,memory,backprop,0,0.0030,4,2,0,191,156,163,175,200,5120,320,34636800,53088,53088,0
2384830,shapes-permutations,memory,backprop,0,0.0030,5,0,2,191,156,163,175,200,5120,320,34636800,53088,53088,0
2384830,shapes-permutations,memory,backprop,0,0.0030,5,1,2,-1,-1,171,-1,200,5376,336,36368640,53088,53088,0
2384830,shapes-permutations,memory,backprop,0,0.0030,5,2,2,189,155,186,173,200,6144,384,41564160,53088,53088,0
2384830,shapes-permutations,memory,backprop,0,0.0030,6,0,1,189,155,186,173,200,6144,384,41564160,53088,53088,0
2384830,shapes-permutations,memory,backprop,0,0.0030,6,1,1,-1,163,-1,-1,200,6400,400,43296000,53088,53088,0
2384830,shapes-permutations,memory,backprop,0,0.0030,6,2,1,181,183,178,168,200,7168,448,48491520,53088,53088,0
2384830,shapes-permutations,memory,backprop,0,0.0030,7,0,3,181,183,178,168,200,7168,448,48491520,53088,53088,0
2384830,shapes-permutations,memory,backprop,0,0.0030,7,1,3,-1,-1,-1,181,200,7424,464,50223360,53088,53088,0
2384830,shapes-permutations,memory,backprop,0,0.0030,7,2,3,176,179,179,189,200,8192,512,55418880,53088,53088,0
2384830,shapes-permutations,memory,backprop,0,0.0030,8,0,2,176,179,179,189,200,8192,512,55418880,53088,53088,0
2384830,shapes-permutations,memory,backprop,0,0.0030,8,1,2,-1,-1,182,-1,200,8448,528,57150720,53088,53088,0
2384830,shapes-permutations,memory,backprop,0,0.0030,8,2,2,171,172,189,183,200,9216,576,62346240,53088,53088,0
2384830,shapes-permutations,memory,backprop,0,0.0030,9,0,0,171,172,189,183,200,9216,576,62346240,53088,53088,0
2384830,shapes-permutations,memory,backprop,0,0.0030,9,1,0,186,-1,-1,-1,200,9472,592,64078080,53088,53088,0
2384830,shapes-permutations,memory,backprop,0,0.0030,9,2,0,192,171,189,191,200,10240,640,69273600,53088,53088,0
2384830,shapes-permutations,memory,backprop,0,0.0030,10,0,3,192,171,189,191,200,10240,640,69273600,53088,53088,0
2384830,shapes-permutations,memory,backprop,0,0.0030,10,1,3,-1,-1,-1,193,200,10496,656,71005440,53088,53088,0
2384830,shapes-permutations,memory,backprop,0,0.0030,10,2,3,188,163,190,194,200,11264,704,76200960,53088,53088,0
2384830,shapes-permutations,memory,backprop,0,0.0030,11,0,1,188,163,190,194,200,11264,704,76200960,53088,53088,0
2384830,shapes-permutations,memory,backprop,0,0.0030,11,1,1,-1,173,-1,-1,200,11520,720,77932800,53088,53088,0
2384830,shapes-permutations,memory,backprop,0,0.0030,11,2,1,194,195,178,188,200,12288,768,83128320,53088,53088,0
2489559,shapes-permutations,examples,jayce,48,1.0000,0,0,0,50,50,50,50,200,0,0,0,16,98320,0
2489559,shapes-permutations,examples,jayce,48,1.0000,0,1,0,197,-1,-1,-1,200,256,16,617472,98320,98320,192
2489559,shapes-permutations,examples,jayce,48,1.0000,0,2,0,198,73,71,92,200,1024,64,7879680,98320,98320,192
2489559,shapes-permutations,examples,jayce,48,1.0000,1,0,1,198,73,71,92,200,1024,64,7879680,98320,98320,192
2489559,shapes-permutations,examples,jayce,48,1.0000,1,1,1,-1,162,-1,-1,200,1280,80,10300416,98320,98320,192
2489559,shapes-permutations,examples,jayce,48,1.0000,1,2,1,192,176,80,102,200,2048,128,17562624,98320,98320,192
2489559,shapes-permutations,examples,jayce,48,1.0000,2,0,2,192,176,80,102,200,2048,128,17562624,98320,98320,192
2489559,shapes-permutations,examples,jayce,48,1.0000,2,1,2,-1,-1,166,-1,200,2304,144,19983360,98320,98320,192
2489559,shapes-permutations,examples,jayce,48,1.0000,2,2,2,186,165,186,101,200,3072,192,27245568,98320,98320,192
2489559,shapes-permutations,examples,jayce,48,1.0000,3,0,3,186,165,186,101,200,3072,192,27245568,98320,98320,192
2489559,shapes-permutations,examples,jayce,48,1.0000,3,1,3,-1,-1,-1,173,200,3328,208,29666304,98320,98320,192
2489559,shapes-permutations,examples,jayce,48,1.0000,3,2,3,184,129,185,168,200,4096,256,36928512,98320,98320,192
2489559,shapes-permutations,examples,jayce,48,1.0000,4,0,0,184,129,185,168,200,4096,256,36928512,98320,98320,192
2489559,shapes-permutations,examples,jayce,48,1.0000,4,1,0,197,-1,-1,-1,200,4352,272,39349248,98320,98320,192
2489559,shapes-permutations,examples,jayce,48,1.0000,4,2,0,194,126,185,168,200,5120,320,46611456,98320,98320,192
2489559,shapes-permutations,examples,jayce,48,1.0000,5,0,2,194,126,185,168,200,5120,320,46611456,98320,98320,192
2489559,shapes-permutations,examples,jayce,48,1.0000,5,1,2,-1,-1,177,-1,200,5376,336,49032192,98320,98320,192
2489559,shapes-permutations,examples,jayce,48,1.0000,5,2,2,194,128,181,167,200,6144,384,56294400,98320,98320,192
2489559,shapes-permutations,examples,jayce,48,1.0000,6,0,1,194,128,181,167,200,6144,384,56294400,98320,98320,192
2489559,shapes-permutations,examples,jayce,48,1.0000,6,1,1,-1,169,-1,-1,200,6400,400,58715136,98320,98320,192
2489559,shapes-permutations,examples,jayce,48,1.0000,6,2,1,194,181,158,165,200,7168,448,65977344,98320,98320,192
2489559,shapes-permutations,examples,jayce,48,1.0000,7,0,3,194,181,158,165,200,7168,448,65977344,98320,98320,192
2489559,shapes-permutations,examples,jayce,48,1.0000,7,1,3,-1,-1,-1,173,200,7424,464,68398080,98320,98320,192
2489559,shapes-permutations,examples,jayce,48,1.0000,7,2,3,192,180,153,180,200,8192,512,75660288,98320,98320,192
2489559,shapes-permutations,examples,jayce,48,1.0000,8,0,2,192,180,153,180,200,8192,512,75660288,98320,98320,192
2489559,shapes-permutations,examples,jayce,48,1.0000,8,1,2,-1,-1,169,-1,200,8448,528,78081024,98320,98320,192
2489559,shapes-permutations,examples,jayce,48,1.0000,8,2,2,193,180,170,173,200,9216,576,85343232,98320,98320,192
2489559,shapes-permutations,examples,jayce,48,1.0000,9,0,0,193,180,170,173,200,9216,576,85343232,98320,98320,192
2489559,shapes-permutations,examples,jayce,48,1.0000,9,1,0,199,-1,-1,-1,200,9472,592,87763968,98320,98320,192
2489559,shapes-permutations,examples,jayce,48,1.0000,9,2,0,200,180,170,173,200,10240,640,95026176,98320,98320,192
2489559,shapes-permutations,examples,jayce,48,1.0000,10,0,3,200,180,170,173,200,10240,640,95026176,98320,98320,192
2489559,shapes-permutations,examples,jayce,48,1.0000,10,1,3,-1,-1,-1,184,200,10496,656,97446912,98320,98320,192
2489559,shapes-permutations,examples,jayce,48,1.0000,10,2,3,200,180,169,183,200,11264,704,104709120,98320,98320,192
2489559,shapes-permutations,examples,jayce,48,1.0000,11,0,1,200,180,169,183,200,11264,704,104709120,98320,98320,192
2489559,shapes-permutations,examples,jayce,48,1.0000,11,1,1,-1,184,-1,-1,200,11520,720,107129856,98320,98320,192
2489559,shapes-permutations,examples,jayce,48,1.0000,11,2,1,193,181,171,183,200,12288,768,114392064,98320,98320,192
2489559,shapes-permutations,examples,backprop,0,0.0030,0,0,0,32,81,50,54,200,0,0,0,53088,53088,0
2489559,shapes-permutations,examples,backprop,0,0.0030,0,1,0,129,-1,-1,-1,200,256,16,1731840,53088,53088,0
2489559,shapes-permutations,examples,backprop,0,0.0030,0,2,0,188,102,97,92,200,1024,64,6927360,53088,53088,0
2489559,shapes-permutations,examples,backprop,0,0.0030,1,0,1,188,102,97,92,200,1024,64,6927360,53088,53088,0
2489559,shapes-permutations,examples,backprop,0,0.0030,1,1,1,-1,151,-1,-1,200,1280,80,8659200,53088,53088,0
2489559,shapes-permutations,examples,backprop,0,0.0030,1,2,1,176,182,98,103,200,2048,128,13854720,53088,53088,0
2489559,shapes-permutations,examples,backprop,0,0.0030,2,0,2,176,182,98,103,200,2048,128,13854720,53088,53088,0
2489559,shapes-permutations,examples,backprop,0,0.0030,2,1,2,-1,-1,151,-1,200,2304,144,15586560,53088,53088,0
2489559,shapes-permutations,examples,backprop,0,0.0030,2,2,2,167,166,184,114,200,3072,192,20782080,53088,53088,0
2489559,shapes-permutations,examples,backprop,0,0.0030,3,0,3,167,166,184,114,200,3072,192,20782080,53088,53088,0
2489559,shapes-permutations,examples,backprop,0,0.0030,3,1,3,-1,-1,-1,151,200,3328,208,22513920,53088,53088,0
2489559,shapes-permutations,examples,backprop,0,0.0030,3,2,3,168,161,178,187,200,4096,256,27709440,53088,53088,0
2489559,shapes-permutations,examples,backprop,0,0.0030,4,0,0,168,161,178,187,200,4096,256,27709440,53088,53088,0
2489559,shapes-permutations,examples,backprop,0,0.0030,4,1,0,184,-1,-1,-1,200,4352,272,29441280,53088,53088,0
2489559,shapes-permutations,examples,backprop,0,0.0030,4,2,0,192,161,173,182,200,5120,320,34636800,53088,53088,0
2489559,shapes-permutations,examples,backprop,0,0.0030,5,0,2,192,161,173,182,200,5120,320,34636800,53088,53088,0
2489559,shapes-permutations,examples,backprop,0,0.0030,5,1,2,-1,-1,177,-1,200,5376,336,36368640,53088,53088,0
2489559,shapes-permutations,examples,backprop,0,0.0030,5,2,2,189,153,195,167,200,6144,384,41564160,53088,53088,0
2489559,shapes-permutations,examples,backprop,0,0.0030,6,0,1,189,153,195,167,200,6144,384,41564160,53088,53088,0
2489559,shapes-permutations,examples,backprop,0,0.0030,6,1,1,-1,168,-1,-1,200,6400,400,43296000,53088,53088,0
2489559,shapes-permutations,examples,backprop,0,0.0030,6,2,1,180,185,191,166,200,7168,448,48491520,53088,53088,0
2489559,shapes-permutations,examples,backprop,0,0.0030,7,0,3,180,185,191,166,200,7168,448,48491520,53088,53088,0
2489559,shapes-permutations,examples,backprop,0,0.0030,7,1,3,-1,-1,-1,183,200,7424,464,50223360,53088,53088,0
2489559,shapes-permutations,examples,backprop,0,0.0030,7,2,3,186,186,181,195,200,8192,512,55418880,53088,53088,0
2489559,shapes-permutations,examples,backprop,0,0.0030,8,0,2,186,186,181,195,200,8192,512,55418880,53088,53088,0
2489559,shapes-permutations,examples,backprop,0,0.0030,8,1,2,-1,-1,188,-1,200,8448,528,57150720,53088,53088,0
2489559,shapes-permutations,examples,backprop,0,0.0030,8,2,2,182,178,194,190,200,9216,576,62346240,53088,53088,0
2489559,shapes-permutations,examples,backprop,0,0.0030,9,0,0,182,178,194,190,200,9216,576,62346240,53088,53088,0
2489559,shapes-permutations,examples,backprop,0,0.0030,9,1,0,188,-1,-1,-1,200,9472,592,64078080,53088,53088,0
2489559,shapes-permutations,examples,backprop,0,0.0030,9,2,0,195,170,192,183,200,10240,640,69273600,53088,53088,0
2489559,shapes-permutations,examples,backprop,0,0.0030,10,0,3,195,170,192,183,200,10240,640,69273600,53088,53088,0
2489559,shapes-permutations,examples,backprop,0,0.0030,10,1,3,-1,-1,-1,187,200,10496,656,71005440,53088,53088,0
2489559,shapes-permutations,examples,backprop,0,0.0030,10,2,3,192,168,186,199,200,11264,704,76200960,53088,53088,0
2489559,shapes-permutations,examples,backprop,0,0.0030,11,0,1,192,168,186,199,200,11264,704,76200960,53088,53088,0
2489559,shapes-permutations,examples,backprop,0,0.0030,11,1,1,-1,185,-1,-1,200,11520,720,77932800,53088,53088,0
2489559,shapes-permutations,examples,backprop,0,0.0030,11,2,1,192,189,182,197,200,12288,768,83128320,53088,53088,0
2489559,shapes-permutations,work,jayce,48,1.0000,0,0,0,50,50,50,50,200,0,0,0,16,98320,0
2489559,shapes-permutations,work,jayce,48,1.0000,0,1,0,197,-1,-1,-1,200,256,16,617472,98320,98320,192
2489559,shapes-permutations,work,jayce,48,1.0000,0,2,0,196,70,81,97,200,448,28,2433024,98320,98320,192
2489559,shapes-permutations,work,jayce,48,1.0000,1,0,1,196,70,81,97,200,448,28,2433024,98320,98320,192
2489559,shapes-permutations,work,jayce,48,1.0000,1,1,1,-1,159,-1,-1,200,512,32,3038208,98320,98320,192
2489559,shapes-permutations,work,jayce,48,1.0000,1,2,1,195,161,72,87,200,704,44,4853760,98320,98320,192
2489559,shapes-permutations,work,jayce,48,1.0000,2,0,2,195,161,72,87,200,704,44,4853760,98320,98320,192
2489559,shapes-permutations,work,jayce,48,1.0000,2,1,2,-1,-1,153,-1,200,768,48,5458944,98320,98320,192
2489559,shapes-permutations,work,jayce,48,1.0000,2,2,2,190,151,156,97,200,960,60,7274496,98320,98320,192
2489559,shapes-permutations,work,jayce,48,1.0000,3,0,3,190,151,156,97,200,960,60,7274496,98320,98320,192
2489559,shapes-permutations,work,jayce,48,1.0000,3,1,3,-1,-1,-1,162,200,1024,64,7879680,98320,98320,192
2489559,shapes-permutations,work,jayce,48,1.0000,3,2,3,189,136,155,174,200,1216,76,9695232,98320,98320,192
2489559,shapes-permutations,work,jayce,48,1.0000,4,0,0,189,136,155,174,200,1216,76,9695232,98320,98320,192
2489559,shapes-permutations,work,jayce,48,1.0000,4,1,0,194,-1,-1,-1,200,1280,80,10300416,98320,98320,192
2489559,shapes-permutations,work,jayce,48,1.0000,4,2,0,197,137,155,174,200,1472,92,12115968,98320,98320,192
2489559,shapes-permutations,work,jayce,48,1.0000,5,0,2,197,137,155,174,200,1472,92,12115968,98320,98320,192
2489559,shapes-permutations,work,jayce,48,1.0000,5,1,2,-1,-1,167,-1,200,1536,96,12721152,98320,98320,192
2489559,shapes-permutations,work,jayce,48,1.0000,5,2,2,197,135,161,174,200,1728,108,14536704,98320,98320,192
2489559,shapes-permutations,work,jayce,48,1.0000,6,0,1,197,135,161,174,200,1728,108,14536704,98320,98320,192
2489559,shapes-permutations,work,jayce,48,1.0000,6,1,1,-1,162,-1,-1,200,1792,112,15141888,98320,98320,192
2489559,shapes-permutations,work,jayce,48,1.0000,6,2,1,197,174,159,174,200,1984,124,16957440,98320,98320,192
2489559,shapes-permutations,work,jayce,48,1.0000,7,0,3,197,174,159,174,200,1984,124,16957440,98320,98320,192
2489559,shapes-permutations,work,jayce,48,1.0000,7,1,3,-1,-1,-1,171,200,2048,128,17562624,98320,98320,192
2489559,shapes-permutations,work,jayce,48,1.0000,7,2,3,197,174,158,173,200,2240,140,19378176,98320,98320,192
2489559,shapes-permutations,work,jayce,48,1.0000,8,0,2,197,174,158,173,200,2240,140,19378176,98320,98320,192
2489559,shapes-permutations,work,jayce,48,1.0000,8,1,2,-1,-1,152,-1,200,2304,144,19983360,98320,98320,192
2489559,shapes-permutations,work,jayce,48,1.0000,8,2,2,195,168,169,166,200,2496,156,21798912,98320,98320,192
2489559,shapes-permutations,work,jayce,48,1.0000,9,0,0,195,168,169,166,200,2496,156,21798912,98320,98320,192
2489559,shapes-permutations,work,jayce,48,1.0000,9,1,0,193,-1,-1,-1,200,2560,160,22404096,98320,98320,192
2489559,shapes-permutations,work,jayce,48,1.0000,9,2,0,198,167,169,166,200,2752,172,24219648,98320,98320,192
2489559,shapes-permutations,work,jayce,48,1.0000,10,0,3,198,167,169,166,200,2752,172,24219648,98320,98320,192
2489559,shapes-permutations,work,jayce,48,1.0000,10,1,3,-1,-1,-1,166,200,2816,176,24824832,98320,98320,192
2489559,shapes-permutations,work,jayce,48,1.0000,10,2,3,197,167,168,185,200,3008,188,26640384,98320,98320,192
2489559,shapes-permutations,work,jayce,48,1.0000,11,0,1,197,167,168,185,200,3008,188,26640384,98320,98320,192
2489559,shapes-permutations,work,jayce,48,1.0000,11,1,1,-1,157,-1,-1,200,3072,192,27245568,98320,98320,192
2489559,shapes-permutations,work,jayce,48,1.0000,11,2,1,197,178,168,185,200,3264,204,29061120,98320,98320,192
2489559,shapes-permutations,work,backprop,0,0.0100,0,0,0,32,81,50,54,200,0,0,0,53088,53088,0
2489559,shapes-permutations,work,backprop,0,0.0100,0,1,0,121,-1,-1,-1,200,80,5,541200,53088,53088,0
2489559,shapes-permutations,work,backprop,0,0.0100,0,2,0,186,100,102,92,200,368,23,2489520,53088,53088,0
2489559,shapes-permutations,work,backprop,0,0.0100,1,0,1,186,100,102,92,200,368,23,2489520,53088,53088,0
2489559,shapes-permutations,work,backprop,0,0.0100,1,1,1,-1,135,-1,-1,200,448,28,3030720,53088,53088,0
2489559,shapes-permutations,work,backprop,0,0.0100,1,2,1,165,171,96,109,200,736,46,4979040,53088,53088,0
2489559,shapes-permutations,work,backprop,0,0.0100,2,0,2,165,171,96,109,200,736,46,4979040,53088,53088,0
2489559,shapes-permutations,work,backprop,0,0.0100,2,1,2,-1,-1,133,-1,200,816,51,5520240,53088,53088,0
2489559,shapes-permutations,work,backprop,0,0.0100,2,2,2,156,158,176,116,200,1104,69,7468560,53088,53088,0
2489559,shapes-permutations,work,backprop,0,0.0100,3,0,3,156,158,176,116,200,1104,69,7468560,53088,53088,0
2489559,shapes-permutations,work,backprop,0,0.0100,3,1,3,-1,-1,-1,136,200,1184,74,8009760,53088,53088,0
2489559,shapes-permutations,work,backprop,0,0.0100,3,2,3,149,150,168,176,200,1472,92,9958080,53088,53088,0
2489559,shapes-permutations,work,backprop,0,0.0100,4,0,0,149,150,168,176,200,1472,92,9958080,53088,53088,0
2489559,shapes-permutations,work,backprop,0,0.0100,4,1,0,167,-1,-1,-1,200,1552,97,10499280,53088,53088,0
2489559,shapes-permutations,work,backprop,0,0.0100,4,2,0,183,157,165,174,200,1840,115,12447600,53088,53088,0
2489559,shapes-permutations,work,backprop,0,0.0100,5,0,2,183,157,165,174,200,1840,115,12447600,53088,53088,0
2489559,shapes-permutations,work,backprop,0,0.0100,5,1,2,-1,-1,164,-1,200,1920,120,12988800,53088,53088,0
2489559,shapes-permutations,work,backprop,0,0.0100,5,2,2,177,151,181,166,200,2208,138,14937120,53088,53088,0
2489559,shapes-permutations,work,backprop,0,0.0100,6,0,1,177,151,181,166,200,2208,138,14937120,53088,53088,0
2489559,shapes-permutations,work,backprop,0,0.0100,6,1,1,-1,161,-1,-1,200,2288,143,15478320,53088,53088,0
2489559,shapes-permutations,work,backprop,0,0.0100,6,2,1,165,176,181,172,200,2576,161,17426640,53088,53088,0
2489559,shapes-permutations,work,backprop,0,0.0100,7,0,3,165,176,181,172,200,2576,161,17426640,53088,53088,0
2489559,shapes-permutations,work,backprop,0,0.0100,7,1,3,-1,-1,-1,174,200,2656,166,17967840,53088,53088,0
2489559,shapes-permutations,work,backprop,0,0.0100,7,2,3,181,176,175,186,200,2944,184,19916160,53088,53088,0
2489559,shapes-permutations,work,backprop,0,0.0100,8,0,2,181,176,175,186,200,2944,184,19916160,53088,53088,0
2489559,shapes-permutations,work,backprop,0,0.0100,8,1,2,-1,-1,175,-1,200,3024,189,20457360,53088,53088,0
2489559,shapes-permutations,work,backprop,0,0.0100,8,2,2,173,175,193,161,200,3312,207,22405680,53088,53088,0
2489559,shapes-permutations,work,backprop,0,0.0100,9,0,0,173,175,193,161,200,3312,207,22405680,53088,53088,0
2489559,shapes-permutations,work,backprop,0,0.0100,9,1,0,177,-1,-1,-1,200,3392,212,22946880,53088,53088,0
2489559,shapes-permutations,work,backprop,0,0.0100,9,2,0,189,169,190,177,200,3680,230,24895200,53088,53088,0
2489559,shapes-permutations,work,backprop,0,0.0100,10,0,3,189,169,190,177,200,3680,230,24895200,53088,53088,0
2489559,shapes-permutations,work,backprop,0,0.0100,10,1,3,-1,-1,-1,180,200,3760,235,25436400,53088,53088,0
2489559,shapes-permutations,work,backprop,0,0.0100,10,2,3,187,159,188,183,200,4048,253,27384720,53088,53088,0
2489559,shapes-permutations,work,backprop,0,0.0100,11,0,1,187,159,188,183,200,4048,253,27384720,53088,53088,0
2489559,shapes-permutations,work,backprop,0,0.0100,11,1,1,-1,169,-1,-1,200,4128,258,27925920,53088,53088,0
2489559,shapes-permutations,work,backprop,0,0.0100,11,2,1,186,183,177,170,200,4416,276,29874240,53088,53088,0
2489559,shapes-permutations,memory,jayce,24,0.6000,0,0,0,50,50,50,50,200,0,0,0,16,49168,0
2489559,shapes-permutations,memory,jayce,24,0.6000,0,1,0,200,-1,-1,-1,200,256,16,777984,49168,49168,96
2489559,shapes-permutations,memory,jayce,24,0.6000,0,2,0,200,61,77,100,200,1024,64,4482816,49168,49168,96
2489559,shapes-permutations,memory,jayce,24,0.6000,1,0,1,200,61,77,100,200,1024,64,4482816,49168,49168,96
2489559,shapes-permutations,memory,jayce,24,0.6000,1,1,1,-1,167,-1,-1,200,1280,80,5717760,49168,49168,96
2489559,shapes-permutations,memory,jayce,24,0.6000,1,2,1,194,167,80,94,200,2048,128,9422592,49168,49168,96
2489559,shapes-permutations,memory,jayce,24,0.6000,2,0,2,194,167,80,94,200,2048,128,9422592,49168,49168,96
2489559,shapes-permutations,memory,jayce,24,0.6000,2,1,2,-1,-1,157,-1,200,2304,144,10657536,49168,49168,96
2489559,shapes-permutations,memory,jayce,24,0.6000,2,2,2,188,140,170,99,200,3072,192,14362368,49168,49168,96
2489559,shapes-permutations,memory,jayce,24,0.6000,3,0,3,188,140,170,99,200,3072,192,14362368,49168,49168,96
2489559,shapes-permutations,memory,jayce,24,0.6000,3,1,3,-1,-1,-1,162,200,3328,208,15597312,49168,49168,96
2489559,shapes-permutations,memory,jayce,24,0.6000,3,2,3,171,120,164,179,200,4096,256,19302144,49168,49168,96
2489559,shapes-permutations,memory,jayce,24,0.6000,4,0,0,171,120,164,179,200,4096,256,19302144,49168,49168,96
2489559,shapes-permutations,memory,jayce,24,0.6000,4,1,0,193,-1,-1,-1,200,4352,272,20537088,49168,49168,96
2489559,shapes-permutations,memory,jayce,24,0.6000,4,2,0,200,118,164,179,200,5120,320,24241920,49168,49168,96
2489559,shapes-permutations,memory,jayce,24,0.6000,5,0,2,200,118,164,179,200,5120,320,24241920,49168,49168,96
2489559,shapes-permutations,memory,jayce,24,0.6000,5,1,2,-1,-1,173,-1,200,5376,336,25476864,49168,49168,96
2489559,shapes-permutations,memory,jayce,24,0.6000,5,2,2,200,117,166,167,200,6144,384,29181696,49168,49168,96
2489559,shapes-permutations,memory,jayce,24,0.6000,6,0,1,200,117,166,167,200,6144,384,29181696,49168,49168,96
2489559,shapes-permutations,memory,jayce,24,0.6000,6,1,1,-1,164,-1,-1,200,6400,400,30416640,49168,49168,96
2489559,shapes-permutations,memory,jayce,24,0.6000,6,2,1,200,172,141,150,200,7168,448,34121472,49168,49168,96
2489559,shapes-permutations,memory,jayce,24,0.6000,7,0,3,200,172,141,150,200,7168,448,34121472,49168,49168,96
2489559,shapes-permutations,memory,jayce,24,0.6000,7,1,3,-1,-1,-1,160,200,7424,464,35356416,49168,49168,96
2489559,shapes-permutations,memory,jayce,24,0.6000,7,2,3,191,171,138,159,200,8192,512,39061248,49168,49168,96
2489559,shapes-permutations,memory,jayce,24,0.6000,8,0,2,191,171,138,159,200,8192,512,39061248,49168,49168,96
2489559,shapes-permutations,memory,jayce,24,0.6000,8,1,2,-1,-1,184,-1,200,8448,528,40296192,49168,49168,96
2489559,shapes-permutations,memory,jayce,24,0.6000,8,2,2,189,160,182,159,200,9216,576,44001024,49168,49168,96
2489559,shapes-permutations,memory,jayce,24,0.6000,9,0,0,189,160,182,159,200,9216,576,44001024,49168,49168,96
2489559,shapes-permutations,memory,jayce,24,0.6000,9,1,0,200,-1,-1,-1,200,9472,592,45235968,49168,49168,96
2489559,shapes-permutations,memory,jayce,24,0.6000,9,2,0,200,156,182,158,200,10240,640,48940800,49168,49168,96
2489559,shapes-permutations,memory,jayce,24,0.6000,10,0,3,200,156,182,158,200,10240,640,48940800,49168,49168,96
2489559,shapes-permutations,memory,jayce,24,0.6000,10,1,3,-1,-1,-1,164,200,10496,656,50175744,49168,49168,96
2489559,shapes-permutations,memory,jayce,24,0.6000,10,2,3,196,147,169,161,200,11264,704,53880576,49168,49168,96
2489559,shapes-permutations,memory,jayce,24,0.6000,11,0,1,196,147,169,161,200,11264,704,53880576,49168,49168,96
2489559,shapes-permutations,memory,jayce,24,0.6000,11,1,1,-1,173,-1,-1,200,11520,720,55115520,49168,49168,96
2489559,shapes-permutations,memory,jayce,24,0.6000,11,2,1,195,174,169,121,200,12288,768,58820352,49168,49168,96
2489559,shapes-permutations,memory,backprop,0,0.0030,0,0,0,32,81,50,54,200,0,0,0,53088,53088,0
2489559,shapes-permutations,memory,backprop,0,0.0030,0,1,0,129,-1,-1,-1,200,256,16,1731840,53088,53088,0
2489559,shapes-permutations,memory,backprop,0,0.0030,0,2,0,188,102,97,92,200,1024,64,6927360,53088,53088,0
2489559,shapes-permutations,memory,backprop,0,0.0030,1,0,1,188,102,97,92,200,1024,64,6927360,53088,53088,0
2489559,shapes-permutations,memory,backprop,0,0.0030,1,1,1,-1,151,-1,-1,200,1280,80,8659200,53088,53088,0
2489559,shapes-permutations,memory,backprop,0,0.0030,1,2,1,176,182,98,103,200,2048,128,13854720,53088,53088,0
2489559,shapes-permutations,memory,backprop,0,0.0030,2,0,2,176,182,98,103,200,2048,128,13854720,53088,53088,0
2489559,shapes-permutations,memory,backprop,0,0.0030,2,1,2,-1,-1,151,-1,200,2304,144,15586560,53088,53088,0
2489559,shapes-permutations,memory,backprop,0,0.0030,2,2,2,167,166,184,114,200,3072,192,20782080,53088,53088,0
2489559,shapes-permutations,memory,backprop,0,0.0030,3,0,3,167,166,184,114,200,3072,192,20782080,53088,53088,0
2489559,shapes-permutations,memory,backprop,0,0.0030,3,1,3,-1,-1,-1,151,200,3328,208,22513920,53088,53088,0
2489559,shapes-permutations,memory,backprop,0,0.0030,3,2,3,168,161,178,187,200,4096,256,27709440,53088,53088,0
2489559,shapes-permutations,memory,backprop,0,0.0030,4,0,0,168,161,178,187,200,4096,256,27709440,53088,53088,0
2489559,shapes-permutations,memory,backprop,0,0.0030,4,1,0,184,-1,-1,-1,200,4352,272,29441280,53088,53088,0
2489559,shapes-permutations,memory,backprop,0,0.0030,4,2,0,192,161,173,182,200,5120,320,34636800,53088,53088,0
2489559,shapes-permutations,memory,backprop,0,0.0030,5,0,2,192,161,173,182,200,5120,320,34636800,53088,53088,0
2489559,shapes-permutations,memory,backprop,0,0.0030,5,1,2,-1,-1,177,-1,200,5376,336,36368640,53088,53088,0
2489559,shapes-permutations,memory,backprop,0,0.0030,5,2,2,189,153,195,167,200,6144,384,41564160,53088,53088,0
2489559,shapes-permutations,memory,backprop,0,0.0030,6,0,1,189,153,195,167,200,6144,384,41564160,53088,53088,0
2489559,shapes-permutations,memory,backprop,0,0.0030,6,1,1,-1,168,-1,-1,200,6400,400,43296000,53088,53088,0
2489559,shapes-permutations,memory,backprop,0,0.0030,6,2,1,180,185,191,166,200,7168,448,48491520,53088,53088,0
2489559,shapes-permutations,memory,backprop,0,0.0030,7,0,3,180,185,191,166,200,7168,448,48491520,53088,53088,0
2489559,shapes-permutations,memory,backprop,0,0.0030,7,1,3,-1,-1,-1,183,200,7424,464,50223360,53088,53088,0
2489559,shapes-permutations,memory,backprop,0,0.0030,7,2,3,186,186,181,195,200,8192,512,55418880,53088,53088,0
2489559,shapes-permutations,memory,backprop,0,0.0030,8,0,2,186,186,181,195,200,8192,512,55418880,53088,53088,0
2489559,shapes-permutations,memory,backprop,0,0.0030,8,1,2,-1,-1,188,-1,200,8448,528,57150720,53088,53088,0
2489559,shapes-permutations,memory,backprop,0,0.0030,8,2,2,182,178,194,190,200,9216,576,62346240,53088,53088,0
2489559,shapes-permutations,memory,backprop,0,0.0030,9,0,0,182,178,194,190,200,9216,576,62346240,53088,53088,0
2489559,shapes-permutations,memory,backprop,0,0.0030,9,1,0,188,-1,-1,-1,200,9472,592,64078080,53088,53088,0
2489559,shapes-permutations,memory,backprop,0,0.0030,9,2,0,195,170,192,183,200,10240,640,69273600,53088,53088,0
2489559,shapes-permutations,memory,backprop,0,0.0030,10,0,3,195,170,192,183,200,10240,640,69273600,53088,53088,0
2489559,shapes-permutations,memory,backprop,0,0.0030,10,1,3,-1,-1,-1,187,200,10496,656,71005440,53088,53088,0
2489559,shapes-permutations,memory,backprop,0,0.0030,10,2,3,192,168,186,199,200,11264,704,76200960,53088,53088,0
2489559,shapes-permutations,memory,backprop,0,0.0030,11,0,1,192,168,186,199,200,11264,704,76200960,53088,53088,0
2489559,shapes-permutations,memory,backprop,0,0.0030,11,1,1,-1,185,-1,-1,200,11520,720,77932800,53088,53088,0
2489559,shapes-permutations,memory,backprop,0,0.0030,11,2,1,192,189,182,197,200,12288,768,83128320,53088,53088,0
2594288,shapes-permutations,examples,jayce,48,1.0000,0,0,0,50,50,50,50,200,0,0,0,16,98320,0
2594288,shapes-permutations,examples,jayce,48,1.0000,0,1,0,200,-1,-1,-1,200,256,16,617472,98320,98320,192
2594288,shapes-permutations,examples,jayce,48,1.0000,0,2,0,199,83,80,86,200,1024,64,7879680,98320,98320,192
2594288,shapes-permutations,examples,jayce,48,1.0000,1,0,1,199,83,80,86,200,1024,64,7879680,98320,98320,192
2594288,shapes-permutations,examples,jayce,48,1.0000,1,1,1,-1,168,-1,-1,200,1280,80,10300416,98320,98320,192
2594288,shapes-permutations,examples,jayce,48,1.0000,1,2,1,199,173,76,93,200,2048,128,17562624,98320,98320,192
2594288,shapes-permutations,examples,jayce,48,1.0000,2,0,2,199,173,76,93,200,2048,128,17562624,98320,98320,192
2594288,shapes-permutations,examples,jayce,48,1.0000,2,1,2,-1,-1,172,-1,200,2304,144,19983360,98320,98320,192
2594288,shapes-permutations,examples,jayce,48,1.0000,2,2,2,199,165,171,95,200,3072,192,27245568,98320,98320,192
2594288,shapes-permutations,examples,jayce,48,1.0000,3,0,3,199,165,171,95,200,3072,192,27245568,98320,98320,192
2594288,shapes-permutations,examples,jayce,48,1.0000,3,1,3,-1,-1,-1,169,200,3328,208,29666304,98320,98320,192
2594288,shapes-permutations,examples,jayce,48,1.0000,3,2,3,194,137,167,172,200,4096,256,36928512,98320,98320,192
2594288,shapes-permutations,examples,jayce,48,1.0000,4,0,0,194,137,167,172,200,4096,256,36928512,98320,98320,192
2594288,shapes-permutations,examples,jayce,48,1.0000,4,1,0,198,-1,-1,-1,200,4352,272,39349248,98320,98320,192
2594288,shapes-permutations,examples,jayce,48,1.0000,4,2,0,194,139,169,172,200,5120,320,46611456,98320,98320,192
2594288,shapes-permutations,examples,jayce,48,1.0000,5,0,2,194,139,169,172,200,5120,320,46611456,98320,98320,192
2594288,shapes-permutations,examples,jayce,48,1.0000,5,1,2,-1,-1,176,-1,200,5376,336,49032192,98320,98320,192
2594288,shapes-permutations,examples,jayce,48,1.0000,5,2,2,194,130,181,166,200,6144,384,56294400,98320,98320,192
2594288,shapes-permutations,examples,jayce,48,1.0000,6,0,1,194,130,181,166,200,6144,384,56294400,98320,98320,192
2594288,shapes-permutations,examples,jayce,48,1.0000,6,1,1,-1,163,-1,-1,200,6400,400,58715136,98320,98320,192
2594288,shapes-permutations,examples,jayce,48,1.0000,6,2,1,194,173,172,163,200,7168,448,65977344,98320,98320,192
2594288,shapes-permutations,examples,jayce,48,1.0000,7,0,3,194,173,172,163,200,7168,448,65977344,98320,98320,192
2594288,shapes-permutations,examples,jayce,48,1.0000,7,1,3,-1,-1,-1,174,200,7424,464,68398080,98320,98320,192
2594288,shapes-permutations,examples,jayce,48,1.0000,7,2,3,194,174,172,179,200,8192,512,75660288,98320,98320,192
2594288,shapes-permutations,examples,jayce,48,1.0000,8,0,2,194,174,172,179,200,8192,512,75660288,98320,98320,192
2594288,shapes-permutations,examples,jayce,48,1.0000,8,1,2,-1,-1,179,-1,200,8448,528,78081024,98320,98320,192
2594288,shapes-permutations,examples,jayce,48,1.0000,8,2,2,194,168,191,171,200,9216,576,85343232,98320,98320,192
2594288,shapes-permutations,examples,jayce,48,1.0000,9,0,0,194,168,191,171,200,9216,576,85343232,98320,98320,192
2594288,shapes-permutations,examples,jayce,48,1.0000,9,1,0,193,-1,-1,-1,200,9472,592,87763968,98320,98320,192
2594288,shapes-permutations,examples,jayce,48,1.0000,9,2,0,197,170,192,171,200,10240,640,95026176,98320,98320,192
2594288,shapes-permutations,examples,jayce,48,1.0000,10,0,3,197,170,192,171,200,10240,640,95026176,98320,98320,192
2594288,shapes-permutations,examples,jayce,48,1.0000,10,1,3,-1,-1,-1,188,200,10496,656,97446912,98320,98320,192
2594288,shapes-permutations,examples,jayce,48,1.0000,10,2,3,197,162,192,183,200,11264,704,104709120,98320,98320,192
2594288,shapes-permutations,examples,jayce,48,1.0000,11,0,1,197,162,192,183,200,11264,704,104709120,98320,98320,192
2594288,shapes-permutations,examples,jayce,48,1.0000,11,1,1,-1,175,-1,-1,200,11520,720,107129856,98320,98320,192
2594288,shapes-permutations,examples,jayce,48,1.0000,11,2,1,197,169,186,180,200,12288,768,114392064,98320,98320,192
2594288,shapes-permutations,examples,backprop,0,0.0030,0,0,0,65,24,48,54,200,0,0,0,53088,53088,0
2594288,shapes-permutations,examples,backprop,0,0.0030,0,1,0,142,-1,-1,-1,200,256,16,1731840,53088,53088,0
2594288,shapes-permutations,examples,backprop,0,0.0030,0,2,0,181,80,54,71,200,1024,64,6927360,53088,53088,0
2594288,shapes-permutations,examples,backprop,0,0.0030,1,0,1,181,80,54,71,200,1024,64,6927360,53088,53088,0
2594288,shapes-permutations,examples,backprop,0,0.0030,1,1,1,-1,140,-1,-1,200,1280,80,8659200,53088,53088,0
2594288,shapes-permutations,examples,backprop,0,0.0030,1,2,1,172,183,79,101,200,2048,128,13854720,53088,53088,0
2594288,shapes-permutations,examples,backprop,0,0.0030,2,0,2,172,183,79,101,200,2048,128,13854720,53088,53088,0
2594288,shapes-permutations,examples,backprop,0,0.0030,2,1,2,-1,-1,151,-1,200,2304,144,15586560,53088,53088,0
2594288,shapes-permutations,examples,backprop,0,0.0030,2,2,2,171,172,176,112,200,3072,192,20782080,53088,53088,0
2594288,shapes-permutations,examples,backprop,0,0.0030,3,0,3,171,172,176,112,200,3072,192,20782080,53088,53088,0
2594288,shapes-permutations,examples,backprop,0,0.0030,3,1,3,-1,-1,-1,159,200,3328,208,22513920,53088,53088,0
2594288,shapes-permutations,examples,backprop,0,0.0030,3,2,3,156,166,175,191,200,4096,256,27709440,53088,53088,0
2594288,shapes-permutations,examples,backprop,0,0.0030,4,0,0,156,166,175,191,200,4096,256,27709440,53088,53088,0
2594288,shapes-permutations,examples,backprop,0,0.0030,4,1,0,176,-1,-1,-1,200,4352,272,29441280,53088,53088,0
2594288,shapes-permutations,examples,backprop,0,0.0030,4,2,0,195,167,167,181,200,5120,320,34636800,53088,53088,0
2594288,shapes-permutations,examples,backprop,0,0.0030,5,0,2,195,167,167,181,200,5120,320,34636800,53088,53088,0
2594288,shapes-permutations,examples,backprop,0,0.0030,5,1,2,-1,-1,174,-1,200,5376,336,36368640,53088,53088,0
2594288,shapes-permutations,examples,backprop,0,0.0030,5,2,2,186,163,182,177,200,6144,384,41564160,53088,53088,0
2594288,shapes-permutations,examples,backprop,0,0.0030,6,0,1,186,163,182,177,200,6144,384,41564160,53088,53088,0
2594288,shapes-permutations,examples,backprop,0,0.0030,6,1,1,-1,177,-1,-1,200,6400,400,43296000,53088,53088,0
2594288,shapes-permutations,examples,backprop,0,0.0030,6,2,1,175,189,184,172,200,7168,448,48491520,53088,53088,0
2594288,shapes-permutations,examples,backprop,0,0.0030,7,0,3,175,189,184,172,200,7168,448,48491520,53088,53088,0
2594288,shapes-permutations,examples,backprop,0,0.0030,7,1,3,-1,-1,-1,181,200,7424,464,50223360,53088,53088,0
2594288,shapes-permutations,examples,backprop,0,0.0030,7,2,3,175,182,182,195,200,8192,512,55418880,53088,53088,0
2594288,shapes-permutations,examples,backprop,0,0.0030,8,0,2,175,182,182,195,200,8192,512,55418880,53088,53088,0
2594288,shapes-permutations,examples,backprop,0,0.0030,8,1,2,-1,-1,181,-1,200,8448,528,57150720,53088,53088,0
2594288,shapes-permutations,examples,backprop,0,0.0030,8,2,2,170,185,189,190,200,9216,576,62346240,53088,53088,0
2594288,shapes-permutations,examples,backprop,0,0.0030,9,0,0,170,185,189,190,200,9216,576,62346240,53088,53088,0
2594288,shapes-permutations,examples,backprop,0,0.0030,9,1,0,185,-1,-1,-1,200,9472,592,64078080,53088,53088,0
2594288,shapes-permutations,examples,backprop,0,0.0030,9,2,0,195,185,185,192,200,10240,640,69273600,53088,53088,0
2594288,shapes-permutations,examples,backprop,0,0.0030,10,0,3,195,185,185,192,200,10240,640,69273600,53088,53088,0
2594288,shapes-permutations,examples,backprop,0,0.0030,10,1,3,-1,-1,-1,196,200,10496,656,71005440,53088,53088,0
2594288,shapes-permutations,examples,backprop,0,0.0030,10,2,3,189,180,182,196,200,11264,704,76200960,53088,53088,0
2594288,shapes-permutations,examples,backprop,0,0.0030,11,0,1,189,180,182,196,200,11264,704,76200960,53088,53088,0
2594288,shapes-permutations,examples,backprop,0,0.0030,11,1,1,-1,185,-1,-1,200,11520,720,77932800,53088,53088,0
2594288,shapes-permutations,examples,backprop,0,0.0030,11,2,1,190,193,182,185,200,12288,768,83128320,53088,53088,0
2594288,shapes-permutations,work,jayce,48,1.0000,0,0,0,50,50,50,50,200,0,0,0,16,98320,0
2594288,shapes-permutations,work,jayce,48,1.0000,0,1,0,200,-1,-1,-1,200,256,16,617472,98320,98320,192
2594288,shapes-permutations,work,jayce,48,1.0000,0,2,0,198,73,100,83,200,448,28,2433024,98320,98320,192
2594288,shapes-permutations,work,jayce,48,1.0000,1,0,1,198,73,100,83,200,448,28,2433024,98320,98320,192
2594288,shapes-permutations,work,jayce,48,1.0000,1,1,1,-1,161,-1,-1,200,512,32,3038208,98320,98320,192
2594288,shapes-permutations,work,jayce,48,1.0000,1,2,1,199,174,97,84,200,704,44,4853760,98320,98320,192
2594288,shapes-permutations,work,jayce,48,1.0000,2,0,2,199,174,97,84,200,704,44,4853760,98320,98320,192
2594288,shapes-permutations,work,jayce,48,1.0000,2,1,2,-1,-1,160,-1,200,768,48,5458944,98320,98320,192
2594288,shapes-permutations,work,jayce,48,1.0000,2,2,2,194,163,176,90,200,960,60,7274496,98320,98320,192
2594288,shapes-permutations,work,jayce,48,1.0000,3,0,3,194,163,176,90,200,960,60,7274496,98320,98320,192
2594288,shapes-permutations,work,jayce,48,1.0000,3,1,3,-1,-1,-1,152,200,1024,64,7879680,98320,98320,192
2594288,shapes-permutations,work,jayce,48,1.0000,3,2,3,194,119,169,162,200,1216,76,9695232,98320,98320,192
2594288,shapes-permutations,work,jayce,48,1.0000,4,0,0,194,119,169,162,200,1216,76,9695232,98320,98320,192
2594288,shapes-permutations,work,jayce,48,1.0000,4,1,0,196,-1,-1,-1,200,1280,80,10300416,98320,98320,192
2594288,shapes-permutations,work,jayce,48,1.0000,4,2,0,197,120,168,162,200,1472,92,12115968,98320,98320,192
2594288,shapes-permutations,work,jayce,48,1.0000,5,0,2,197,120,168,162,200,1472,92,12115968,98320,98320,192
2594288,shapes-permutations,work,jayce,48,1.0000,5,1,2,-1,-1,160,-1,200,1536,96,12721152,98320,98320,192
2594288,shapes-permutations,work,jayce,48,1.0000,5,2,2,192,122,170,162,200,1728,108,14536704,98320,98320,192
2594288,shapes-permutations,work,jayce,48,1.0000,6,0,1,192,122,170,162,200,1728,108,14536704,98320,98320,192
2594288,shapes-permutations,work,jayce,48,1.0000,6,1,1,-1,166,-1,-1,200,1792,112,15141888,98320,98320,192
2594288,shapes-permutations,work,jayce,48,1.0000,6,2,1,192,163,161,162,200,1984,124,16957440,98320,98320,192
2594288,shapes-permutations,work,jayce,48,1.0000,7,0,3,192,163,161,162,200,1984,124,16957440,98320,98320,192
2594288,shapes-permutations,work,jayce,48,1.0000,7,1,3,-1,-1,-1,160,200,2048,128,17562624,98320,98320,192
2594288,shapes-permutations,work,jayce,48,1.0000,7,2,3,192,163,161,166,200,2240,140,19378176,98320,98320,192
2594288,shapes-permutations,work,jayce,48,1.0000,8,0,2,192,163,161,166,200,2240,140,19378176,98320,98320,192
2594288,shapes-permutations,work,jayce,48,1.0000,8,1,2,-1,-1,160,-1,200,2304,144,19983360,98320,98320,192
2594288,shapes-permutations,work,jayce,48,1.0000,8,2,2,192,163,163,165,200,2496,156,21798912,98320,98320,192
2594288,shapes-permutations,work,jayce,48,1.0000,9,0,0,192,163,163,165,200,2496,156,21798912,98320,98320,192
2594288,shapes-permutations,work,jayce,48,1.0000,9,1,0,195,-1,-1,-1,200,2560,160,22404096,98320,98320,192
2594288,shapes-permutations,work,jayce,48,1.0000,9,2,0,193,163,164,166,200,2752,172,24219648,98320,98320,192
2594288,shapes-permutations,work,jayce,48,1.0000,10,0,3,193,163,164,166,200,2752,172,24219648,98320,98320,192
2594288,shapes-permutations,work,jayce,48,1.0000,10,1,3,-1,-1,-1,163,200,2816,176,24824832,98320,98320,192
2594288,shapes-permutations,work,jayce,48,1.0000,10,2,3,193,164,163,181,200,3008,188,26640384,98320,98320,192
2594288,shapes-permutations,work,jayce,48,1.0000,11,0,1,193,164,163,181,200,3008,188,26640384,98320,98320,192
2594288,shapes-permutations,work,jayce,48,1.0000,11,1,1,-1,173,-1,-1,200,3072,192,27245568,98320,98320,192
2594288,shapes-permutations,work,jayce,48,1.0000,11,2,1,193,176,163,181,200,3264,204,29061120,98320,98320,192
2594288,shapes-permutations,work,backprop,0,0.0100,0,0,0,65,24,48,54,200,0,0,0,53088,53088,0
2594288,shapes-permutations,work,backprop,0,0.0100,0,1,0,141,-1,-1,-1,200,80,5,541200,53088,53088,0
2594288,shapes-permutations,work,backprop,0,0.0100,0,2,0,185,82,60,84,200,368,23,2489520,53088,53088,0
2594288,shapes-permutations,work,backprop,0,0.0100,1,0,1,185,82,60,84,200,368,23,2489520,53088,53088,0
2594288,shapes-permutations,work,backprop,0,0.0100,1,1,1,-1,128,-1,-1,200,448,28,3030720,53088,53088,0
2594288,shapes-permutations,work,backprop,0,0.0100,1,2,1,162,166,80,98,200,736,46,4979040,53088,53088,0
2594288,shapes-permutations,work,backprop,0,0.0100,2,0,2,162,166,80,98,200,736,46,4979040,53088,53088,0
2594288,shapes-permutations,work,backprop,0,0.0100,2,1,2,-1,-1,124,-1,200,816,51,5520240,53088,53088,0
2594288,shapes-permutations,work,backprop,0,0.0100,2,2,2,153,152,167,98,200,1104,69,7468560,53088,53088,0
2594288,shapes-permutations,work,backprop,0,0.0100,3,0,3,153,152,167,98,200,1104,69,7468560,53088,53088,0
2594288,shapes-permutations,work,backprop,0,0.0100,3,1,3,-1,-1,-1,139,200,1184,74,8009760,53088,53088,0
2594288,shapes-permutations,work,backprop,0,0.0100,3,2,3,149,156,162,179,200,1472,92,9958080,53088,53088,0
2594288,shapes-permutations,work,backprop,0,0.0100,4,0,0,149,156,162,179,200,1472,92,9958080,53088,53088,0
2594288,shapes-permutations,work,backprop,0,0.0100,4,1,0,162,-1,-1,-1,200,1552,97,10499280,53088,53088,0
2594288,shapes-permutations,work,backprop,0,0.0100,4,2,0,187,158,148,177,200,1840,115,12447600,53088,53088,0
2594288,shapes-permutations,work,backprop,0,0.0100,5,0,2,187,158,148,177,200,1840,115,12447600,53088,53088,0
2594288,shapes-permutations,work,backprop,0,0.0100,5,1,2,-1,-1,161,-1,200,1920,120,12988800,53088,53088,0
2594288,shapes-permutations,work,backprop,0,0.0100,5,2,2,185,165,180,173,200,2208,138,14937120,53088,53088,0
2594288,shapes-permutations,work,backprop,0,0.0100,6,0,1,185,165,180,173,200,2208,138,14937120,53088,53088,0
2594288,shapes-permutations,work,backprop,0,0.0100,6,1,1,-1,169,-1,-1,200,2288,143,15478320,53088,53088,0
2594288,shapes-permutations,work,backprop,0,0.0100,6,2,1,169,183,174,165,200,2576,161,17426640,53088,53088,0
2594288,shapes-permutations,work,backprop,0,0.0100,7,0,3,169,183,174,165,200,2576,161,17426640,53088,53088,0
2594288,shapes-permutations,work,backprop,0,0.0100,7,1,3,-1,-1,-1,165,200,2656,166,17967840,53088,53088,0
2594288,shapes-permutations,work,backprop,0,0.0100,7,2,3,170,171,176,177,200,2944,184,19916160,53088,53088,0
2594288,shapes-permutations,work,backprop,0,0.0100,8,0,2,170,171,176,177,200,2944,184,19916160,53088,53088,0
2594288,shapes-permutations,work,backprop,0,0.0100,8,1,2,-1,-1,179,-1,200,3024,189,20457360,53088,53088,0
2594288,shapes-permutations,work,backprop,0,0.0100,8,2,2,173,174,183,174,200,3312,207,22405680,53088,53088,0
2594288,shapes-permutations,work,backprop,0,0.0100,9,0,0,173,174,183,174,200,3312,207,22405680,53088,53088,0
2594288,shapes-permutations,work,backprop,0,0.0100,9,1,0,173,-1,-1,-1,200,3392,212,22946880,53088,53088,0
2594288,shapes-permutations,work,backprop,0,0.0100,9,2,0,188,168,178,180,200,3680,230,24895200,53088,53088,0
2594288,shapes-permutations,work,backprop,0,0.0100,10,0,3,188,168,178,180,200,3680,230,24895200,53088,53088,0
2594288,shapes-permutations,work,backprop,0,0.0100,10,1,3,-1,-1,-1,178,200,3760,235,25436400,53088,53088,0
2594288,shapes-permutations,work,backprop,0,0.0100,10,2,3,166,173,173,192,200,4048,253,27384720,53088,53088,0
2594288,shapes-permutations,work,backprop,0,0.0100,11,0,1,166,173,173,192,200,4048,253,27384720,53088,53088,0
2594288,shapes-permutations,work,backprop,0,0.0100,11,1,1,-1,172,-1,-1,200,4128,258,27925920,53088,53088,0
2594288,shapes-permutations,work,backprop,0,0.0100,11,2,1,170,184,175,187,200,4416,276,29874240,53088,53088,0
2594288,shapes-permutations,memory,jayce,24,0.6000,0,0,0,50,50,50,50,200,0,0,0,16,49168,0
2594288,shapes-permutations,memory,jayce,24,0.6000,0,1,0,200,-1,-1,-1,200,256,16,777984,49168,49168,96
2594288,shapes-permutations,memory,jayce,24,0.6000,0,2,0,199,74,96,97,200,1024,64,4482816,49168,49168,96
2594288,shapes-permutations,memory,jayce,24,0.6000,1,0,1,199,74,96,97,200,1024,64,4482816,49168,49168,96
2594288,shapes-permutations,memory,jayce,24,0.6000,1,1,1,-1,152,-1,-1,200,1280,80,5717760,49168,49168,96
2594288,shapes-permutations,memory,jayce,24,0.6000,1,2,1,198,167,92,88,200,2048,128,9422592,49168,49168,96
2594288,shapes-permutations,memory,jayce,24,0.6000,2,0,2,198,167,92,88,200,2048,128,9422592,49168,49168,96
2594288,shapes-permutations,memory,jayce,24,0.6000,2,1,2,-1,-1,167,-1,200,2304,144,10657536,49168,49168,96
2594288,shapes-permutations,memory,jayce,24,0.6000,2,2,2,195,153,179,93,200,3072,192,14362368,49168,49168,96
2594288,shapes-permutations,memory,jayce,24,0.6000,3,0,3,195,153,179,93,200,3072,192,14362368,49168,49168,96
2594288,shapes-permutations,memory,jayce,24,0.6000,3,1,3,-1,-1,-1,161,200,3328,208,15597312,49168,49168,96
2594288,shapes-permutations,memory,jayce,24,0.6000,3,2,3,194,114,170,158,200,4096,256,19302144,49168,49168,96
2594288,shapes-permutations,memory,jayce,24,0.6000,4,0,0,194,114,170,158,200,4096,256,19302144,49168,49168,96
2594288,shapes-permutations,memory,jayce,24,0.6000,4,1,0,198,-1,-1,-1,200,4352,272,20537088,49168,49168,96
2594288,shapes-permutations,memory,jayce,24,0.6000,4,2,0,198,115,170,158,200,5120,320,24241920,49168,49168,96
2594288,shapes-permutations,memory,jayce,24,0.6000,5,0,2,198,115,170,158,200,5120,320,24241920,49168,49168,96
2594288,shapes-permutations,memory,jayce,24,0.6000,5,1,2,-1,-1,164,-1,200,5376,336,25476864,49168,49168,96
2594288,shapes-permutations,memory,jayce,24,0.6000,5,2,2,198,115,179,153,200,6144,384,29181696,49168,49168,96
2594288,shapes-permutations,memory,jayce,24,0.6000,6,0,1,198,115,179,153,200,6144,384,29181696,49168,49168,96
2594288,shapes-permutations,memory,jayce,24,0.6000,6,1,1,-1,162,-1,-1,200,6400,400,30416640,49168,49168,96
2594288,shapes-permutations,memory,jayce,24,0.6000,6,2,1,195,164,160,142,200,7168,448,34121472,49168,49168,96
2594288,shapes-permutations,memory,jayce,24,0.6000,7,0,3,195,164,160,142,200,7168,448,34121472,49168,49168,96
2594288,shapes-permutations,memory,jayce,24,0.6000,7,1,3,-1,-1,-1,178,200,7424,464,35356416,49168,49168,96
2594288,shapes-permutations,memory,jayce,24,0.6000,7,2,3,192,120,161,174,200,8192,512,39061248,49168,49168,96
2594288,shapes-permutations,memory,jayce,24,0.6000,8,0,2,192,120,161,174,200,8192,512,39061248,49168,49168,96
2594288,shapes-permutations,memory,jayce,24,0.6000,8,1,2,-1,-1,163,-1,200,8448,528,40296192,49168,49168,96
2594288,shapes-permutations,memory,jayce,24,0.6000,8,2,2,192,131,174,164,200,9216,576,44001024,49168,49168,96
2594288,shapes-permutations,memory,jayce,24,0.6000,9,0,0,192,131,174,164,200,9216,576,44001024,49168,49168,96
2594288,shapes-permutations,memory,jayce,24,0.6000,9,1,0,193,-1,-1,-1,200,9472,592,45235968,49168,49168,96
2594288,shapes-permutations,memory,jayce,24,0.6000,9,2,0,195,133,174,164,200,10240,640,48940800,49168,49168,96
2594288,shapes-permutations,memory,jayce,24,0.6000,10,0,3,195,133,174,164,200,10240,640,48940800,49168,49168,96
2594288,shapes-permutations,memory,jayce,24,0.6000,10,1,3,-1,-1,-1,179,200,10496,656,50175744,49168,49168,96
2594288,shapes-permutations,memory,jayce,24,0.6000,10,2,3,195,132,173,167,200,11264,704,53880576,49168,49168,96
2594288,shapes-permutations,memory,jayce,24,0.6000,11,0,1,195,132,173,167,200,11264,704,53880576,49168,49168,96
2594288,shapes-permutations,memory,jayce,24,0.6000,11,1,1,-1,167,-1,-1,200,11520,720,55115520,49168,49168,96
2594288,shapes-permutations,memory,jayce,24,0.6000,11,2,1,195,168,169,157,200,12288,768,58820352,49168,49168,96
2594288,shapes-permutations,memory,backprop,0,0.0030,0,0,0,65,24,48,54,200,0,0,0,53088,53088,0
2594288,shapes-permutations,memory,backprop,0,0.0030,0,1,0,142,-1,-1,-1,200,256,16,1731840,53088,53088,0
2594288,shapes-permutations,memory,backprop,0,0.0030,0,2,0,181,80,54,71,200,1024,64,6927360,53088,53088,0
2594288,shapes-permutations,memory,backprop,0,0.0030,1,0,1,181,80,54,71,200,1024,64,6927360,53088,53088,0
2594288,shapes-permutations,memory,backprop,0,0.0030,1,1,1,-1,140,-1,-1,200,1280,80,8659200,53088,53088,0
2594288,shapes-permutations,memory,backprop,0,0.0030,1,2,1,172,183,79,101,200,2048,128,13854720,53088,53088,0
2594288,shapes-permutations,memory,backprop,0,0.0030,2,0,2,172,183,79,101,200,2048,128,13854720,53088,53088,0
2594288,shapes-permutations,memory,backprop,0,0.0030,2,1,2,-1,-1,151,-1,200,2304,144,15586560,53088,53088,0
2594288,shapes-permutations,memory,backprop,0,0.0030,2,2,2,171,172,176,112,200,3072,192,20782080,53088,53088,0
2594288,shapes-permutations,memory,backprop,0,0.0030,3,0,3,171,172,176,112,200,3072,192,20782080,53088,53088,0
2594288,shapes-permutations,memory,backprop,0,0.0030,3,1,3,-1,-1,-1,159,200,3328,208,22513920,53088,53088,0
2594288,shapes-permutations,memory,backprop,0,0.0030,3,2,3,156,166,175,191,200,4096,256,27709440,53088,53088,0
2594288,shapes-permutations,memory,backprop,0,0.0030,4,0,0,156,166,175,191,200,4096,256,27709440,53088,53088,0
2594288,shapes-permutations,memory,backprop,0,0.0030,4,1,0,176,-1,-1,-1,200,4352,272,29441280,53088,53088,0
2594288,shapes-permutations,memory,backprop,0,0.0030,4,2,0,195,167,167,181,200,5120,320,34636800,53088,53088,0
2594288,shapes-permutations,memory,backprop,0,0.0030,5,0,2,195,167,167,181,200,5120,320,34636800,53088,53088,0
2594288,shapes-permutations,memory,backprop,0,0.0030,5,1,2,-1,-1,174,-1,200,5376,336,36368640,53088,53088,0
2594288,shapes-permutations,memory,backprop,0,0.0030,5,2,2,186,163,182,177,200,6144,384,41564160,53088,53088,0
2594288,shapes-permutations,memory,backprop,0,0.0030,6,0,1,186,163,182,177,200,6144,384,41564160,53088,53088,0
2594288,shapes-permutations,memory,backprop,0,0.0030,6,1,1,-1,177,-1,-1,200,6400,400,43296000,53088,53088,0
2594288,shapes-permutations,memory,backprop,0,0.0030,6,2,1,175,189,184,172,200,7168,448,48491520,53088,53088,0
2594288,shapes-permutations,memory,backprop,0,0.0030,7,0,3,175,189,184,172,200,7168,448,48491520,53088,53088,0
2594288,shapes-permutations,memory,backprop,0,0.0030,7,1,3,-1,-1,-1,181,200,7424,464,50223360,53088,53088,0
2594288,shapes-permutations,memory,backprop,0,0.0030,7,2,3,175,182,182,195,200,8192,512,55418880,53088,53088,0
2594288,shapes-permutations,memory,backprop,0,0.0030,8,0,2,175,182,182,195,200,8192,512,55418880,53088,53088,0
2594288,shapes-permutations,memory,backprop,0,0.0030,8,1,2,-1,-1,181,-1,200,8448,528,57150720,53088,53088,0
2594288,shapes-permutations,memory,backprop,0,0.0030,8,2,2,170,185,189,190,200,9216,576,62346240,53088,53088,0
2594288,shapes-permutations,memory,backprop,0,0.0030,9,0,0,170,185,189,190,200,9216,576,62346240,53088,53088,0
2594288,shapes-permutations,memory,backprop,0,0.0030,9,1,0,185,-1,-1,-1,200,9472,592,64078080,53088,53088,0
2594288,shapes-permutations,memory,backprop,0,0.0030,9,2,0,195,185,185,192,200,10240,640,69273600,53088,53088,0
2594288,shapes-permutations,memory,backprop,0,0.0030,10,0,3,195,185,185,192,200,10240,640,69273600,53088,53088,0
2594288,shapes-permutations,memory,backprop,0,0.0030,10,1,3,-1,-1,-1,196,200,10496,656,71005440,53088,53088,0
2594288,shapes-permutations,memory,backprop,0,0.0030,10,2,3,189,180,182,196,200,11264,704,76200960,53088,53088,0
2594288,shapes-permutations,memory,backprop,0,0.0030,11,0,1,189,180,182,196,200,11264,704,76200960,53088,53088,0
2594288,shapes-permutations,memory,backprop,0,0.0030,11,1,1,-1,185,-1,-1,200,11520,720,77932800,53088,53088,0
2594288,shapes-permutations,memory,backprop,0,0.0030,11,2,1,190,193,182,185,200,12288,768,83128320,53088,53088,0
2699017,shapes-permutations,examples,jayce,48,1.0000,0,0,0,50,50,50,50,200,0,0,0,16,98320,0
2699017,shapes-permutations,examples,jayce,48,1.0000,0,1,0,197,-1,-1,-1,200,256,16,617472,98320,98320,192
2699017,shapes-permutations,examples,jayce,48,1.0000,0,2,0,196,76,84,83,200,1024,64,7879680,98320,98320,192
2699017,shapes-permutations,examples,jayce,48,1.0000,1,0,1,196,76,84,83,200,1024,64,7879680,98320,98320,192
2699017,shapes-permutations,examples,jayce,48,1.0000,1,1,1,-1,180,-1,-1,200,1280,80,10300416,98320,98320,192
2699017,shapes-permutations,examples,jayce,48,1.0000,1,2,1,191,169,98,88,200,2048,128,17562624,98320,98320,192
2699017,shapes-permutations,examples,jayce,48,1.0000,2,0,2,191,169,98,88,200,2048,128,17562624,98320,98320,192
2699017,shapes-permutations,examples,jayce,48,1.0000,2,1,2,-1,-1,151,-1,200,2304,144,19983360,98320,98320,192
2699017,shapes-permutations,examples,jayce,48,1.0000,2,2,2,191,164,183,70,200,3072,192,27245568,98320,98320,192
2699017,shapes-permutations,examples,jayce,48,1.0000,3,0,3,191,164,183,70,200,3072,192,27245568,98320,98320,192
2699017,shapes-permutations,examples,jayce,48,1.0000,3,1,3,-1,-1,-1,165,200,3328,208,29666304,98320,98320,192
2699017,shapes-permutations,examples,jayce,48,1.0000,3,2,3,190,144,180,166,200,4096,256,36928512,98320,98320,192
2699017,shapes-permutations,examples,jayce,48,1.0000,4,0,0,190,144,180,166,200,4096,256,36928512,98320,98320,192
2699017,shapes-permutations,examples,jayce,48,1.0000,4,1,0,199,-1,-1,-1,200,4352,272,39349248,98320,98320,192
2699017,shapes-permutations,examples,jayce,48,1.0000,4,2,0,195,144,180,166,200,5120,320,46611456,98320,98320,192
2699017,shapes-permutations,examples,jayce,48,1.0000,5,0,2,195,144,180,166,200,5120,320,46611456,98320,98320,192
2699017,shapes-permutations,examples,jayce,48,1.0000,5,1,2,-1,-1,177,-1,200,5376,336,49032192,98320,98320,192
2699017,shapes-permutations,examples,jayce,48,1.0000,5,2,2,191,144,184,166,200,6144,384,56294400,98320,98320,192
2699017,shapes-permutations,examples,jayce,48,1.0000,6,0,1,191,144,184,166,200,6144,384,56294400,98320,98320,192
2699017,shapes-permutations,examples,jayce,48,1.0000,6,1,1,-1,158,-1,-1,200,6400,400,58715136,98320,98320,192
2699017,shapes-permutations,examples,jayce,48,1.0000,6,2,1,191,165,175,166,200,7168,448,65977344,98320,98320,192
2699017,shapes-permutations,examples,jayce,48,1.0000,7,0,3,191,165,175,166,200,7168,448,65977344,98320,98320,192
2699017,shapes-permutations,examples,jayce,48,1.0000,7,1,3,-1,-1,-1,176,200,7424,464,68398080,98320,98320,192
2699017,shapes-permutations,examples,jayce,48,1.0000,7,2,3,190,160,174,175,200,8192,512,75660288,98320,98320,192
2699017,shapes-permutations,examples,jayce,48,1.0000,8,0,2,190,160,174,175,200,8192,512,75660288,98320,98320,192
2699017,shapes-permutations,examples,jayce,48,1.0000,8,1,2,-1,-1,179,-1,200,8448,528,78081024,98320,98320,192
2699017,shapes-permutations,examples,jayce,48,1.0000,8,2,2,190,150,192,175,200,9216,576,85343232,98320,98320,192
2699017,shapes-permutations,examples,jayce,48,1.0000,9,0,0,190,150,192,175,200,9216,576,85343232,98320,98320,192
2699017,shapes-permutations,examples,jayce,48,1.0000,9,1,0,196,-1,-1,-1,200,9472,592,87763968,98320,98320,192
2699017,shapes-permutations,examples,jayce,48,1.0000,9,2,0,193,150,192,175,200,10240,640,95026176,98320,98320,192
2699017,shapes-permutations,examples,jayce,48,1.0000,10,0,3,193,150,192,175,200,10240,640,95026176,98320,98320,192
2699017,shapes-permutations,examples,jayce,48,1.0000,10,1,3,-1,-1,-1,179,200,10496,656,97446912,98320,98320,192
2699017,shapes-permutations,examples,jayce,48,1.0000,10,2,3,189,150,192,178,200,11264,704,104709120,98320,98320,192
2699017,shapes-permutations,examples,jayce,48,1.0000,11,0,1,189,150,192,178,200,11264,704,104709120,98320,98320,192
2699017,shapes-permutations,examples,jayce,48,1.0000,11,1,1,-1,165,-1,-1,200,11520,720,107129856,98320,98320,192
2699017,shapes-permutations,examples,jayce,48,1.0000,11,2,1,190,181,192,178,200,12288,768,114392064,98320,98320,192
2699017,shapes-permutations,examples,backprop,0,0.0030,0,0,0,48,58,60,57,200,0,0,0,53088,53088,0
2699017,shapes-permutations,examples,backprop,0,0.0030,0,1,0,141,-1,-1,-1,200,256,16,1731840,53088,53088,0
2699017,shapes-permutations,examples,backprop,0,0.0030,0,2,0,182,89,103,80,200,1024,64,6927360,53088,53088,0
2699017,shapes-permutations,examples,backprop,0,0.0030,1,0,1,182,89,103,80,200,1024,64,6927360,53088,53088,0
2699017,shapes-permutations,examples,backprop,0,0.0030,1,1,1,-1,157,-1,-1,200,1280,80,8659200,53088,53088,0
2699017,shapes-permutations,examples,backprop,0,0.0030,1,2,1,168,187,98,97,200,2048,128,13854720,53088,53088,0
2699017,shapes-permutations,examples,backprop,0,0.0030,2,0,2,168,187,98,97,200,2048,128,13854720,53088,53088,0
2699017,shapes-permutations,examples,backprop,0,0.0030,2,1,2,-1,-1,157,-1,200,2304,144,15586560,53088,53088,0
2699017,shapes-permutations,examples,backprop,0,0.0030,2,2,2,158,161,179,101,200,3072,192,20782080,53088,53088,0
2699017,shapes-permutations,examples,backprop,0,0.0030,3,0,3,158,161,179,101,200,3072,192,20782080,53088,53088,0
2699017,shapes-permutations,examples,backprop,0,0.0030,3,1,3,-1,-1,-1,145,200,3328,208,22513920,53088,53088,0
2699017,shapes-permutations,examples,backprop,0,0.0030,3,2,3,158,157,170,173,200,4096,256,27709440,53088,53088,0
2699017,shapes-permutations,examples,backprop,0,0.0030,4,0,0,158,157,170,173,200,4096,256,27709440,53088,53088,0
2699017,shapes-permutations,examples,backprop,0,0.0030,4,1,0,165,-1,-1,-1,200,4352,272,29441280,53088,53088,0
2699017,shapes-permutations,examples,backprop,0,0.0030,4,2,0,190,160,172,169,200,5120,320,34636800,53088,53088,0
2699017,shapes-permutations,examples,backprop,0,0.0030,5,0,2,190,160,172,169,200,5120,320,34636800,53088,53088,0
2699017,shapes-permutations,examples,backprop,0,0.0030,5,1,2,-1,-1,174,-1,200,5376,336,36368640,53088,53088,0
2699017,shapes-permutations,examples,backprop,0,0.0030,5,2,2,187,158,190,163,200,6144,384,41564160,53088,53088,0
2699017,shapes-permutations,examples,backprop,0,0.0030,6,0,1,187,158,190,163,200,6144,384,41564160,53088,53088,0
2699017,shapes-permutations,examples,backprop,0,0.0030,6,1,1,-1,167,-1,-1,200,6400,400,43296000,53088,53088,0
2699017,shapes-permutations,examples,backprop,0,0.0030,6,2,1,177,192,186,157,200,7168,448,48491520,53088,53088,0
2699017,shapes-permutations,examples,backprop,0,0.0030,7,0,3,177,192,186,157,200,7168,448,48491520,53088,53088,0
2699017,shapes-permutations,examples,backprop,0,0.0030,7,1,3,-1,-1,-1,166,200,7424,464,50223360,53088,53088,0
2699017,shapes-permutations,examples,backprop,0,0.0030,7,2,3,176,178,174,187,200,8192,512,55418880,53088,53088,0
2699017,shapes-permutations,examples,backprop,0,0.0030,8,0,2,176,178,174,187,200,8192,512,55418880,53088,53088,0
2699017,shapes-permutations,examples,backprop,0,0.0030,8,1,2,-1,-1,187,-1,200,8448,528,57150720,53088,53088,0
2699017,shapes-permutations,examples,backprop,0,0.0030,8,2,2,178,166,195,184,200,9216,576,62346240,53088,53088,0
2699017,shapes-permutations,examples,backprop,0,0.0030,9,0,0,178,166,195,184,200,9216,576,62346240,53088,53088,0
2699017,shapes-permutations,examples,backprop,0,0.0030,9,1,0,185,-1,-1,-1,200,9472,592,64078080,53088,53088,0
2699017,shapes-permutations,examples,backprop,0,0.0030,9,2,0,192,169,185,181,200,10240,640,69273600,53088,53088,0
2699017,shapes-permutations,examples,backprop,0,0.0030,10,0,3,192,169,185,181,200,10240,640,69273600,53088,53088,0
2699017,shapes-permutations,examples,backprop,0,0.0030,10,1,3,-1,-1,-1,186,200,10496,656,71005440,53088,53088,0
2699017,shapes-permutations,examples,backprop,0,0.0030,10,2,3,180,163,183,188,200,11264,704,76200960,53088,53088,0
2699017,shapes-permutations,examples,backprop,0,0.0030,11,0,1,180,163,183,188,200,11264,704,76200960,53088,53088,0
2699017,shapes-permutations,examples,backprop,0,0.0030,11,1,1,-1,178,-1,-1,200,11520,720,77932800,53088,53088,0
2699017,shapes-permutations,examples,backprop,0,0.0030,11,2,1,191,195,181,185,200,12288,768,83128320,53088,53088,0
2699017,shapes-permutations,work,jayce,48,1.0000,0,0,0,50,50,50,50,200,0,0,0,16,98320,0
2699017,shapes-permutations,work,jayce,48,1.0000,0,1,0,197,-1,-1,-1,200,256,16,617472,98320,98320,192
2699017,shapes-permutations,work,jayce,48,1.0000,0,2,0,197,79,89,98,200,448,28,2433024,98320,98320,192
2699017,shapes-permutations,work,jayce,48,1.0000,1,0,1,197,79,89,98,200,448,28,2433024,98320,98320,192
2699017,shapes-permutations,work,jayce,48,1.0000,1,1,1,-1,151,-1,-1,200,512,32,3038208,98320,98320,192
2699017,shapes-permutations,work,jayce,48,1.0000,1,2,1,197,185,92,103,200,704,44,4853760,98320,98320,192
2699017,shapes-permutations,work,jayce,48,1.0000,2,0,2,197,185,92,103,200,704,44,4853760,98320,98320,192
2699017,shapes-permutations,work,jayce,48,1.0000,2,1,2,-1,-1,154,-1,200,768,48,5458944,98320,98320,192
2699017,shapes-permutations,work,jayce,48,1.0000,2,2,2,197,172,155,100,200,960,60,7274496,98320,98320,192
2699017,shapes-permutations,work,jayce,48,1.0000,3,0,3,197,172,155,100,200,960,60,7274496,98320,98320,192
2699017,shapes-permutations,work,jayce,48,1.0000,3,1,3,-1,-1,-1,142,200,1024,64,7879680,98320,98320,192
2699017,shapes-permutations,work,jayce,48,1.0000,3,2,3,193,146,153,167,200,1216,76,9695232,98320,98320,192
2699017,shapes-permutations,work,jayce,48,1.0000,4,0,0,193,146,153,167,200,1216,76,9695232,98320,98320,192
2699017,shapes-permutations,work,jayce,48,1.0000,4,1,0,192,-1,-1,-1,200,1280,80,10300416,98320,98320,192
2699017,shapes-permutations,work,jayce,48,1.0000,4,2,0,199,147,153,166,200,1472,92,12115968,98320,98320,192
2699017,shapes-permutations,work,jayce,48,1.0000,5,0,2,199,147,153,166,200,1472,92,12115968,98320,98320,192
2699017,shapes-permutations,work,jayce,48,1.0000,5,1,2,-1,-1,175,-1,200,1536,96,12721152,98320,98320,192
2699017,shapes-permutations,work,jayce,48,1.0000,5,2,2,199,146,176,166,200,1728,108,14536704,98320,98320,192
2699017,shapes-permutations,work,jayce,48,1.0000,6,0,1,199,146,176,166,200,1728,108,14536704,98320,98320,192
2699017,shapes-permutations,work,jayce,48,1.0000,6,1,1,-1,163,-1,-1,200,1792,112,15141888,98320,98320,192
2699017,shapes-permutations,work,jayce,48,1.0000,6,2,1,199,155,175,147,200,1984,124,16957440,98320,98320,192
2699017,shapes-permutations,work,jayce,48,1.0000,7,0,3,199,155,175,147,200,1984,124,16957440,98320,98320,192
2699017,shapes-permutations,work,jayce,48,1.0000,7,1,3,-1,-1,-1,167,200,2048,128,17562624,98320,98320,192
2699017,shapes-permutations,work,jayce,48,1.0000,7,2,3,195,155,175,173,200,2240,140,19378176,98320,98320,192
2699017,shapes-permutations,work,jayce,48,1.0000,8,0,2,195,155,175,173,200,2240,140,19378176,98320,98320,192
2699017,shapes-permutations,work,jayce,48,1.0000,8,1,2,-1,-1,170,-1,200,2304,144,19983360,98320,98320,192
2699017,shapes-permutations,work,jayce,48,1.0000,8,2,2,196,153,179,168,200,2496,156,21798912,98320,98320,192
2699017,shapes-permutations,work,jayce,48,1.0000,9,0,0,196,153,179,168,200,2496,156,21798912,98320,98320,192
2699017,shapes-permutations,work,jayce,48,1.0000,9,1,0,199,-1,-1,-1,200,2560,160,22404096,98320,98320,192
2699017,shapes-permutations,work,jayce,48,1.0000,9,2,0,198,153,178,168,200,2752,172,24219648,98320,98320,192
2699017,shapes-permutations,work,jayce,48,1.0000,10,0,3,198,153,178,168,200,2752,172,24219648,98320,98320,192
2699017,shapes-permutations,work,jayce,48,1.0000,10,1,3,-1,-1,-1,179,200,2816,176,24824832,98320,98320,192
2699017,shapes-permutations,work,jayce,48,1.0000,10,2,3,198,152,178,183,200,3008,188,26640384,98320,98320,192
2699017,shapes-permutations,work,jayce,48,1.0000,11,0,1,198,152,178,183,200,3008,188,26640384,98320,98320,192
2699017,shapes-permutations,work,jayce,48,1.0000,11,1,1,-1,166,-1,-1,200,3072,192,27245568,98320,98320,192
2699017,shapes-permutations,work,jayce,48,1.0000,11,2,1,198,166,178,183,200,3264,204,29061120,98320,98320,192
2699017,shapes-permutations,work,backprop,0,0.0100,0,0,0,48,58,60,57,200,0,0,0,53088,53088,0
2699017,shapes-permutations,work,backprop,0,0.0100,0,1,0,130,-1,-1,-1,200,80,5,541200,53088,53088,0
2699017,shapes-permutations,work,backprop,0,0.0100,0,2,0,188,94,94,91,200,368,23,2489520,53088,53088,0
2699017,shapes-permutations,work,backprop,0,0.0100,1,0,1,188,94,94,91,200,368,23,2489520,53088,53088,0
2699017,shapes-permutations,work,backprop,0,0.0100,1,1,1,-1,142,-1,-1,200,448,28,3030720,53088,53088,0
2699017,shapes-permutations,work,backprop,0,0.0100,1,2,1,155,171,98,105,200,736,46,4979040,53088,53088,0
2699017,shapes-permutations,work,backprop,0,0.0100,2,0,2,155,171,98,105,200,736,46,4979040,53088,53088,0
2699017,shapes-permutations,work,backprop,0,0.0100,2,1,2,-1,-1,133,-1,200,816,51,5520240,53088,53088,0
2699017,shapes-permutations,work,backprop,0,0.0100,2,2,2,152,158,165,95,200,1104,69,7468560,53088,53088,0
2699017,shapes-permutations,work,backprop,0,0.0100,3,0,3,152,158,165,95,200,1104,69,7468560,53088,53088,0
2699017,shapes-permutations,work,backprop,0,0.0100,3,1,3,-1,-1,-1,133,200,1184,74,8009760,53088,53088,0
2699017,shapes-permutations,work,backprop,0,0.0100,3,2,3,144,152,152,171,200,1472,92,9958080,53088,53088,0
2699017,shapes-permutations,work,backprop,0,0.0100,4,0,0,144,152,152,171,200,1472,92,9958080,53088,53088,0
2699017,shapes-permutations,work,backprop,0,0.0100,4,1,0,151,-1,-1,-1,200,1552,97,10499280,53088,53088,0
2699017,shapes-permutations,work,backprop,0,0.0100,4,2,0,177,159,159,164,200,1840,115,12447600,53088,53088,0
2699017,shapes-permutations,work,backprop,0,0.0100,5,0,2,177,159,159,164,200,1840,115,12447600,53088,53088,0
2699017,shapes-permutations,work,backprop,0,0.0100,5,1,2,-1,-1,157,-1,200,1920,120,12988800,53088,53088,0
2699017,shapes-permutations,work,backprop,0,0.0100,5,2,2,181,162,180,166,200,2208,138,14937120,53088,53088,0
2699017,shapes-permutations,work,backprop,0,0.0100,6,0,1,181,162,180,166,200,2208,138,14937120,53088,53088,0
2699017,shapes-permutations,work,backprop,0,0.0100,6,1,1,-1,168,-1,-1,200,2288,143,15478320,53088,53088,0
2699017,shapes-permutations,work,backprop,0,0.0100,6,2,1,175,187,179,159,200,2576,161,17426640,53088,53088,0
2699017,shapes-permutations,work,backprop,0,0.0100,7,0,3,175,187,179,159,200,2576,161,17426640,53088,53088,0
2699017,shapes-permutations,work,backprop,0,0.0100,7,1,3,-1,-1,-1,154,200,2656,166,17967840,53088,53088,0
2699017,shapes-permutations,work,backprop,0,0.0100,7,2,3,171,180,176,179,200,2944,184,19916160,53088,53088,0
2699017,shapes-permutations,work,backprop,0,0.0100,8,0,2,171,180,176,179,200,2944,184,19916160,53088,53088,0
2699017,shapes-permutations,work,backprop,0,0.0100,8,1,2,-1,-1,183,-1,200,3024,189,20457360,53088,53088,0
2699017,shapes-permutations,work,backprop,0,0.0100,8,2,2,167,175,184,175,200,3312,207,22405680,53088,53088,0
2699017,shapes-permutations,work,backprop,0,0.0100,9,0,0,167,175,184,175,200,3312,207,22405680,53088,53088,0
2699017,shapes-permutations,work,backprop,0,0.0100,9,1,0,179,-1,-1,-1,200,3392,212,22946880,53088,53088,0
2699017,shapes-permutations,work,backprop,0,0.0100,9,2,0,184,182,167,167,200,3680,230,24895200,53088,53088,0
2699017,shapes-permutations,work,backprop,0,0.0100,10,0,3,184,182,167,167,200,3680,230,24895200,53088,53088,0
2699017,shapes-permutations,work,backprop,0,0.0100,10,1,3,-1,-1,-1,182,200,3760,235,25436400,53088,53088,0
2699017,shapes-permutations,work,backprop,0,0.0100,10,2,3,187,164,177,178,200,4048,253,27384720,53088,53088,0
2699017,shapes-permutations,work,backprop,0,0.0100,11,0,1,187,164,177,178,200,4048,253,27384720,53088,53088,0
2699017,shapes-permutations,work,backprop,0,0.0100,11,1,1,-1,182,-1,-1,200,4128,258,27925920,53088,53088,0
2699017,shapes-permutations,work,backprop,0,0.0100,11,2,1,180,191,175,169,200,4416,276,29874240,53088,53088,0
2699017,shapes-permutations,memory,jayce,24,0.6000,0,0,0,50,50,50,50,200,0,0,0,16,49168,0
2699017,shapes-permutations,memory,jayce,24,0.6000,0,1,0,198,-1,-1,-1,200,256,16,777984,49168,49168,96
2699017,shapes-permutations,memory,jayce,24,0.6000,0,2,0,199,69,83,68,200,1024,64,4482816,49168,49168,96
2699017,shapes-permutations,memory,jayce,24,0.6000,1,0,1,199,69,83,68,200,1024,64,4482816,49168,49168,96
2699017,shapes-permutations,memory,jayce,24,0.6000,1,1,1,-1,173,-1,-1,200,1280,80,5717760,49168,49168,96
2699017,shapes-permutations,memory,jayce,24,0.6000,1,2,1,199,165,98,91,200,2048,128,9422592,49168,49168,96
2699017,shapes-permutations,memory,jayce,24,0.6000,2,0,2,199,165,98,91,200,2048,128,9422592,49168,49168,96
2699017,shapes-permutations,memory,jayce,24,0.6000,2,1,2,-1,-1,147,-1,200,2304,144,10657536,49168,49168,96
2699017,shapes-permutations,memory,jayce,24,0.6000,2,2,2,194,140,171,74,200,3072,192,14362368,49168,49168,96
2699017,shapes-permutations,memory,jayce,24,0.6000,3,0,3,194,140,171,74,200,3072,192,14362368,49168,49168,96
2699017,shapes-permutations,memory,jayce,24,0.6000,3,1,3,-1,-1,-1,171,200,3328,208,15597312,49168,49168,96
2699017,shapes-permutations,memory,jayce,24,0.6000,3,2,3,193,108,149,177,200,4096,256,19302144,49168,49168,96
2699017,shapes-permutations,memory,jayce,24,0.6000,4,0,0,193,108,149,177,200,4096,256,19302144,49168,49168,96
2699017,shapes-permutations,memory,jayce,24,0.6000,4,1,0,200,-1,-1,-1,200,4352,272,20537088,49168,49168,96
2699017,shapes-permutations,memory,jayce,24,0.6000,4,2,0,200,111,151,177,200,5120,320,24241920,49168,49168,96
2699017,shapes-permutations,memory,jayce,24,0.6000,5,0,2,200,111,151,177,200,5120,320,24241920,49168,49168,96
2699017,shapes-permutations,memory,jayce,24,0.6000,5,1,2,-1,-1,160,-1,200,5376,336,25476864,49168,49168,96
2699017,shapes-permutations,memory,jayce,24,0.6000,5,2,2,197,107,179,177,200,6144,384,29181696,49168,49168,96
2699017,shapes-permutations,memory,jayce,24,0.6000,6,0,1,197,107,179,177,200,6144,384,29181696,49168,49168,96
2699017,shapes-permutations,memory,jayce,24,0.6000,6,1,1,-1,156,-1,-1,200,6400,400,30416640,49168,49168,96
2699017,shapes-permutations,memory,jayce,24,0.6000,6,2,1,196,176,158,119,200,7168,448,34121472,49168,49168,96
2699017,shapes-permutations,memory,jayce,24,0.6000,7,0,3,196,176,158,119,200,7168,448,34121472,49168,49168,96
2699017,shapes-permutations,memory,jayce,24,0.6000,7,1,3,-1,-1,-1,171,200,7424,464,35356416,49168,49168,96
2699017,shapes-permutations,memory,jayce,24,0.6000,7,2,3,194,149,145,181,200,8192,512,39061248,49168,49168,96
2699017,shapes-permutations,memory,jayce,24,0.6000,8,0,2,194,149,145,181,200,8192,512,39061248,49168,49168,96
2699017,shapes-permutations,memory,jayce,24,0.6000,8,1,2,-1,-1,164,-1,200,8448,528,40296192,49168,49168,96
2699017,shapes-permutations,memory,jayce,24,0.6000,8,2,2,194,133,175,174,200,9216,576,44001024,49168,49168,96
2699017,shapes-permutations,memory,jayce,24,0.6000,9,0,0,194,133,175,174,200,9216,576,44001024,49168,49168,96
2699017,shapes-permutations,memory,jayce,24,0.6000,9,1,0,199,-1,-1,-1,200,9472,592,45235968,49168,49168,96
2699017,shapes-permutations,memory,jayce,24,0.6000,9,2,0,198,132,175,174,200,10240,640,48940800,49168,49168,96
2699017,shapes-permutations,memory,jayce,24,0.6000,10,0,3,198,132,175,174,200,10240,640,48940800,49168,49168,96
2699017,shapes-permutations,memory,jayce,24,0.6000,10,1,3,-1,-1,-1,173,200,10496,656,50175744,49168,49168,96
2699017,shapes-permutations,memory,jayce,24,0.6000,10,2,3,198,129,175,187,200,11264,704,53880576,49168,49168,96
2699017,shapes-permutations,memory,jayce,24,0.6000,11,0,1,198,129,175,187,200,11264,704,53880576,49168,49168,96
2699017,shapes-permutations,memory,jayce,24,0.6000,11,1,1,-1,162,-1,-1,200,11520,720,55115520,49168,49168,96
2699017,shapes-permutations,memory,jayce,24,0.6000,11,2,1,196,183,157,154,200,12288,768,58820352,49168,49168,96
2699017,shapes-permutations,memory,backprop,0,0.0030,0,0,0,48,58,60,57,200,0,0,0,53088,53088,0
2699017,shapes-permutations,memory,backprop,0,0.0030,0,1,0,141,-1,-1,-1,200,256,16,1731840,53088,53088,0
2699017,shapes-permutations,memory,backprop,0,0.0030,0,2,0,182,89,103,80,200,1024,64,6927360,53088,53088,0
2699017,shapes-permutations,memory,backprop,0,0.0030,1,0,1,182,89,103,80,200,1024,64,6927360,53088,53088,0
2699017,shapes-permutations,memory,backprop,0,0.0030,1,1,1,-1,157,-1,-1,200,1280,80,8659200,53088,53088,0
2699017,shapes-permutations,memory,backprop,0,0.0030,1,2,1,168,187,98,97,200,2048,128,13854720,53088,53088,0
2699017,shapes-permutations,memory,backprop,0,0.0030,2,0,2,168,187,98,97,200,2048,128,13854720,53088,53088,0
2699017,shapes-permutations,memory,backprop,0,0.0030,2,1,2,-1,-1,157,-1,200,2304,144,15586560,53088,53088,0
2699017,shapes-permutations,memory,backprop,0,0.0030,2,2,2,158,161,179,101,200,3072,192,20782080,53088,53088,0
2699017,shapes-permutations,memory,backprop,0,0.0030,3,0,3,158,161,179,101,200,3072,192,20782080,53088,53088,0
2699017,shapes-permutations,memory,backprop,0,0.0030,3,1,3,-1,-1,-1,145,200,3328,208,22513920,53088,53088,0
2699017,shapes-permutations,memory,backprop,0,0.0030,3,2,3,158,157,170,173,200,4096,256,27709440,53088,53088,0
2699017,shapes-permutations,memory,backprop,0,0.0030,4,0,0,158,157,170,173,200,4096,256,27709440,53088,53088,0
2699017,shapes-permutations,memory,backprop,0,0.0030,4,1,0,165,-1,-1,-1,200,4352,272,29441280,53088,53088,0
2699017,shapes-permutations,memory,backprop,0,0.0030,4,2,0,190,160,172,169,200,5120,320,34636800,53088,53088,0
2699017,shapes-permutations,memory,backprop,0,0.0030,5,0,2,190,160,172,169,200,5120,320,34636800,53088,53088,0
2699017,shapes-permutations,memory,backprop,0,0.0030,5,1,2,-1,-1,174,-1,200,5376,336,36368640,53088,53088,0
2699017,shapes-permutations,memory,backprop,0,0.0030,5,2,2,187,158,190,163,200,6144,384,41564160,53088,53088,0
2699017,shapes-permutations,memory,backprop,0,0.0030,6,0,1,187,158,190,163,200,6144,384,41564160,53088,53088,0
2699017,shapes-permutations,memory,backprop,0,0.0030,6,1,1,-1,167,-1,-1,200,6400,400,43296000,53088,53088,0
2699017,shapes-permutations,memory,backprop,0,0.0030,6,2,1,177,192,186,157,200,7168,448,48491520,53088,53088,0
2699017,shapes-permutations,memory,backprop,0,0.0030,7,0,3,177,192,186,157,200,7168,448,48491520,53088,53088,0
2699017,shapes-permutations,memory,backprop,0,0.0030,7,1,3,-1,-1,-1,166,200,7424,464,50223360,53088,53088,0
2699017,shapes-permutations,memory,backprop,0,0.0030,7,2,3,176,178,174,187,200,8192,512,55418880,53088,53088,0
2699017,shapes-permutations,memory,backprop,0,0.0030,8,0,2,176,178,174,187,200,8192,512,55418880,53088,53088,0
2699017,shapes-permutations,memory,backprop,0,0.0030,8,1,2,-1,-1,187,-1,200,8448,528,57150720,53088,53088,0
2699017,shapes-permutations,memory,backprop,0,0.0030,8,2,2,178,166,195,184,200,9216,576,62346240,53088,53088,0
2699017,shapes-permutations,memory,backprop,0,0.0030,9,0,0,178,166,195,184,200,9216,576,62346240,53088,53088,0
2699017,shapes-permutations,memory,backprop,0,0.0030,9,1,0,185,-1,-1,-1,200,9472,592,64078080,53088,53088,0
2699017,shapes-permutations,memory,backprop,0,0.0030,9,2,0,192,169,185,181,200,10240,640,69273600,53088,53088,0
2699017,shapes-permutations,memory,backprop,0,0.0030,10,0,3,192,169,185,181,200,10240,640,69273600,53088,53088,0
2699017,shapes-permutations,memory,backprop,0,0.0030,10,1,3,-1,-1,-1,186,200,10496,656,71005440,53088,53088,0
2699017,shapes-permutations,memory,backprop,0,0.0030,10,2,3,180,163,183,188,200,11264,704,76200960,53088,53088,0
2699017,shapes-permutations,memory,backprop,0,0.0030,11,0,1,180,163,183,188,200,11264,704,76200960,53088,53088,0
2699017,shapes-permutations,memory,backprop,0,0.0030,11,1,1,-1,178,-1,-1,200,11520,720,77932800,53088,53088,0
2699017,shapes-permutations,memory,backprop,0,0.0030,11,2,1,191,195,181,185,200,12288,768,83128320,53088,53088,0
2803746,shapes-permutations,examples,jayce,48,1.0000,0,0,0,50,50,50,50,200,0,0,0,16,98320,0
2803746,shapes-permutations,examples,jayce,48,1.0000,0,1,0,199,-1,-1,-1,200,256,16,617472,98320,98320,192
2803746,shapes-permutations,examples,jayce,48,1.0000,0,2,0,198,68,80,83,200,1024,64,7879680,98320,98320,192
2803746,shapes-permutations,examples,jayce,48,1.0000,1,0,1,198,68,80,83,200,1024,64,7879680,98320,98320,192
2803746,shapes-permutations,examples,jayce,48,1.0000,1,1,1,-1,180,-1,-1,200,1280,80,10300416,98320,98320,192
2803746,shapes-permutations,examples,jayce,48,1.0000,1,2,1,194,176,95,81,200,2048,128,17562624,98320,98320,192
2803746,shapes-permutations,examples,jayce,48,1.0000,2,0,2,194,176,95,81,200,2048,128,17562624,98320,98320,192
2803746,shapes-permutations,examples,jayce,48,1.0000,2,1,2,-1,-1,163,-1,200,2304,144,19983360,98320,98320,192
2803746,shapes-permutations,examples,jayce,48,1.0000,2,2,2,193,163,184,76,200,3072,192,27245568,98320,98320,192
2803746,shapes-permutations,examples,jayce,48,1.0000,3,0,3,193,163,184,76,200,3072,192,27245568,98320,98320,192
2803746,shapes-permutations,examples,jayce,48,1.0000,3,1,3,-1,-1,-1,170,200,3328,208,29666304,98320,98320,192
2803746,shapes-permutations,examples,jayce,48,1.0000,3,2,3,193,146,170,172,200,4096,256,36928512,98320,98320,192
2803746,shapes-permutations,examples,jayce,48,1.0000,4,0,0,193,146,170,172,200,4096,256,36928512,98320,98320,192
2803746,shapes-permutations,examples,jayce,48,1.0000,4,1,0,198,-1,-1,-1,200,4352,272,39349248,98320,98320,192
2803746,shapes-permutations,examples,jayce,48,1.0000,4,2,0,197,143,171,172,200,5120,320,46611456,98320,98320,192
2803746,shapes-permutations,examples,jayce,48,1.0000,5,0,2,197,143,171,172,200,5120,320,46611456,98320,98320,192
2803746,shapes-permutations,examples,jayce,48,1.0000,5,1,2,-1,-1,173,-1,200,5376,336,49032192,98320,98320,192
2803746,shapes-permutations,examples,jayce,48,1.0000,5,2,2,197,143,182,178,200,6144,384,56294400,98320,98320,192
2803746,shapes-permutations,examples,jayce,48,1.0000,6,0,1,197,143,182,178,200,6144,384,56294400,98320,98320,192
2803746,shapes-permutations,examples,jayce,48,1.0000,6,1,1,-1,173,-1,-1,200,6400,400,58715136,98320,98320,192
2803746,shapes-permutations,examples,jayce,48,1.0000,6,2,1,197,181,175,177,200,7168,448,65977344,98320,98320,192
2803746,shapes-permutations,examples,jayce,48,1.0000,7,0,3,197,181,175,177,200,7168,448,65977344,98320,98320,192
2803746,shapes-permutations,examples,jayce,48,1.0000,7,1,3,-1,-1,-1,178,200,7424,464,68398080,98320,98320,192
2803746,shapes-permutations,examples,jayce,48,1.0000,7,2,3,197,181,175,176,200,8192,512,75660288,98320,98320,192
2803746,shapes-permutations,examples,jayce,48,1.0000,8,0,2,197,181,175,176,200,8192,512,75660288,98320,98320,192
2803746,shapes-permutations,examples,jayce,48,1.0000,8,1,2,-1,-1,183,-1,200,8448,528,78081024,98320,98320,192
2803746,shapes-permutations,examples,jayce,48,1.0000,8,2,2,196,181,183,174,200,9216,576,85343232,98320,98320,192
2803746,shapes-permutations,examples,jayce,48,1.0000,9,0,0,196,181,183,174,200,9216,576,85343232,98320,98320,192
2803746,shapes-permutations,examples,jayce,48,1.0000,9,1,0,195,-1,-1,-1,200,9472,592,87763968,98320,98320,192
2803746,shapes-permutations,examples,jayce,48,1.0000,9,2,0,198,181,183,174,200,10240,640,95026176,98320,98320,192
2803746,shapes-permutations,examples,jayce,48,1.0000,10,0,3,198,181,183,174,200,10240,640,95026176,98320,98320,192
2803746,shapes-permutations,examples,jayce,48,1.0000,10,1,3,-1,-1,-1,182,200,10496,656,97446912,98320,98320,192
2803746,shapes-permutations,examples,jayce,48,1.0000,10,2,3,198,178,184,192,200,11264,704,104709120,98320,98320,192
2803746,shapes-permutations,examples,jayce,48,1.0000,11,0,1,198,178,184,192,200,11264,704,104709120,98320,98320,192
2803746,shapes-permutations,examples,jayce,48,1.0000,11,1,1,-1,177,-1,-1,200,11520,720,107129856,98320,98320,192
2803746,shapes-permutations,examples,jayce,48,1.0000,11,2,1,198,183,185,192,200,12288,768,114392064,98320,98320,192
2803746,shapes-permutations,examples,backprop,0,0.0030,0,0,0,45,22,59,45,200,0,0,0,53088,53088,0
2803746,shapes-permutations,examples,backprop,0,0.0030,0,1,0,131,-1,-1,-1,200,256,16,1731840,53088,53088,0
2803746,shapes-permutations,examples,backprop,0,0.0030,0,2,0,185,81,82,87,200,1024,64,6927360,53088,53088,0
2803746,shapes-permutations,examples,backprop,0,0.0030,1,0,1,185,81,82,87,200,1024,64,6927360,53088,53088,0
2803746,shapes-permutations,examples,backprop,0,0.0030,1,1,1,-1,151,-1,-1,200,1280,80,8659200,53088,53088,0
2803746,shapes-permutations,examples,backprop,0,0.0030,1,2,1,160,189,78,96,200,2048,128,13854720,53088,53088,0
2803746,shapes-permutations,examples,backprop,0,0.0030,2,0,2,160,189,78,96,200,2048,128,13854720,53088,53088,0
2803746,shapes-permutations,examples,backprop,0,0.0030,2,1,2,-1,-1,142,-1,200,2304,144,15586560,53088,53088,0
2803746,shapes-permutations,examples,backprop,0,0.0030,2,2,2,154,169,191,96,200,3072,192,20782080,53088,53088,0
2803746,shapes-permutations,examples,backprop,0,0.0030,3,0,3,154,169,191,96,200,3072,192,20782080,53088,53088,0
2803746,shapes-permutations,examples,backprop,0,0.0030,3,1,3,-1,-1,-1,151,200,3328,208,22513920,53088,53088,0
2803746,shapes-permutations,examples,backprop,0,0.0030,3,2,3,161,169,183,183,200,4096,256,27709440,53088,53088,0
2803746,shapes-permutations,examples,backprop,0,0.0030,4,0,0,161,169,183,183,200,4096,256,27709440,53088,53088,0
2803746,shapes-permutations,examples,backprop,0,0.0030,4,1,0,174,-1,-1,-1,200,4352,272,29441280,53088,53088,0
2803746,shapes-permutations,examples,backprop,0,0.0030,4,2,0,190,163,177,174,200,5120,320,34636800,53088,53088,0
2803746,shapes-permutations,examples,backprop,0,0.0030,5,0,2,190,163,177,174,200,5120,320,34636800,53088,53088,0
2803746,shapes-permutations,examples,backprop,0,0.0030,5,1,2,-1,-1,182,-1,200,5376,336,36368640,53088,53088,0
2803746,shapes-permutations,examples,backprop,0,0.0030,5,2,2,184,160,193,171,200,6144,384,41564160,53088,53088,0
2803746,shapes-permutations,examples,backprop,0,0.0030,6,0,1,184,160,193,171,200,6144,384,41564160,53088,53088,0
2803746,shapes-permutations,examples,backprop,0,0.0030,6,1,1,-1,178,-1,-1,200,6400,400,43296000,53088,53088,0
2803746,shapes-permutations,examples,backprop,0,0.0030,6,2,1,162,193,190,155,200,7168,448,48491520,53088,53088,0
2803746,shapes-permutations,examples,backprop,0,0.0030,7,0,3,162,193,190,155,200,7168,448,48491520,53088,53088,0
2803746,shapes-permutations,examples,backprop,0,0.0030,7,1,3,-1,-1,-1,175,200,7424,464,50223360,53088,53088,0
2803746,shapes-permutations,examples,backprop,0,0.0030,7,2,3,171,190,185,189,200,8192,512,55418880,53088,53088,0
2803746,shapes-permutations,examples,backprop,0,0.0030,8,0,2,171,190,185,189,200,8192,512,55418880,53088,53088,0
2803746,shapes-permutations,examples,backprop,0,0.0030,8,1,2,-1,-1,186,-1,200,8448,528,57150720,53088,53088,0
2803746,shapes-permutations,examples,backprop,0,0.0030,8,2,2,169,185,198,186,200,9216,576,62346240,53088,53088,0
2803746,shapes-permutations,examples,backprop,0,0.0030,9,0,0,169,185,198,186,200,9216,576,62346240,53088,53088,0
2803746,shapes-permutations,examples,backprop,0,0.0030,9,1,0,183,-1,-1,-1,200,9472,592,64078080,53088,53088,0
2803746,shapes-permutations,examples,backprop,0,0.0030,9,2,0,190,187,194,186,200,10240,640,69273600,53088,53088,0
2803746,shapes-permutations,examples,backprop,0,0.0030,10,0,3,190,187,194,186,200,10240,640,69273600,53088,53088,0
2803746,shapes-permutations,examples,backprop,0,0.0030,10,1,3,-1,-1,-1,190,200,10496,656,71005440,53088,53088,0
2803746,shapes-permutations,examples,backprop,0,0.0030,10,2,3,187,177,187,192,200,11264,704,76200960,53088,53088,0
2803746,shapes-permutations,examples,backprop,0,0.0030,11,0,1,187,177,187,192,200,11264,704,76200960,53088,53088,0
2803746,shapes-permutations,examples,backprop,0,0.0030,11,1,1,-1,177,-1,-1,200,11520,720,77932800,53088,53088,0
2803746,shapes-permutations,examples,backprop,0,0.0030,11,2,1,189,192,186,187,200,12288,768,83128320,53088,53088,0
2803746,shapes-permutations,work,jayce,48,1.0000,0,0,0,50,50,50,50,200,0,0,0,16,98320,0
2803746,shapes-permutations,work,jayce,48,1.0000,0,1,0,199,-1,-1,-1,200,256,16,617472,98320,98320,192
2803746,shapes-permutations,work,jayce,48,1.0000,0,2,0,197,66,89,83,200,448,28,2433024,98320,98320,192
2803746,shapes-permutations,work,jayce,48,1.0000,1,0,1,197,66,89,83,200,448,28,2433024,98320,98320,192
2803746,shapes-permutations,work,jayce,48,1.0000,1,1,1,-1,161,-1,-1,200,512,32,3038208,98320,98320,192
2803746,shapes-permutations,work,jayce,48,1.0000,1,2,1,198,180,88,80,200,704,44,4853760,98320,98320,192
2803746,shapes-permutations,work,jayce,48,1.0000,2,0,2,198,180,88,80,200,704,44,4853760,98320,98320,192
2803746,shapes-permutations,work,jayce,48,1.0000,2,1,2,-1,-1,164,-1,200,768,48,5458944,98320,98320,192
2803746,shapes-permutations,work,jayce,48,1.0000,2,2,2,198,159,166,85,200,960,60,7274496,98320,98320,192
2803746,shapes-permutations,work,jayce,48,1.0000,3,0,3,198,159,166,85,200,960,60,7274496,98320,98320,192
2803746,shapes-permutations,work,jayce,48,1.0000,3,1,3,-1,-1,-1,155,200,1024,64,7879680,98320,98320,192
2803746,shapes-permutations,work,jayce,48,1.0000,3,2,3,198,158,157,169,200,1216,76,9695232,98320,98320,192
2803746,shapes-permutations,work,jayce,48,1.0000,4,0,0,198,158,157,169,200,1216,76,9695232,98320,98320,192
2803746,shapes-permutations,work,jayce,48,1.0000,4,1,0,199,-1,-1,-1,200,1280,80,10300416,98320,98320,192
2803746,shapes-permutations,work,jayce,48,1.0000,4,2,0,195,159,157,169,200,1472,92,12115968,98320,98320,192
2803746,shapes-permutations,work,jayce,48,1.0000,5,0,2,195,159,157,169,200,1472,92,12115968,98320,98320,192
2803746,shapes-permutations,work,jayce,48,1.0000,5,1,2,-1,-1,167,-1,200,1536,96,12721152,98320,98320,192
2803746,shapes-permutations,work,jayce,48,1.0000,5,2,2,195,157,179,167,200,1728,108,14536704,98320,98320,192
2803746,shapes-permutations,work,jayce,48,1.0000,6,0,1,195,157,179,167,200,1728,108,14536704,98320,98320,192
2803746,shapes-permutations,work,jayce,48,1.0000,6,1,1,-1,174,-1,-1,200,1792,112,15141888,98320,98320,192
2803746,shapes-permutations,work,jayce,48,1.0000,6,2,1,195,164,179,155,200,1984,124,16957440,98320,98320,192
2803746,shapes-permutations,work,jayce,48,1.0000,7,0,3,195,164,179,155,200,1984,124,16957440,98320,98320,192
2803746,shapes-permutations,work,jayce,48,1.0000,7,1,3,-1,-1,-1,163,200,2048,128,17562624,98320,98320,192
2803746,shapes-permutations,work,jayce,48,1.0000,7,2,3,196,159,172,184,200,2240,140,19378176,98320,98320,192
2803746,shapes-permutations,work,jayce,48,1.0000,8,0,2,196,159,172,184,200,2240,140,19378176,98320,98320,192
2803746,shapes-permutations,work,jayce,48,1.0000,8,1,2,-1,-1,173,-1,200,2304,144,19983360,98320,98320,192
2803746,shapes-permutations,work,jayce,48,1.0000,8,2,2,196,159,186,184,200,2496,156,21798912,98320,98320,192
2803746,shapes-permutations,work,jayce,48,1.0000,9,0,0,196,159,186,184,200,2496,156,21798912,98320,98320,192
2803746,shapes-permutations,work,jayce,48,1.0000,9,1,0,195,-1,-1,-1,200,2560,160,22404096,98320,98320,192
2803746,shapes-permutations,work,jayce,48,1.0000,9,2,0,199,159,186,184,200,2752,172,24219648,98320,98320,192
2803746,shapes-permutations,work,jayce,48,1.0000,10,0,3,199,159,186,184,200,2752,172,24219648,98320,98320,192
2803746,shapes-permutations,work,jayce,48,1.0000,10,1,3,-1,-1,-1,173,200,2816,176,24824832,98320,98320,192
2803746,shapes-permutations,work,jayce,48,1.0000,10,2,3,194,158,186,181,200,3008,188,26640384,98320,98320,192
2803746,shapes-permutations,work,jayce,48,1.0000,11,0,1,194,158,186,181,200,3008,188,26640384,98320,98320,192
2803746,shapes-permutations,work,jayce,48,1.0000,11,1,1,-1,175,-1,-1,200,3072,192,27245568,98320,98320,192
2803746,shapes-permutations,work,jayce,48,1.0000,11,2,1,194,181,176,181,200,3264,204,29061120,98320,98320,192
2803746,shapes-permutations,work,backprop,0,0.0100,0,0,0,45,22,59,45,200,0,0,0,53088,53088,0
2803746,shapes-permutations,work,backprop,0,0.0100,0,1,0,131,-1,-1,-1,200,80,5,541200,53088,53088,0
2803746,shapes-permutations,work,backprop,0,0.0100,0,2,0,181,82,87,93,200,368,23,2489520,53088,53088,0
2803746,shapes-permutations,work,backprop,0,0.0100,1,0,1,181,82,87,93,200,368,23,2489520,53088,53088,0
2803746,shapes-permutations,work,backprop,0,0.0100,1,1,1,-1,121,-1,-1,200,448,28,3030720,53088,53088,0
2803746,shapes-permutations,work,backprop,0,0.0100,1,2,1,177,186,81,99,200,736,46,4979040,53088,53088,0
2803746,shapes-permutations,work,backprop,0,0.0100,2,0,2,177,186,81,99,200,736,46,4979040,53088,53088,0
2803746,shapes-permutations,work,backprop,0,0.0100,2,1,2,-1,-1,116,-1,200,816,51,5520240,53088,53088,0
2803746,shapes-permutations,work,backprop,0,0.0100,2,2,2,164,151,180,104,200,1104,69,7468560,53088,53088,0
2803746,shapes-permutations,work,backprop,0,0.0100,3,0,3,164,151,180,104,200,1104,69,7468560,53088,53088,0
2803746,shapes-permutations,work,backprop,0,0.0100,3,1,3,-1,-1,-1,129,200,1184,74,8009760,53088,53088,0
2803746,shapes-permutations,work,backprop,0,0.0100,3,2,3,161,159,181,163,200,1472,92,9958080,53088,53088,0
2803746,shapes-permutations,work,backprop,0,0.0100,4,0,0,161,159,181,163,200,1472,92,9958080,53088,53088,0
2803746,shapes-permutations,work,backprop,0,0.0100,4,1,0,166,-1,-1,-1,200,1552,97,10499280,53088,53088,0
2803746,shapes-permutations,work,backprop,0,0.0100,4,2,0,186,151,164,157,200,1840,115,12447600,53088,53088,0
2803746,shapes-permutations,work,backprop,0,0.0100,5,0,2,186,151,164,157,200,1840,115,12447600,53088,53088,0
2803746,shapes-permutations,work,backprop,0,0.0100,5,1,2,-1,-1,179,-1,200,1920,120,12988800,53088,53088,0
2803746,shapes-permutations,work,backprop,0,0.0100,5,2,2,170,155,189,154,200,2208,138,14937120,53088,53088,0
2803746,shapes-permutations,work,backprop,0,0.0100,6,0,1,170,155,189,154,200,2208,138,14937120,53088,53088,0
2803746,shapes-permutations,work,backprop,0,0.0100,6,1,1,-1,165,-1,-1,200,2288,143,15478320,53088,53088,0
2803746,shapes-permutations,work,backprop,0,0.0100,6,2,1,163,187,177,157,200,2576,161,17426640,53088,53088,0
2803746,shapes-permutations,work,backprop,0,0.0100,7,0,3,163,187,177,157,200,2576,161,17426640,53088,53088,0
2803746,shapes-permutations,work,backprop,0,0.0100,7,1,3,-1,-1,-1,171,200,2656,166,17967840,53088,53088,0
2803746,shapes-permutations,work,backprop,0,0.0100,7,2,3,176,187,177,185,200,2944,184,19916160,53088,53088,0
2803746,shapes-permutations,work,backprop,0,0.0100,8,0,2,176,187,177,185,200,2944,184,19916160,53088,53088,0
2803746,shapes-permutations,work,backprop,0,0.0100,8,1,2,-1,-1,181,-1,200,3024,189,20457360,53088,53088,0
2803746,shapes-permutations,work,backprop,0,0.0100,8,2,2,171,164,190,180,200,3312,207,22405680,53088,53088,0
2803746,shapes-permutations,work,backprop,0,0.0100,9,0,0,171,164,190,180,200,3312,207,22405680,53088,53088,0
2803746,shapes-permutations,work,backprop,0,0.0100,9,1,0,175,-1,-1,-1,200,3392,212,22946880,53088,53088,0
2803746,shapes-permutations,work,backprop,0,0.0100,9,2,0,190,166,188,173,200,3680,230,24895200,53088,53088,0
2803746,shapes-permutations,work,backprop,0,0.0100,10,0,3,190,166,188,173,200,3680,230,24895200,53088,53088,0
2803746,shapes-permutations,work,backprop,0,0.0100,10,1,3,-1,-1,-1,182,200,3760,235,25436400,53088,53088,0
2803746,shapes-permutations,work,backprop,0,0.0100,10,2,3,187,172,188,188,200,4048,253,27384720,53088,53088,0
2803746,shapes-permutations,work,backprop,0,0.0100,11,0,1,187,172,188,188,200,4048,253,27384720,53088,53088,0
2803746,shapes-permutations,work,backprop,0,0.0100,11,1,1,-1,179,-1,-1,200,4128,258,27925920,53088,53088,0
2803746,shapes-permutations,work,backprop,0,0.0100,11,2,1,186,187,189,184,200,4416,276,29874240,53088,53088,0
2803746,shapes-permutations,memory,jayce,24,0.6000,0,0,0,50,50,50,50,200,0,0,0,16,49168,0
2803746,shapes-permutations,memory,jayce,24,0.6000,0,1,0,198,-1,-1,-1,200,256,16,777984,49168,49168,96
2803746,shapes-permutations,memory,jayce,24,0.6000,0,2,0,199,69,80,75,200,1024,64,4482816,49168,49168,96
2803746,shapes-permutations,memory,jayce,24,0.6000,1,0,1,199,69,80,75,200,1024,64,4482816,49168,49168,96
2803746,shapes-permutations,memory,jayce,24,0.6000,1,1,1,-1,166,-1,-1,200,1280,80,5717760,49168,49168,96
2803746,shapes-permutations,memory,jayce,24,0.6000,1,2,1,196,165,91,86,200,2048,128,9422592,49168,49168,96
2803746,shapes-permutations,memory,jayce,24,0.6000,2,0,2,196,165,91,86,200,2048,128,9422592,49168,49168,96
2803746,shapes-permutations,memory,jayce,24,0.6000,2,1,2,-1,-1,166,-1,200,2304,144,10657536,49168,49168,96
2803746,shapes-permutations,memory,jayce,24,0.6000,2,2,2,197,148,189,79,200,3072,192,14362368,49168,49168,96
2803746,shapes-permutations,memory,jayce,24,0.6000,3,0,3,197,148,189,79,200,3072,192,14362368,49168,49168,96
2803746,shapes-permutations,memory,jayce,24,0.6000,3,1,3,-1,-1,-1,166,200,3328,208,15597312,49168,49168,96
2803746,shapes-permutations,memory,jayce,24,0.6000,3,2,3,189,120,172,166,200,4096,256,19302144,49168,49168,96
2803746,shapes-permutations,memory,jayce,24,0.6000,4,0,0,189,120,172,166,200,4096,256,19302144,49168,49168,96
2803746,shapes-permutations,memory,jayce,24,0.6000,4,1,0,199,-1,-1,-1,200,4352,272,20537088,49168,49168,96
2803746,shapes-permutations,memory,jayce,24,0.6000,4,2,0,200,115,172,163,200,5120,320,24241920,49168,49168,96
2803746,shapes-permutations,memory,jayce,24,0.6000,5,0,2,200,115,172,163,200,5120,320,24241920,49168,49168,96
2803746,shapes-permutations,memory,jayce,24,0.6000,5,1,2,-1,-1,159,-1,200,5376,336,25476864,49168,49168,96
2803746,shapes-permutations,memory,jayce,24,0.6000,5,2,2,200,126,186,162,200,6144,384,29181696,49168,49168,96
2803746,shapes-permutations,memory,jayce,24,0.6000,6,0,1,200,126,186,162,200,6144,384,29181696,49168,49168,96
2803746,shapes-permutations,memory,jayce,24,0.6000,6,1,1,-1,165,-1,-1,200,6400,400,30416640,49168,49168,96
2803746,shapes-permutations,memory,jayce,24,0.6000,6,2,1,194,181,182,154,200,7168,448,34121472,49168,49168,96
2803746,shapes-permutations,memory,jayce,24,0.6000,7,0,3,194,181,182,154,200,7168,448,34121472,49168,49168,96
2803746,shapes-permutations,memory,jayce,24,0.6000,7,1,3,-1,-1,-1,182,200,7424,464,35356416,49168,49168,96
2803746,shapes-permutations,memory,jayce,24,0.6000,7,2,3,193,172,173,171,200,8192,512,39061248,49168,49168,96
2803746,shapes-permutations,memory,jayce,24,0.6000,8,0,2,193,172,173,171,200,8192,512,39061248,49168,49168,96
2803746,shapes-permutations,memory,jayce,24,0.6000,8,1,2,-1,-1,181,-1,200,8448,528,40296192,49168,49168,96
2803746,shapes-permutations,memory,jayce,24,0.6000,8,2,2,194,172,174,167,200,9216,576,44001024,49168,49168,96
2803746,shapes-permutations,memory,jayce,24,0.6000,9,0,0,194,172,174,167,200,9216,576,44001024,49168,49168,96
2803746,shapes-permutations,memory,jayce,24,0.6000,9,1,0,199,-1,-1,-1,200,9472,592,45235968,49168,49168,96
2803746,shapes-permutations,memory,jayce,24,0.6000,9,2,0,199,172,174,164,200,10240,640,48940800,49168,49168,96
2803746,shapes-permutations,memory,jayce,24,0.6000,10,0,3,199,172,174,164,200,10240,640,48940800,49168,49168,96
2803746,shapes-permutations,memory,jayce,24,0.6000,10,1,3,-1,-1,-1,164,200,10496,656,50175744,49168,49168,96
2803746,shapes-permutations,memory,jayce,24,0.6000,10,2,3,196,172,160,187,200,11264,704,53880576,49168,49168,96
2803746,shapes-permutations,memory,jayce,24,0.6000,11,0,1,196,172,160,187,200,11264,704,53880576,49168,49168,96
2803746,shapes-permutations,memory,jayce,24,0.6000,11,1,1,-1,173,-1,-1,200,11520,720,55115520,49168,49168,96
2803746,shapes-permutations,memory,jayce,24,0.6000,11,2,1,193,181,161,180,200,12288,768,58820352,49168,49168,96
2803746,shapes-permutations,memory,backprop,0,0.0030,0,0,0,45,22,59,45,200,0,0,0,53088,53088,0
2803746,shapes-permutations,memory,backprop,0,0.0030,0,1,0,131,-1,-1,-1,200,256,16,1731840,53088,53088,0
2803746,shapes-permutations,memory,backprop,0,0.0030,0,2,0,185,81,82,87,200,1024,64,6927360,53088,53088,0
2803746,shapes-permutations,memory,backprop,0,0.0030,1,0,1,185,81,82,87,200,1024,64,6927360,53088,53088,0
2803746,shapes-permutations,memory,backprop,0,0.0030,1,1,1,-1,151,-1,-1,200,1280,80,8659200,53088,53088,0
2803746,shapes-permutations,memory,backprop,0,0.0030,1,2,1,160,189,78,96,200,2048,128,13854720,53088,53088,0
2803746,shapes-permutations,memory,backprop,0,0.0030,2,0,2,160,189,78,96,200,2048,128,13854720,53088,53088,0
2803746,shapes-permutations,memory,backprop,0,0.0030,2,1,2,-1,-1,142,-1,200,2304,144,15586560,53088,53088,0
2803746,shapes-permutations,memory,backprop,0,0.0030,2,2,2,154,169,191,96,200,3072,192,20782080,53088,53088,0
2803746,shapes-permutations,memory,backprop,0,0.0030,3,0,3,154,169,191,96,200,3072,192,20782080,53088,53088,0
2803746,shapes-permutations,memory,backprop,0,0.0030,3,1,3,-1,-1,-1,151,200,3328,208,22513920,53088,53088,0
2803746,shapes-permutations,memory,backprop,0,0.0030,3,2,3,161,169,183,183,200,4096,256,27709440,53088,53088,0
2803746,shapes-permutations,memory,backprop,0,0.0030,4,0,0,161,169,183,183,200,4096,256,27709440,53088,53088,0
2803746,shapes-permutations,memory,backprop,0,0.0030,4,1,0,174,-1,-1,-1,200,4352,272,29441280,53088,53088,0
2803746,shapes-permutations,memory,backprop,0,0.0030,4,2,0,190,163,177,174,200,5120,320,34636800,53088,53088,0
2803746,shapes-permutations,memory,backprop,0,0.0030,5,0,2,190,163,177,174,200,5120,320,34636800,53088,53088,0
2803746,shapes-permutations,memory,backprop,0,0.0030,5,1,2,-1,-1,182,-1,200,5376,336,36368640,53088,53088,0
2803746,shapes-permutations,memory,backprop,0,0.0030,5,2,2,184,160,193,171,200,6144,384,41564160,53088,53088,0
2803746,shapes-permutations,memory,backprop,0,0.0030,6,0,1,184,160,193,171,200,6144,384,41564160,53088,53088,0
2803746,shapes-permutations,memory,backprop,0,0.0030,6,1,1,-1,178,-1,-1,200,6400,400,43296000,53088,53088,0
2803746,shapes-permutations,memory,backprop,0,0.0030,6,2,1,162,193,190,155,200,7168,448,48491520,53088,53088,0
2803746,shapes-permutations,memory,backprop,0,0.0030,7,0,3,162,193,190,155,200,7168,448,48491520,53088,53088,0
2803746,shapes-permutations,memory,backprop,0,0.0030,7,1,3,-1,-1,-1,175,200,7424,464,50223360,53088,53088,0
2803746,shapes-permutations,memory,backprop,0,0.0030,7,2,3,171,190,185,189,200,8192,512,55418880,53088,53088,0
2803746,shapes-permutations,memory,backprop,0,0.0030,8,0,2,171,190,185,189,200,8192,512,55418880,53088,53088,0
2803746,shapes-permutations,memory,backprop,0,0.0030,8,1,2,-1,-1,186,-1,200,8448,528,57150720,53088,53088,0
2803746,shapes-permutations,memory,backprop,0,0.0030,8,2,2,169,185,198,186,200,9216,576,62346240,53088,53088,0
2803746,shapes-permutations,memory,backprop,0,0.0030,9,0,0,169,185,198,186,200,9216,576,62346240,53088,53088,0
2803746,shapes-permutations,memory,backprop,0,0.0030,9,1,0,183,-1,-1,-1,200,9472,592,64078080,53088,53088,0
2803746,shapes-permutations,memory,backprop,0,0.0030,9,2,0,190,187,194,186,200,10240,640,69273600,53088,53088,0
2803746,shapes-permutations,memory,backprop,0,0.0030,10,0,3,190,187,194,186,200,10240,640,69273600,53088,53088,0
2803746,shapes-permutations,memory,backprop,0,0.0030,10,1,3,-1,-1,-1,190,200,10496,656,71005440,53088,53088,0
2803746,shapes-permutations,memory,backprop,0,0.0030,10,2,3,187,177,187,192,200,11264,704,76200960,53088,53088,0
2803746,shapes-permutations,memory,backprop,0,0.0030,11,0,1,187,177,187,192,200,11264,704,76200960,53088,53088,0
2803746,shapes-permutations,memory,backprop,0,0.0030,11,1,1,-1,177,-1,-1,200,11520,720,77932800,53088,53088,0
2803746,shapes-permutations,memory,backprop,0,0.0030,11,2,1,189,192,186,187,200,12288,768,83128320,53088,53088,0
2908475,shapes-permutations,examples,jayce,48,1.0000,0,0,0,50,50,50,50,200,0,0,0,16,98320,0
2908475,shapes-permutations,examples,jayce,48,1.0000,0,1,0,197,-1,-1,-1,200,256,16,617472,98320,98320,192
2908475,shapes-permutations,examples,jayce,48,1.0000,0,2,0,198,85,83,81,200,1024,64,7879680,98320,98320,192
2908475,shapes-permutations,examples,jayce,48,1.0000,1,0,1,198,85,83,81,200,1024,64,7879680,98320,98320,192
2908475,shapes-permutations,examples,jayce,48,1.0000,1,1,1,-1,168,-1,-1,200,1280,80,10300416,98320,98320,192
2908475,shapes-permutations,examples,jayce,48,1.0000,1,2,1,199,170,77,104,200,2048,128,17562624,98320,98320,192
2908475,shapes-permutations,examples,jayce,48,1.0000,2,0,2,199,170,77,104,200,2048,128,17562624,98320,98320,192
2908475,shapes-permutations,examples,jayce,48,1.0000,2,1,2,-1,-1,170,-1,200,2304,144,19983360,98320,98320,192
2908475,shapes-permutations,examples,jayce,48,1.0000,2,2,2,199,158,174,94,200,3072,192,27245568,98320,98320,192
2908475,shapes-permutations,examples,jayce,48,1.0000,3,0,3,199,158,174,94,200,3072,192,27245568,98320,98320,192
2908475,shapes-permutations,examples,jayce,48,1.0000,3,1,3,-1,-1,-1,178,200,3328,208,29666304,98320,98320,192
2908475,shapes-permutations,examples,jayce,48,1.0000,3,2,3,197,144,165,180,200,4096,256,36928512,98320,98320,192
2908475,shapes-permutations,examples,jayce,48,1.0000,4,0,0,197,144,165,180,200,4096,256,36928512,98320,98320,192
2908475,shapes-permutations,examples,jayce,48,1.0000,4,1,0,199,-1,-1,-1,200,4352,272,39349248,98320,98320,192
2908475,shapes-permutations,examples,jayce,48,1.0000,4,2,0,196,144,165,180,200,5120,320,46611456,98320,98320,192
2908475,shapes-permutations,examples,jayce,48,1.0000,5,0,2,196,144,165,180,200,5120,320,46611456,98320,98320,192
2908475,shapes-permutations,examples,jayce,48,1.0000,5,1,2,-1,-1,175,-1,200,5376,336,49032192,98320,98320,192
2908475,shapes-permutations,examples,jayce,48,1.0000,5,2,2,197,135,189,180,200,6144,384,56294400,98320,98320,192
2908475,shapes-permutations,examples,jayce,48,1.0000,6,0,1,197,135,189,180,200,6144,384,56294400,98320,98320,192
2908475,shapes-permutations,examples,jayce,48,1.0000,6,1,1,-1,169,-1,-1,200,6400,400,58715136,98320,98320,192
2908475,shapes-permutations,examples,jayce,48,1.0000,6,2,1,195,185,182,138,200,7168,448,65977344,98320,98320,192
2908475,shapes-permutations,examples,jayce,48,1.0000,7,0,3,195,185,182,138,200,7168,448,65977344,98320,98320,192
2908475,shapes-permutations,examples,jayce,48,1.0000,7,1,3,-1,-1,-1,186,200,7424,464,68398080,98320,98320,192
2908475,shapes-permutations,examples,jayce,48,1.0000,7,2,3,194,185,159,181,200,8192,512,75660288,98320,98320,192
2908475,shapes-permutations,examples,jayce,48,1.0000,8,0,2,194,185,159,181,200,8192,512,75660288,98320,98320,192
2908475,shapes-permutations,examples,jayce,48,1.0000,8,1,2,-1,-1,179,-1,200,8448,528,78081024,98320,98320,192
2908475,shapes-permutations,examples,jayce,48,1.0000,8,2,2,194,182,184,177,200,9216,576,85343232,98320,98320,192
2908475,shapes-permutations,examples,jayce,48,1.0000,9,0,0,194,182,184,177,200,9216,576,85343232,98320,98320,192
2908475,shapes-permutations,examples,jayce,48,1.0000,9,1,0,198,-1,-1,-1,200,9472,592,87763968,98320,98320,192
2908475,shapes-permutations,examples,jayce,48,1.0000,9,2,0,197,182,184,177,200,10240,640,95026176,98320,98320,192
2908475,shapes-permutations,examples,jayce,48,1.0000,10,0,3,197,182,184,177,200,10240,640,95026176,98320,98320,192
2908475,shapes-permutations,examples,jayce,48,1.0000,10,1,3,-1,-1,-1,182,200,10496,656,97446912,98320,98320,192
2908475,shapes-permutations,examples,jayce,48,1.0000,10,2,3,197,176,184,183,200,11264,704,104709120,98320,98320,192
2908475,shapes-permutations,examples,jayce,48,1.0000,11,0,1,197,176,184,183,200,11264,704,104709120,98320,98320,192
2908475,shapes-permutations,examples,jayce,48,1.0000,11,1,1,-1,176,-1,-1,200,11520,720,107129856,98320,98320,192
2908475,shapes-permutations,examples,jayce,48,1.0000,11,2,1,197,164,184,182,200,12288,768,114392064,98320,98320,192
2908475,shapes-permutations,examples,backprop,0,0.0030,0,0,0,39,44,37,55,200,0,0,0,53088,53088,0
2908475,shapes-permutations,examples,backprop,0,0.0030,0,1,0,135,-1,-1,-1,200,256,16,1731840,53088,53088,0
2908475,shapes-permutations,examples,backprop,0,0.0030,0,2,0,183,79,78,75,200,1024,64,6927360,53088,53088,0
2908475,shapes-permutations,examples,backprop,0,0.0030,1,0,1,183,79,78,75,200,1024,64,6927360,53088,53088,0
2908475,shapes-permutations,examples,backprop,0,0.0030,1,1,1,-1,131,-1,-1,200,1280,80,8659200,53088,53088,0
2908475,shapes-permutations,examples,backprop,0,0.0030,1,2,1,175,181,76,81,200,2048,128,13854720,53088,53088,0
2908475,shapes-permutations,examples,backprop,0,0.0030,2,0,2,175,181,76,81,200,2048,128,13854720,53088,53088,0
2908475,shapes-permutations,examples,backprop,0,0.0030,2,1,2,-1,-1,144,-1,200,2304,144,15586560,53088,53088,0
2908475,shapes-permutations,examples,backprop,0,0.0030,2,2,2,172,162,182,98,200,3072,192,20782080,53088,53088,0
2908475,shapes-permutations,examples,backprop,0,0.0030,3,0,3,172,162,182,98,200,3072,192,20782080,53088,53088,0
2908475,shapes-permutations,examples,backprop,0,0.0030,3,1,3,-1,-1,-1,146,200,3328,208,22513920,53088,53088,0
2908475,shapes-permutations,examples,backprop,0,0.0030,3,2,3,161,168,169,189,200,4096,256,27709440,53088,53088,0
2908475,shapes-permutations,examples,backprop,0,0.0030,4,0,0,161,168,169,189,200,4096,256,27709440,53088,53088,0
2908475,shapes-permutations,examples,backprop,0,0.0030,4,1,0,176,-1,-1,-1,200,4352,272,29441280,53088,53088,0
2908475,shapes-permutations,examples,backprop,0,0.0030,4,2,0,187,163,170,176,200,5120,320,34636800,53088,53088,0
2908475,shapes-permutations,examples,backprop,0,0.0030,5,0,2,187,163,170,176,200,5120,320,34636800,53088,53088,0
2908475,shapes-permutations,examples,backprop,0,0.0030,5,1,2,-1,-1,178,-1,200,5376,336,36368640,53088,53088,0
2908475,shapes-permutations,examples,backprop,0,0.0030,5,2,2,181,160,188,175,200,6144,384,41564160,53088,53088,0
2908475,shapes-permutations,examples,backprop,0,0.0030,6,0,1,181,160,188,175,200,6144,384,41564160,53088,53088,0
2908475,shapes-permutations,examples,backprop,0,0.0030,6,1,1,-1,178,-1,-1,200,6400,400,43296000,53088,53088,0
2908475,shapes-permutations,examples,backprop,0,0.0030,6,2,1,176,190,185,167,200,7168,448,48491520,53088,53088,0
2908475,shapes-permutations,examples,backprop,0,0.0030,7,0,3,176,190,185,167,200,7168,448,48491520,53088,53088,0
2908475,shapes-permutations,examples,backprop,0,0.0030,7,1,3,-1,-1,-1,174,200,7424,464,50223360,53088,53088,0
2908475,shapes-permutations,examples,backprop,0,0.0030,7,2,3,171,189,183,193,200,8192,512,55418880,53088,53088,0
2908475,shapes-permutations,examples,backprop,0,0.0030,8,0,2,171,189,183,193,200,8192,512,55418880,53088,53088,0
2908475,shapes-permutations,examples,backprop,0,0.0030,8,1,2,-1,-1,187,-1,200,8448,528,57150720,53088,53088,0
2908475,shapes-permutations,examples,backprop,0,0.0030,8,2,2,173,176,191,187,200,9216,576,62346240,53088,53088,0
2908475,shapes-permutations,examples,backprop,0,0.0030,9,0,0,173,176,191,187,200,9216,576,62346240,53088,53088,0
2908475,shapes-permutations,examples,backprop,0,0.0030,9,1,0,174,-1,-1,-1,200,9472,592,64078080,53088,53088,0
2908475,shapes-permutations,examples,backprop,0,0.0030,9,2,0,187,174,188,180,200,10240,640,69273600,53088,53088,0
2908475,shapes-permutations,examples,backprop,0,0.0030,10,0,3,187,174,188,180,200,10240,640,69273600,53088,53088,0
2908475,shapes-permutations,examples,backprop,0,0.0030,10,1,3,-1,-1,-1,188,200,10496,656,71005440,53088,53088,0
2908475,shapes-permutations,examples,backprop,0,0.0030,10,2,3,173,170,190,192,200,11264,704,76200960,53088,53088,0
2908475,shapes-permutations,examples,backprop,0,0.0030,11,0,1,173,170,190,192,200,11264,704,76200960,53088,53088,0
2908475,shapes-permutations,examples,backprop,0,0.0030,11,1,1,-1,183,-1,-1,200,11520,720,77932800,53088,53088,0
2908475,shapes-permutations,examples,backprop,0,0.0030,11,2,1,185,195,187,194,200,12288,768,83128320,53088,53088,0
2908475,shapes-permutations,work,jayce,48,1.0000,0,0,0,50,50,50,50,200,0,0,0,16,98320,0
2908475,shapes-permutations,work,jayce,48,1.0000,0,1,0,197,-1,-1,-1,200,256,16,617472,98320,98320,192
2908475,shapes-permutations,work,jayce,48,1.0000,0,2,0,198,70,84,81,200,448,28,2433024,98320,98320,192
2908475,shapes-permutations,work,jayce,48,1.0000,1,0,1,198,70,84,81,200,448,28,2433024,98320,98320,192
2908475,shapes-permutations,work,jayce,48,1.0000,1,1,1,-1,157,-1,-1,200,512,32,3038208,98320,98320,192
2908475,shapes-permutations,work,jayce,48,1.0000,1,2,1,198,168,80,81,200,704,44,4853760,98320,98320,192
2908475,shapes-permutations,work,jayce,48,1.0000,2,0,2,198,168,80,81,200,704,44,4853760,98320,98320,192
2908475,shapes-permutations,work,jayce,48,1.0000,2,1,2,-1,-1,175,-1,200,768,48,5458944,98320,98320,192
2908475,shapes-permutations,work,jayce,48,1.0000,2,2,2,196,158,172,73,200,960,60,7274496,98320,98320,192
2908475,shapes-permutations,work,jayce,48,1.0000,3,0,3,196,158,172,73,200,960,60,7274496,98320,98320,192
2908475,shapes-permutations,work,jayce,48,1.0000,3,1,3,-1,-1,-1,157,200,1024,64,7879680,98320,98320,192
2908475,shapes-permutations,work,jayce,48,1.0000,3,2,3,196,158,148,179,200,1216,76,9695232,98320,98320,192
2908475,shapes-permutations,work,jayce,48,1.0000,4,0,0,196,158,148,179,200,1216,76,9695232,98320,98320,192
2908475,shapes-permutations,work,jayce,48,1.0000,4,1,0,200,-1,-1,-1,200,1280,80,10300416,98320,98320,192
2908475,shapes-permutations,work,jayce,48,1.0000,4,2,0,196,156,141,179,200,1472,92,12115968,98320,98320,192
2908475,shapes-permutations,work,jayce,48,1.0000,5,0,2,196,156,141,179,200,1472,92,12115968,98320,98320,192
2908475,shapes-permutations,work,jayce,48,1.0000,5,1,2,-1,-1,146,-1,200,1536,96,12721152,98320,98320,192
2908475,shapes-permutations,work,jayce,48,1.0000,5,2,2,195,154,176,179,200,1728,108,14536704,98320,98320,192
2908475,shapes-permutations,work,jayce,48,1.0000,6,0,1,195,154,176,179,200,1728,108,14536704,98320,98320,192
2908475,shapes-permutations,work,jayce,48,1.0000,6,1,1,-1,171,-1,-1,200,1792,112,15141888,98320,98320,192
2908475,shapes-permutations,work,jayce,48,1.0000,6,2,1,195,169,173,178,200,1984,124,16957440,98320,98320,192
2908475,shapes-permutations,work,jayce,48,1.0000,7,0,3,195,169,173,178,200,1984,124,16957440,98320,98320,192
2908475,shapes-permutations,work,jayce,48,1.0000,7,1,3,-1,-1,-1,177,200,2048,128,17562624,98320,98320,192
2908475,shapes-permutations,work,jayce,48,1.0000,7,2,3,195,165,173,181,200,2240,140,19378176,98320,98320,192
2908475,shapes-permutations,work,jayce,48,1.0000,8,0,2,195,165,173,181,200,2240,140,19378176,98320,98320,192
2908475,shapes-permutations,work,jayce,48,1.0000,8,1,2,-1,-1,166,-1,200,2304,144,19983360,98320,98320,192
2908475,shapes-permutations,work,jayce,48,1.0000,8,2,2,195,165,178,166,200,2496,156,21798912,98320,98320,192
2908475,shapes-permutations,work,jayce,48,1.0000,9,0,0,195,165,178,166,200,2496,156,21798912,98320,98320,192
2908475,shapes-permutations,work,jayce,48,1.0000,9,1,0,194,-1,-1,-1,200,2560,160,22404096,98320,98320,192
2908475,shapes-permutations,work,jayce,48,1.0000,9,2,0,198,165,180,166,200,2752,172,24219648,98320,98320,192
2908475,shapes-permutations,work,jayce,48,1.0000,10,0,3,198,165,180,166,200,2752,172,24219648,98320,98320,192
2908475,shapes-permutations,work,jayce,48,1.0000,10,1,3,-1,-1,-1,172,200,2816,176,24824832,98320,98320,192
2908475,shapes-permutations,work,jayce,48,1.0000,10,2,3,198,165,175,175,200,3008,188,26640384,98320,98320,192
2908475,shapes-permutations,work,jayce,48,1.0000,11,0,1,198,165,175,175,200,3008,188,26640384,98320,98320,192
2908475,shapes-permutations,work,jayce,48,1.0000,11,1,1,-1,157,-1,-1,200,3072,192,27245568,98320,98320,192
2908475,shapes-permutations,work,jayce,48,1.0000,11,2,1,198,172,175,175,200,3264,204,29061120,98320,98320,192
2908475,shapes-permutations,work,backprop,0,0.0100,0,0,0,39,44,37,55,200,0,0,0,53088,53088,0
2908475,shapes-permutations,work,backprop,0,0.0100,0,1,0,132,-1,-1,-1,200,80,5,541200,53088,53088,0
2908475,shapes-permutations,work,backprop,0,0.0100,0,2,0,182,78,72,66,200,368,23,2489520,53088,53088,0
2908475,shapes-permutations,work,backprop,0,0.0100,1,0,1,182,78,72,66,200,368,23,2489520,53088,53088,0
2908475,shapes-permutations,work,backprop,0,0.0100,1,1,1,-1,116,-1,-1,200,448,28,3030720,53088,53088,0
2908475,shapes-permutations,work,backprop,0,0.0100,1,2,1,185,167,80,90,200,736,46,4979040,53088,53088,0
2908475,shapes-permutations,work,backprop,0,0.0100,2,0,2,185,167,80,90,200,736,46,4979040,53088,53088,0
2908475,shapes-permutations,work,backprop,0,0.0100,2,1,2,-1,-1,121,-1,200,816,51,5520240,53088,53088,0
2908475,shapes-permutations,work,backprop,0,0.0100,2,2,2,177,167,177,95,200,1104,69,7468560,53088,53088,0
2908475,shapes-permutations,work,backprop,0,0.0100,3,0,3,177,167,177,95,200,1104,69,7468560,53088,53088,0
2908475,shapes-permutations,work,backprop,0,0.0100,3,1,3,-1,-1,-1,138,200,1184,74,8009760,53088,53088,0
2908475,shapes-permutations,work,backprop,0,0.0100,3,2,3,160,162,158,170,200,1472,92,9958080,53088,53088,0
2908475,shapes-permutations,work,backprop,0,0.0100,4,0,0,160,162,158,170,200,1472,92,9958080,53088,53088,0
2908475,shapes-permutations,work,backprop,0,0.0100,4,1,0,170,-1,-1,-1,200,1552,97,10499280,53088,53088,0
2908475,shapes-permutations,work,backprop,0,0.0100,4,2,0,185,157,165,171,200,1840,115,12447600,53088,53088,0
2908475,shapes-permutations,work,backprop,0,0.0100,5,0,2,185,157,165,171,200,1840,115,12447600,53088,53088,0
2908475,shapes-permutations,work,backprop,0,0.0100,5,1,2,-1,-1,174,-1,200,1920,120,12988800,53088,53088,0
2908475,shapes-permutations,work,backprop,0,0.0100,5,2,2,177,157,185,164,200,2208,138,14937120,53088,53088,0
2908475,shapes-permutations,work,backprop,0,0.0100,6,0,1,177,157,185,164,200,2208,138,14937120,53088,53088,0
2908475,shapes-permutations,work,backprop,0,0.0100,6,1,1,-1,170,-1,-1,200,2288,143,15478320,53088,53088,0
2908475,shapes-permutations,work,backprop,0,0.0100,6,2,1,167,187,185,157,200,2576,161,17426640,53088,53088,0
2908475,shapes-permutations,work,backprop,0,0.0100,7,0,3,167,187,185,157,200,2576,161,17426640,53088,53088,0
2908475,shapes-permutations,work,backprop,0,0.0100,7,1,3,-1,-1,-1,167,200,2656,166,17967840,53088,53088,0
2908475,shapes-permutations,work,backprop,0,0.0100,7,2,3,179,170,182,184,200,2944,184,19916160,53088,53088,0
2908475,shapes-permutations,work,backprop,0,0.0100,8,0,2,179,170,182,184,200,2944,184,19916160,53088,53088,0
2908475,shapes-permutations,work,backprop,0,0.0100,8,1,2,-1,-1,185,-1,200,3024,189,20457360,53088,53088,0
2908475,shapes-permutations,work,backprop,0,0.0100,8,2,2,171,180,191,171,200,3312,207,22405680,53088,53088,0
2908475,shapes-permutations,work,backprop,0,0.0100,9,0,0,171,180,191,171,200,3312,207,22405680,53088,53088,0
2908475,shapes-permutations,work,backprop,0,0.0100,9,1,0,171,-1,-1,-1,200,3392,212,22946880,53088,53088,0
2908475,shapes-permutations,work,backprop,0,0.0100,9,2,0,176,164,179,171,200,3680,230,24895200,53088,53088,0
2908475,shapes-permutations,work,backprop,0,0.0100,10,0,3,176,164,179,171,200,3680,230,24895200,53088,53088,0
2908475,shapes-permutations,work,backprop,0,0.0100,10,1,3,-1,-1,-1,175,200,3760,235,25436400,53088,53088,0
2908475,shapes-permutations,work,backprop,0,0.0100,10,2,3,181,173,184,184,200,4048,253,27384720,53088,53088,0
2908475,shapes-permutations,work,backprop,0,0.0100,11,0,1,181,173,184,184,200,4048,253,27384720,53088,53088,0
2908475,shapes-permutations,work,backprop,0,0.0100,11,1,1,-1,182,-1,-1,200,4128,258,27925920,53088,53088,0
2908475,shapes-permutations,work,backprop,0,0.0100,11,2,1,178,187,189,185,200,4416,276,29874240,53088,53088,0
2908475,shapes-permutations,memory,jayce,24,0.6000,0,0,0,50,50,50,50,200,0,0,0,16,49168,0
2908475,shapes-permutations,memory,jayce,24,0.6000,0,1,0,199,-1,-1,-1,200,256,16,777984,49168,49168,96
2908475,shapes-permutations,memory,jayce,24,0.6000,0,2,0,198,77,76,78,200,1024,64,4482816,49168,49168,96
2908475,shapes-permutations,memory,jayce,24,0.6000,1,0,1,198,77,76,78,200,1024,64,4482816,49168,49168,96
2908475,shapes-permutations,memory,jayce,24,0.6000,1,1,1,-1,168,-1,-1,200,1280,80,5717760,49168,49168,96
2908475,shapes-permutations,memory,jayce,24,0.6000,1,2,1,199,163,79,114,200,2048,128,9422592,49168,49168,96
2908475,shapes-permutations,memory,jayce,24,0.6000,2,0,2,199,163,79,114,200,2048,128,9422592,49168,49168,96
2908475,shapes-permutations,memory,jayce,24,0.6000,2,1,2,-1,-1,172,-1,200,2304,144,10657536,49168,49168,96
2908475,shapes-permutations,memory,jayce,24,0.6000,2,2,2,198,149,172,113,200,3072,192,14362368,49168,49168,96
2908475,shapes-permutations,memory,jayce,24,0.6000,3,0,3,198,149,172,113,200,3072,192,14362368,49168,49168,96
2908475,shapes-permutations,memory,jayce,24,0.6000,3,1,3,-1,-1,-1,173,200,3328,208,15597312,49168,49168,96
2908475,shapes-permutations,memory,jayce,24,0.6000,3,2,3,198,127,167,170,200,4096,256,19302144,49168,49168,96
2908475,shapes-permutations,memory,jayce,24,0.6000,4,0,0,198,127,167,170,200,4096,256,19302144,49168,49168,96
2908475,shapes-permutations,memory,jayce,24,0.6000,4,1,0,200,-1,-1,-1,200,4352,272,20537088,49168,49168,96
2908475,shapes-permutations,memory,jayce,24,0.6000,4,2,0,199,127,167,169,200,5120,320,24241920,49168,49168,96
2908475,shapes-permutations,memory,jayce,24,0.6000,5,0,2,199,127,167,169,200,5120,320,24241920,49168,49168,96
2908475,shapes-permutations,memory,jayce,24,0.6000,5,1,2,-1,-1,165,-1,200,5376,336,25476864,49168,49168,96
2908475,shapes-permutations,memory,jayce,24,0.6000,5,2,2,197,117,177,169,200,6144,384,29181696,49168,49168,96
2908475,shapes-permutations,memory,jayce,24,0.6000,6,0,1,197,117,177,169,200,6144,384,29181696,49168,49168,96
2908475,shapes-permutations,memory,jayce,24,0.6000,6,1,1,-1,168,-1,-1,200,6400,400,30416640,49168,49168,96
2908475,shapes-permutations,memory,jayce,24,0.6000,6,2,1,197,178,161,123,200,7168,448,34121472,49168,49168,96
2908475,shapes-permutations,memory,jayce,24,0.6000,7,0,3,197,178,161,123,200,7168,448,34121472,49168,49168,96
2908475,shapes-permutations,memory,jayce,24,0.6000,7,1,3,-1,-1,-1,170,200,7424,464,35356416,49168,49168,96
2908475,shapes-permutations,memory,jayce,24,0.6000,7,2,3,197,157,126,175,200,8192,512,39061248,49168,49168,96
2908475,shapes-permutations,memory,jayce,24,0.6000,8,0,2,197,157,126,175,200,8192,512,39061248,49168,49168,96
2908475,shapes-permutations,memory,jayce,24,0.6000,8,1,2,-1,-1,158,-1,200,8448,528,40296192,49168,49168,96
2908475,shapes-permutations,memory,jayce,24,0.6000,8,2,2,195,150,180,165,200,9216,576,44001024,49168,49168,96
2908475,shapes-permutations,memory,jayce,24,0.6000,9,0,0,195,150,180,165,200,9216,576,44001024,49168,49168,96
2908475,shapes-permutations,memory,jayce,24,0.6000,9,1,0,199,-1,-1,-1,200,9472,592,45235968,49168,49168,96
2908475,shapes-permutations,memory,jayce,24,0.6000,9,2,0,200,149,180,165,200,10240,640,48940800,49168,49168,96
2908475,shapes-permutations,memory,jayce,24,0.6000,10,0,3,200,149,180,165,200,10240,640,48940800,49168,49168,96
2908475,shapes-permutations,memory,jayce,24,0.6000,10,1,3,-1,-1,-1,175,200,10496,656,50175744,49168,49168,96
2908475,shapes-permutations,memory,jayce,24,0.6000,10,2,3,200,143,176,177,200,11264,704,53880576,49168,49168,96
2908475,shapes-permutations,memory,jayce,24,0.6000,11,0,1,200,143,176,177,200,11264,704,53880576,49168,49168,96
2908475,shapes-permutations,memory,jayce,24,0.6000,11,1,1,-1,161,-1,-1,200,11520,720,55115520,49168,49168,96
2908475,shapes-permutations,memory,jayce,24,0.6000,11,2,1,200,169,169,165,200,12288,768,58820352,49168,49168,96
2908475,shapes-permutations,memory,backprop,0,0.0030,0,0,0,39,44,37,55,200,0,0,0,53088,53088,0
2908475,shapes-permutations,memory,backprop,0,0.0030,0,1,0,135,-1,-1,-1,200,256,16,1731840,53088,53088,0
2908475,shapes-permutations,memory,backprop,0,0.0030,0,2,0,183,79,78,75,200,1024,64,6927360,53088,53088,0
2908475,shapes-permutations,memory,backprop,0,0.0030,1,0,1,183,79,78,75,200,1024,64,6927360,53088,53088,0
2908475,shapes-permutations,memory,backprop,0,0.0030,1,1,1,-1,131,-1,-1,200,1280,80,8659200,53088,53088,0
2908475,shapes-permutations,memory,backprop,0,0.0030,1,2,1,175,181,76,81,200,2048,128,13854720,53088,53088,0
2908475,shapes-permutations,memory,backprop,0,0.0030,2,0,2,175,181,76,81,200,2048,128,13854720,53088,53088,0
2908475,shapes-permutations,memory,backprop,0,0.0030,2,1,2,-1,-1,144,-1,200,2304,144,15586560,53088,53088,0
2908475,shapes-permutations,memory,backprop,0,0.0030,2,2,2,172,162,182,98,200,3072,192,20782080,53088,53088,0
2908475,shapes-permutations,memory,backprop,0,0.0030,3,0,3,172,162,182,98,200,3072,192,20782080,53088,53088,0
2908475,shapes-permutations,memory,backprop,0,0.0030,3,1,3,-1,-1,-1,146,200,3328,208,22513920,53088,53088,0
2908475,shapes-permutations,memory,backprop,0,0.0030,3,2,3,161,168,169,189,200,4096,256,27709440,53088,53088,0
2908475,shapes-permutations,memory,backprop,0,0.0030,4,0,0,161,168,169,189,200,4096,256,27709440,53088,53088,0
2908475,shapes-permutations,memory,backprop,0,0.0030,4,1,0,176,-1,-1,-1,200,4352,272,29441280,53088,53088,0
2908475,shapes-permutations,memory,backprop,0,0.0030,4,2,0,187,163,170,176,200,5120,320,34636800,53088,53088,0
2908475,shapes-permutations,memory,backprop,0,0.0030,5,0,2,187,163,170,176,200,5120,320,34636800,53088,53088,0
2908475,shapes-permutations,memory,backprop,0,0.0030,5,1,2,-1,-1,178,-1,200,5376,336,36368640,53088,53088,0
2908475,shapes-permutations,memory,backprop,0,0.0030,5,2,2,181,160,188,175,200,6144,384,41564160,53088,53088,0
2908475,shapes-permutations,memory,backprop,0,0.0030,6,0,1,181,160,188,175,200,6144,384,41564160,53088,53088,0
2908475,shapes-permutations,memory,backprop,0,0.0030,6,1,1,-1,178,-1,-1,200,6400,400,43296000,53088,53088,0
2908475,shapes-permutations,memory,backprop,0,0.0030,6,2,1,176,190,185,167,200,7168,448,48491520,53088,53088,0
2908475,shapes-permutations,memory,backprop,0,0.0030,7,0,3,176,190,185,167,200,7168,448,48491520,53088,53088,0
2908475,shapes-permutations,memory,backprop,0,0.0030,7,1,3,-1,-1,-1,174,200,7424,464,50223360,53088,53088,0
2908475,shapes-permutations,memory,backprop,0,0.0030,7,2,3,171,189,183,193,200,8192,512,55418880,53088,53088,0
2908475,shapes-permutations,memory,backprop,0,0.0030,8,0,2,171,189,183,193,200,8192,512,55418880,53088,53088,0
2908475,shapes-permutations,memory,backprop,0,0.0030,8,1,2,-1,-1,187,-1,200,8448,528,57150720,53088,53088,0
2908475,shapes-permutations,memory,backprop,0,0.0030,8,2,2,173,176,191,187,200,9216,576,62346240,53088,53088,0
2908475,shapes-permutations,memory,backprop,0,0.0030,9,0,0,173,176,191,187,200,9216,576,62346240,53088,53088,0
2908475,shapes-permutations,memory,backprop,0,0.0030,9,1,0,174,-1,-1,-1,200,9472,592,64078080,53088,53088,0
2908475,shapes-permutations,memory,backprop,0,0.0030,9,2,0,187,174,188,180,200,10240,640,69273600,53088,53088,0
2908475,shapes-permutations,memory,backprop,0,0.0030,10,0,3,187,174,188,180,200,10240,640,69273600,53088,53088,0
2908475,shapes-permutations,memory,backprop,0,0.0030,10,1,3,-1,-1,-1,188,200,10496,656,71005440,53088,53088,0
2908475,shapes-permutations,memory,backprop,0,0.0030,10,2,3,173,170,190,192,200,11264,704,76200960,53088,53088,0
2908475,shapes-permutations,memory,backprop,0,0.0030,11,0,1,173,170,190,192,200,11264,704,76200960,53088,53088,0
2908475,shapes-permutations,memory,backprop,0,0.0030,11,1,1,-1,183,-1,-1,200,11520,720,77932800,53088,53088,0
2908475,shapes-permutations,memory,backprop,0,0.0030,11,2,1,185,195,187,194,200,12288,768,83128320,53088,53088,0
3013204,shapes-permutations,examples,jayce,48,1.0000,0,0,0,50,50,50,50,200,0,0,0,16,98320,0
3013204,shapes-permutations,examples,jayce,48,1.0000,0,1,0,195,-1,-1,-1,200,256,16,617472,98320,98320,192
3013204,shapes-permutations,examples,jayce,48,1.0000,0,2,0,198,76,94,86,200,1024,64,7879680,98320,98320,192
3013204,shapes-permutations,examples,jayce,48,1.0000,1,0,1,198,76,94,86,200,1024,64,7879680,98320,98320,192
3013204,shapes-permutations,examples,jayce,48,1.0000,1,1,1,-1,164,-1,-1,200,1280,80,10300416,98320,98320,192
3013204,shapes-permutations,examples,jayce,48,1.0000,1,2,1,198,173,93,95,200,2048,128,17562624,98320,98320,192
3013204,shapes-permutations,examples,jayce,48,1.0000,2,0,2,198,173,93,95,200,2048,128,17562624,98320,98320,192
3013204,shapes-permutations,examples,jayce,48,1.0000,2,1,2,-1,-1,169,-1,200,2304,144,19983360,98320,98320,192
3013204,shapes-permutations,examples,jayce,48,1.0000,2,2,2,197,156,165,93,200,3072,192,27245568,98320,98320,192
3013204,shapes-permutations,examples,jayce,48,1.0000,3,0,3,197,156,165,93,200,3072,192,27245568,98320,98320,192
3013204,shapes-permutations,examples,jayce,48,1.0000,3,1,3,-1,-1,-1,184,200,3328,208,29666304,98320,98320,192
3013204,shapes-permutations,examples,jayce,48,1.0000,3,2,3,188,112,152,180,200,4096,256,36928512,98320,98320,192
3013204,shapes-permutations,examples,jayce,48,1.0000,4,0,0,188,112,152,180,200,4096,256,36928512,98320,98320,192
3013204,shapes-permutations,examples,jayce,48,1.0000,4,1,0,198,-1,-1,-1,200,4352,272,39349248,98320,98320,192
3013204,shapes-permutations,examples,jayce,48,1.0000,4,2,0,200,115,152,180,200,5120,320,46611456,98320,98320,192
3013204,shapes-permutations,examples,jayce,48,1.0000,5,0,2,200,115,152,180,200,5120,320,46611456,98320,98320,192
3013204,shapes-permutations,examples,jayce,48,1.0000,5,1,2,-1,-1,172,-1,200,5376,336,49032192,98320,98320,192
3013204,shapes-permutations,examples,jayce,48,1.0000,5,2,2,199,124,181,180,200,6144,384,56294400,98320,98320,192
3013204,shapes-permutations,examples,jayce,48,1.0000,6,0,1,199,124,181,180,200,6144,384,56294400,98320,98320,192
3013204,shapes-permutations,examples,jayce,48,1.0000,6,1,1,-1,169,-1,-1,200,6400,400,58715136,98320,98320,192
3013204,shapes-permutations,examples,jayce,48,1.0000,6,2,1,199,185,180,164,200,7168,448,65977344,98320,98320,192
3013204,shapes-permutations,examples,jayce,48,1.0000,7,0,3,199,185,180,164,200,7168,448,65977344,98320,98320,192
3013204,shapes-permutations,examples,jayce,48,1.0000,7,1,3,-1,-1,-1,176,200,7424,464,68398080,98320,98320,192
3013204,shapes-permutations,examples,jayce,48,1.0000,7,2,3,199,184,179,191,200,8192,512,75660288,98320,98320,192
3013204,shapes-permutations,examples,jayce,48,1.0000,8,0,2,199,184,179,191,200,8192,512,75660288,98320,98320,192
3013204,shapes-permutations,examples,jayce,48,1.0000,8,1,2,-1,-1,187,-1,200,8448,528,78081024,98320,98320,192
3013204,shapes-permutations,examples,jayce,48,1.0000,8,2,2,199,184,189,191,200,9216,576,85343232,98320,98320,192
3013204,shapes-permutations,examples,jayce,48,1.0000,9,0,0,199,184,189,191,200,9216,576,85343232,98320,98320,192
3013204,shapes-permutations,examples,jayce,48,1.0000,9,1,0,197,-1,-1,-1,200,9472,592,87763968,98320,98320,192
3013204,shapes-permutations,examples,jayce,48,1.0000,9,2,0,200,183,189,191,200,10240,640,95026176,98320,98320,192
3013204,shapes-permutations,examples,jayce,48,1.0000,10,0,3,200,183,189,191,200,10240,640,95026176,98320,98320,192
3013204,shapes-permutations,examples,jayce,48,1.0000,10,1,3,-1,-1,-1,191,200,10496,656,97446912,98320,98320,192
3013204,shapes-permutations,examples,jayce,48,1.0000,10,2,3,200,181,189,184,200,11264,704,104709120,98320,98320,192
3013204,shapes-permutations,examples,jayce,48,1.0000,11,0,1,200,181,189,184,200,11264,704,104709120,98320,98320,192
3013204,shapes-permutations,examples,jayce,48,1.0000,11,1,1,-1,188,-1,-1,200,11520,720,107129856,98320,98320,192
3013204,shapes-permutations,examples,jayce,48,1.0000,11,2,1,200,185,187,184,200,12288,768,114392064,98320,98320,192
3013204,shapes-permutations,examples,backprop,0,0.0030,0,0,0,50,69,56,50,200,0,0,0,53088,53088,0
3013204,shapes-permutations,examples,backprop,0,0.0030,0,1,0,127,-1,-1,-1,200,256,16,1731840,53088,53088,0
3013204,shapes-permutations,examples,backprop,0,0.0030,0,2,0,190,93,73,93,200,1024,64,6927360,53088,53088,0
3013204,shapes-permutations,examples,backprop,0,0.0030,1,0,1,190,93,73,93,200,1024,64,6927360,53088,53088,0
3013204,shapes-permutations,examples,backprop,0,0.0030,1,1,1,-1,141,-1,-1,200,1280,80,8659200,53088,53088,0
3013204,shapes-permutations,examples,backprop,0,0.0030,1,2,1,161,189,82,107,200,2048,128,13854720,53088,53088,0
3013204,shapes-permutations,examples,backprop,0,0.0030,2,0,2,161,189,82,107,200,2048,128,13854720,53088,53088,0
3013204,shapes-permutations,examples,backprop,0,0.0030,2,1,2,-1,-1,136,-1,200,2304,144,15586560,53088,53088,0
3013204,shapes-permutations,examples,backprop,0,0.0030,2,2,2,162,184,188,95,200,3072,192,20782080,53088,53088,0
3013204,shapes-permutations,examples,backprop,0,0.0030,3,0,3,162,184,188,95,200,3072,192,20782080,53088,53088,0
3013204,shapes-permutations,examples,backprop,0,0.0030,3,1,3,-1,-1,-1,155,200,3328,208,22513920,53088,53088,0
3013204,shapes-permutations,examples,backprop,0,0.0030,3,2,3,158,171,183,195,200,4096,256,27709440,53088,53088,0
3013204,shapes-permutations,examples,backprop,0,0.0030,4,0,0,158,171,183,195,200,4096,256,27709440,53088,53088,0
3013204,shapes-permutations,examples,backprop,0,0.0030,4,1,0,176,-1,-1,-1,200,4352,272,29441280,53088,53088,0
3013204,shapes-permutations,examples,backprop,0,0.0030,4,2,0,194,171,171,186,200,5120,320,34636800,53088,53088,0
3013204,shapes-permutations,examples,backprop,0,0.0030,5,0,2,194,171,171,186,200,5120,320,34636800,53088,53088,0
3013204,shapes-permutations,examples,backprop,0,0.0030,5,1,2,-1,-1,183,-1,200,5376,336,36368640,53088,53088,0
3013204,shapes-permutations,examples,backprop,0,0.0030,5,2,2,183,170,194,180,200,6144,384,41564160,53088,53088,0
3013204,shapes-permutations,examples,backprop,0,0.0030,6,0,1,183,170,194,180,200,6144,384,41564160,53088,53088,0
3013204,shapes-permutations,examples,backprop,0,0.0030,6,1,1,-1,180,-1,-1,200,6400,400,43296000,53088,53088,0
3013204,shapes-permutations,examples,backprop,0,0.0030,6,2,1,176,195,197,173,200,7168,448,48491520,53088,53088,0
3013204,shapes-permutations,examples,backprop,0,0.0030,7,0,3,176,195,197,173,200,7168,448,48491520,53088,53088,0
3013204,shapes-permutations,examples,backprop,0,0.0030,7,1,3,-1,-1,-1,182,200,7424,464,50223360,53088,53088,0
3013204,shapes-permutations,examples,backprop,0,0.0030,7,2,3,179,194,192,196,200,8192,512,55418880,53088,53088,0
3013204,shapes-permutations,examples,backprop,0,0.0030,8,0,2,179,194,192,196,200,8192,512,55418880,53088,53088,0
3013204,shapes-permutations,examples,backprop,0,0.0030,8,1,2,-1,-1,191,-1,200,8448,528,57150720,53088,53088,0
3013204,shapes-permutations,examples,backprop,0,0.0030,8,2,2,170,188,199,187,200,9216,576,62346240,53088,53088,0
3013204,shapes-permutations,examples,backprop,0,0.0030,9,0,0,170,188,199,187,200,9216,576,62346240,53088,53088,0
3013204,shapes-permutations,examples,backprop,0,0.0030,9,1,0,182,-1,-1,-1,200,9472,592,64078080,53088,53088,0
3013204,shapes-permutations,examples,backprop,0,0.0030,9,2,0,195,187,192,186,200,10240,640,69273600,53088,53088,0
3013204,shapes-permutations,examples,backprop,0,0.0030,10,0,3,195,187,192,186,200,10240,640,69273600,53088,53088,0
3013204,shapes-permutations,examples,backprop,0,0.0030,10,1,3,-1,-1,-1,194,200,10496,656,71005440,53088,53088,0
3013204,shapes-permutations,examples,backprop,0,0.0030,10,2,3,187,182,193,196,200,11264,704,76200960,53088,53088,0
3013204,shapes-permutations,examples,backprop,0,0.0030,11,0,1,187,182,193,196,200,11264,704,76200960,53088,53088,0
3013204,shapes-permutations,examples,backprop,0,0.0030,11,1,1,-1,189,-1,-1,200,11520,720,77932800,53088,53088,0
3013204,shapes-permutations,examples,backprop,0,0.0030,11,2,1,188,196,192,195,200,12288,768,83128320,53088,53088,0
3013204,shapes-permutations,work,jayce,48,1.0000,0,0,0,50,50,50,50,200,0,0,0,16,98320,0
3013204,shapes-permutations,work,jayce,48,1.0000,0,1,0,195,-1,-1,-1,200,256,16,617472,98320,98320,192
3013204,shapes-permutations,work,jayce,48,1.0000,0,2,0,200,70,90,80,200,448,28,2433024,98320,98320,192
3013204,shapes-permutations,work,jayce,48,1.0000,1,0,1,200,70,90,80,200,448,28,2433024,98320,98320,192
3013204,shapes-permutations,work,jayce,48,1.0000,1,1,1,-1,173,-1,-1,200,512,32,3038208,98320,98320,192
3013204,shapes-permutations,work,jayce,48,1.0000,1,2,1,200,164,93,98,200,704,44,4853760,98320,98320,192
3013204,shapes-permutations,work,jayce,48,1.0000,2,0,2,200,164,93,98,200,704,44,4853760,98320,98320,192
3013204,shapes-permutations,work,jayce,48,1.0000,2,1,2,-1,-1,163,-1,200,768,48,5458944,98320,98320,192
3013204,shapes-permutations,work,jayce,48,1.0000,2,2,2,200,160,172,105,200,960,60,7274496,98320,98320,192
3013204,shapes-permutations,work,jayce,48,1.0000,3,0,3,200,160,172,105,200,960,60,7274496,98320,98320,192
3013204,shapes-permutations,work,jayce,48,1.0000,3,1,3,-1,-1,-1,168,200,1024,64,7879680,98320,98320,192
3013204,shapes-permutations,work,jayce,48,1.0000,3,2,3,200,131,163,179,200,1216,76,9695232,98320,98320,192
3013204,shapes-permutations,work,jayce,48,1.0000,4,0,0,200,131,163,179,200,1216,76,9695232,98320,98320,192
3013204,shapes-permutations,work,jayce,48,1.0000,4,1,0,200,-1,-1,-1,200,1280,80,10300416,98320,98320,192
3013204,shapes-permutations,work,jayce,48,1.0000,4,2,0,199,130,163,179,200,1472,92,12115968,98320,98320,192
3013204,shapes-permutations,work,jayce,48,1.0000,5,0,2,199,130,163,179,200,1472,92,12115968,98320,98320,192
3013204,shapes-permutations,work,jayce,48,1.0000,5,1,2,-1,-1,156,-1,200,1536,96,12721152,98320,98320,192
3013204,shapes-permutations,work,jayce,48,1.0000,5,2,2,199,133,165,178,200,1728,108,14536704,98320,98320,192
3013204,shapes-permutations,work,jayce,48,1.0000,6,0,1,199,133,165,178,200,1728,108,14536704,98320,98320,192
3013204,shapes-permutations,work,jayce,48,1.0000,6,1,1,-1,159,-1,-1,200,1792,112,15141888,98320,98320,192
3013204,shapes-permutations,work,jayce,48,1.0000,6,2,1,199,165,162,117,200,1984,124,16957440,98320,98320,192
3013204,shapes-permutations,work,jayce,48,1.0000,7,0,3,199,165,162,117,200,1984,124,16957440,98320,98320,192
3013204,shapes-permutations,work,jayce,48,1.0000,7,1,3,-1,-1,-1,167,200,2048,128,17562624,98320,98320,192
3013204,shapes-permutations,work,jayce,48,1.0000,7,2,3,195,123,162,170,200,2240,140,19378176,98320,98320,192
3013204,shapes-permutations,work,jayce,48,1.0000,8,0,2,195,123,162,170,200,2240,140,19378176,98320,98320,192
3013204,shapes-permutations,work,jayce,48,1.0000,8,1,2,-1,-1,160,-1,200,2304,144,19983360,98320,98320,192
3013204,shapes-permutations,work,jayce,48,1.0000,8,2,2,194,120,171,170,200,2496,156,21798912,98320,98320,192
3013204,shapes-permutations,work,jayce,48,1.0000,9,0,0,194,120,171,170,200,2496,156,21798912,98320,98320,192
3013204,shapes-permutations,work,jayce,48,1.0000,9,1,0,195,-1,-1,-1,200,2560,160,22404096,98320,98320,192
3013204,shapes-permutations,work,jayce,48,1.0000,9,2,0,199,120,171,170,200,2752,172,24219648,98320,98320,192
3013204,shapes-permutations,work,jayce,48,1.0000,10,0,3,199,120,171,170,200,2752,172,24219648,98320,98320,192
3013204,shapes-permutations,work,jayce,48,1.0000,10,1,3,-1,-1,-1,155,200,2816,176,24824832,98320,98320,192
3013204,shapes-permutations,work,jayce,48,1.0000,10,2,3,199,119,171,175,200,3008,188,26640384,98320,98320,192
3013204,shapes-permutations,work,jayce,48,1.0000,11,0,1,199,119,171,175,200,3008,188,26640384,98320,98320,192
3013204,shapes-permutations,work,jayce,48,1.0000,11,1,1,-1,173,-1,-1,200,3072,192,27245568,98320,98320,192
3013204,shapes-permutations,work,jayce,48,1.0000,11,2,1,199,177,171,174,200,3264,204,29061120,98320,98320,192
3013204,shapes-permutations,work,backprop,0,0.0100,0,0,0,50,69,56,50,200,0,0,0,53088,53088,0
3013204,shapes-permutations,work,backprop,0,0.0100,0,1,0,123,-1,-1,-1,200,80,5,541200,53088,53088,0
3013204,shapes-permutations,work,backprop,0,0.0100,0,2,0,186,87,78,90,200,368,23,2489520,53088,53088,0
3013204,shapes-permutations,work,backprop,0,0.0100,1,0,1,186,87,78,90,200,368,23,2489520,53088,53088,0
3013204,shapes-permutations,work,backprop,0,0.0100,1,1,1,-1,119,-1,-1,200,448,28,3030720,53088,53088,0
3013204,shapes-permutations,work,backprop,0,0.0100,1,2,1,162,177,87,114,200,736,46,4979040,53088,53088,0
3013204,shapes-permutations,work,backprop,0,0.0100,2,0,2,162,177,87,114,200,736,46,4979040,53088,53088,0
3013204,shapes-permutations,work,backprop,0,0.0100,2,1,2,-1,-1,115,-1,200,816,51,5520240,53088,53088,0
3013204,shapes-permutations,work,backprop,0,0.0100,2,2,2,150,160,175,115,200,1104,69,7468560,53088,53088,0
3013204,shapes-permutations,work,backprop,0,0.0100,3,0,3,150,160,175,115,200,1104,69,7468560,53088,53088,0
3013204,shapes-permutations,work,backprop,0,0.0100,3,1,3,-1,-1,-1,145,200,1184,74,8009760,53088,53088,0
3013204,shapes-permutations,work,backprop,0,0.0100,3,2,3,167,156,174,179,200,1472,92,9958080,53088,53088,0
3013204,shapes-permutations,work,backprop,0,0.0100,4,0,0,167,156,174,179,200,1472,92,9958080,53088,53088,0
3013204,shapes-permutations,work,backprop,0,0.0100,4,1,0,169,-1,-1,-1,200,1552,97,10499280,53088,53088,0
3013204,shapes-permutations,work,backprop,0,0.0100,4,2,0,187,155,168,162,200,1840,115,12447600,53088,53088,0
3013204,shapes-permutations,work,backprop,0,0.0100,5,0,2,187,155,168,162,200,1840,115,12447600,53088,53088,0
3013204,shapes-permutations,work,backprop,0,0.0100,5,1,2,-1,-1,163,-1,200,1920,120,12988800,53088,53088,0
3013204,shapes-permutations,work,backprop,0,0.0100,5,2,2,161,150,184,177,200,2208,138,14937120,53088,53088,0
3013204,shapes-permutations,work,backprop,0,0.0100,6,0,1,161,150,184,177,200,2208,138,14937120,53088,53088,0
3013204,shapes-permutations,work,backprop,0,0.0100,6,1,1,-1,162,-1,-1,200,2288,143,15478320,53088,53088,0
3013204,shapes-permutations,work,backprop,0,0.0100,6,2,1,161,190,181,172,200,2576,161,17426640,53088,53088,0
3013204,shapes-permutations,work,backprop,0,0.0100,7,0,3,161,190,181,172,200,2576,161,17426640,53088,53088,0
3013204,shapes-permutations,work,backprop,0,0.0100,7,1,3,-1,-1,-1,180,200,2656,166,17967840,53088,53088,0
3013204,shapes-permutations,work,backprop,0,0.0100,7,2,3,167,184,177,191,200,2944,184,19916160,53088,53088,0
3013204,shapes-permutations,work,backprop,0,0.0100,8,0,2,167,184,177,191,200,2944,184,19916160,53088,53088,0
3013204,shapes-permutations,work,backprop,0,0.0100,8,1,2,-1,-1,181,-1,200,3024,189,20457360,53088,53088,0
3013204,shapes-permutations,work,backprop,0,0.0100,8,2,2,159,166,189,180,200,3312,207,22405680,53088,53088,0
3013204,shapes-permutations,work,backprop,0,0.0100,9,0,0,159,166,189,180,200,3312,207,22405680,53088,53088,0
3013204,shapes-permutations,work,backprop,0,0.0100,9,1,0,174,-1,-1,-1,200,3392,212,22946880,53088,53088,0
3013204,shapes-permutations,work,backprop,0,0.0100,9,2,0,186,172,190,177,200,3680,230,24895200,53088,53088,0
3013204,shapes-permutations,work,backprop,0,0.0100,10,0,3,186,172,190,177,200,3680,230,24895200,53088,53088,0
3013204,shapes-permutations,work,backprop,0,0.0100,10,1,3,-1,-1,-1,177,200,3760,235,25436400,53088,53088,0
3013204,shapes-permutations,work,backprop,0,0.0100,10,2,3,191,171,180,193,200,4048,253,27384720,53088,53088,0
3013204,shapes-permutations,work,backprop,0,0.0100,11,0,1,191,171,180,193,200,4048,253,27384720,53088,53088,0
3013204,shapes-permutations,work,backprop,0,0.0100,11,1,1,-1,173,-1,-1,200,4128,258,27925920,53088,53088,0
3013204,shapes-permutations,work,backprop,0,0.0100,11,2,1,187,192,189,198,200,4416,276,29874240,53088,53088,0
3013204,shapes-permutations,memory,jayce,24,0.6000,0,0,0,50,50,50,50,200,0,0,0,16,49168,0
3013204,shapes-permutations,memory,jayce,24,0.6000,0,1,0,198,-1,-1,-1,200,256,16,777984,49168,49168,96
3013204,shapes-permutations,memory,jayce,24,0.6000,0,2,0,200,66,91,89,200,1024,64,4482816,49168,49168,96
3013204,shapes-permutations,memory,jayce,24,0.6000,1,0,1,200,66,91,89,200,1024,64,4482816,49168,49168,96
3013204,shapes-permutations,memory,jayce,24,0.6000,1,1,1,-1,170,-1,-1,200,1280,80,5717760,49168,49168,96
3013204,shapes-permutations,memory,jayce,24,0.6000,1,2,1,196,151,98,102,200,2048,128,9422592,49168,49168,96
3013204,shapes-permutations,memory,jayce,24,0.6000,2,0,2,196,151,98,102,200,2048,128,9422592,49168,49168,96
3013204,shapes-permutations,memory,jayce,24,0.6000,2,1,2,-1,-1,160,-1,200,2304,144,10657536,49168,49168,96
3013204,shapes-permutations,memory,jayce,24,0.6000,2,2,2,196,146,162,99,200,3072,192,14362368,49168,49168,96
3013204,shapes-permutations,memory,jayce,24,0.6000,3,0,3,196,146,162,99,200,3072,192,14362368,49168,49168,96
3013204,shapes-permutations,memory,jayce,24,0.6000,3,1,3,-1,-1,-1,174,200,3328,208,15597312,49168,49168,96
3013204,shapes-permutations,memory,jayce,24,0.6000,3,2,3,195,101,142,185,200,4096,256,19302144,49168,49168,96
3013204,shapes-permutations,memory,jayce,24,0.6000,4,0,0,195,101,142,185,200,4096,256,19302144,49168,49168,96
3013204,shapes-permutations,memory,jayce,24,0.6000,4,1,0,199,-1,-1,-1,200,4352,272,20537088,49168,49168,96
3013204,shapes-permutations,memory,jayce,24,0.6000,4,2,0,200,104,142,186,200,5120,320,24241920,49168,49168,96
3013204,shapes-permutations,memory,jayce,24,0.6000,5,0,2,200,104,142,186,200,5120,320,24241920,49168,49168,96
3013204,shapes-permutations,memory,jayce,24,0.6000,5,1,2,-1,-1,163,-1,200,5376,336,25476864,49168,49168,96
3013204,shapes-permutations,memory,jayce,24,0.6000,5,2,2,199,112,174,172,200,6144,384,29181696,49168,49168,96
3013204,shapes-permutations,memory,jayce,24,0.6000,6,0,1,199,112,174,172,200,6144,384,29181696,49168,49168,96
3013204,shapes-permutations,memory,jayce,24,0.6000,6,1,1,-1,159,-1,-1,200,6400,400,30416640,49168,49168,96
3013204,shapes-permutations,memory,jayce,24,0.6000,6,2,1,198,179,163,126,200,7168,448,34121472,49168,49168,96
3013204,shapes-permutations,memory,jayce,24,0.6000,7,0,3,198,179,163,126,200,7168,448,34121472,49168,49168,96
3013204,shapes-permutations,memory,jayce,24,0.6000,7,1,3,-1,-1,-1,168,200,7424,464,35356416,49168,49168,96
3013204,shapes-permutations,memory,jayce,24,0.6000,7,2,3,198,131,162,175,200,8192,512,39061248,49168,49168,96
3013204,shapes-permutations,memory,jayce,24,0.6000,8,0,2,198,131,162,175,200,8192,512,39061248,49168,49168,96
3013204,shapes-permutations,memory,jayce,24,0.6000,8,1,2,-1,-1,170,-1,200,8448,528,40296192,49168,49168,96
3013204,shapes-permutations,memory,jayce,24,0.6000,8,2,2,198,116,178,175,200,9216,576,44001024,49168,49168,96
3013204,shapes-permutations,memory,jayce,24,0.6000,9,0,0,198,116,178,175,200,9216,576,44001024,49168,49168,96
3013204,shapes-permutations,memory,jayce,24,0.6000,9,1,0,197,-1,-1,-1,200,9472,592,45235968,49168,49168,96
3013204,shapes-permutations,memory,jayce,24,0.6000,9,2,0,200,116,178,175,200,10240,640,48940800,49168,49168,96
3013204,shapes-permutations,memory,jayce,24,0.6000,10,0,3,200,116,178,175,200,10240,640,48940800,49168,49168,96
3013204,shapes-permutations,memory,jayce,24,0.6000,10,1,3,-1,-1,-1,181,200,10496,656,50175744,49168,49168,96
3013204,shapes-permutations,memory,jayce,24,0.6000,10,2,3,200,123,174,176,200,11264,704,53880576,49168,49168,96
3013204,shapes-permutations,memory,jayce,24,0.6000,11,0,1,200,123,174,176,200,11264,704,53880576,49168,49168,96
3013204,shapes-permutations,memory,jayce,24,0.6000,11,1,1,-1,166,-1,-1,200,11520,720,55115520,49168,49168,96
3013204,shapes-permutations,memory,jayce,24,0.6000,11,2,1,200,190,161,151,200,12288,768,58820352,49168,49168,96
3013204,shapes-permutations,memory,backprop,0,0.0030,0,0,0,50,69,56,50,200,0,0,0,53088,53088,0
3013204,shapes-permutations,memory,backprop,0,0.0030,0,1,0,127,-1,-1,-1,200,256,16,1731840,53088,53088,0
3013204,shapes-permutations,memory,backprop,0,0.0030,0,2,0,190,93,73,93,200,1024,64,6927360,53088,53088,0
3013204,shapes-permutations,memory,backprop,0,0.0030,1,0,1,190,93,73,93,200,1024,64,6927360,53088,53088,0
3013204,shapes-permutations,memory,backprop,0,0.0030,1,1,1,-1,141,-1,-1,200,1280,80,8659200,53088,53088,0
3013204,shapes-permutations,memory,backprop,0,0.0030,1,2,1,161,189,82,107,200,2048,128,13854720,53088,53088,0
3013204,shapes-permutations,memory,backprop,0,0.0030,2,0,2,161,189,82,107,200,2048,128,13854720,53088,53088,0
3013204,shapes-permutations,memory,backprop,0,0.0030,2,1,2,-1,-1,136,-1,200,2304,144,15586560,53088,53088,0
3013204,shapes-permutations,memory,backprop,0,0.0030,2,2,2,162,184,188,95,200,3072,192,20782080,53088,53088,0
3013204,shapes-permutations,memory,backprop,0,0.0030,3,0,3,162,184,188,95,200,3072,192,20782080,53088,53088,0
3013204,shapes-permutations,memory,backprop,0,0.0030,3,1,3,-1,-1,-1,155,200,3328,208,22513920,53088,53088,0
3013204,shapes-permutations,memory,backprop,0,0.0030,3,2,3,158,171,183,195,200,4096,256,27709440,53088,53088,0
3013204,shapes-permutations,memory,backprop,0,0.0030,4,0,0,158,171,183,195,200,4096,256,27709440,53088,53088,0
3013204,shapes-permutations,memory,backprop,0,0.0030,4,1,0,176,-1,-1,-1,200,4352,272,29441280,53088,53088,0
3013204,shapes-permutations,memory,backprop,0,0.0030,4,2,0,194,171,171,186,200,5120,320,34636800,53088,53088,0
3013204,shapes-permutations,memory,backprop,0,0.0030,5,0,2,194,171,171,186,200,5120,320,34636800,53088,53088,0
3013204,shapes-permutations,memory,backprop,0,0.0030,5,1,2,-1,-1,183,-1,200,5376,336,36368640,53088,53088,0
3013204,shapes-permutations,memory,backprop,0,0.0030,5,2,2,183,170,194,180,200,6144,384,41564160,53088,53088,0
3013204,shapes-permutations,memory,backprop,0,0.0030,6,0,1,183,170,194,180,200,6144,384,41564160,53088,53088,0
3013204,shapes-permutations,memory,backprop,0,0.0030,6,1,1,-1,180,-1,-1,200,6400,400,43296000,53088,53088,0
3013204,shapes-permutations,memory,backprop,0,0.0030,6,2,1,176,195,197,173,200,7168,448,48491520,53088,53088,0
3013204,shapes-permutations,memory,backprop,0,0.0030,7,0,3,176,195,197,173,200,7168,448,48491520,53088,53088,0
3013204,shapes-permutations,memory,backprop,0,0.0030,7,1,3,-1,-1,-1,182,200,7424,464,50223360,53088,53088,0
3013204,shapes-permutations,memory,backprop,0,0.0030,7,2,3,179,194,192,196,200,8192,512,55418880,53088,53088,0
3013204,shapes-permutations,memory,backprop,0,0.0030,8,0,2,179,194,192,196,200,8192,512,55418880,53088,53088,0
3013204,shapes-permutations,memory,backprop,0,0.0030,8,1,2,-1,-1,191,-1,200,8448,528,57150720,53088,53088,0
3013204,shapes-permutations,memory,backprop,0,0.0030,8,2,2,170,188,199,187,200,9216,576,62346240,53088,53088,0
3013204,shapes-permutations,memory,backprop,0,0.0030,9,0,0,170,188,199,187,200,9216,576,62346240,53088,53088,0
3013204,shapes-permutations,memory,backprop,0,0.0030,9,1,0,182,-1,-1,-1,200,9472,592,64078080,53088,53088,0
3013204,shapes-permutations,memory,backprop,0,0.0030,9,2,0,195,187,192,186,200,10240,640,69273600,53088,53088,0
3013204,shapes-permutations,memory,backprop,0,0.0030,10,0,3,195,187,192,186,200,10240,640,69273600,53088,53088,0
3013204,shapes-permutations,memory,backprop,0,0.0030,10,1,3,-1,-1,-1,194,200,10496,656,71005440,53088,53088,0
3013204,shapes-permutations,memory,backprop,0,0.0030,10,2,3,187,182,193,196,200,11264,704,76200960,53088,53088,0
3013204,shapes-permutations,memory,backprop,0,0.0030,11,0,1,187,182,193,196,200,11264,704,76200960,53088,53088,0
3013204,shapes-permutations,memory,backprop,0,0.0030,11,1,1,-1,189,-1,-1,200,11520,720,77932800,53088,53088,0
3013204,shapes-permutations,memory,backprop,0,0.0030,11,2,1,188,196,192,195,200,12288,768,83128320,53088,53088,0
3117933,shapes-permutations,examples,jayce,48,1.0000,0,0,0,50,50,50,50,200,0,0,0,16,98320,0
3117933,shapes-permutations,examples,jayce,48,1.0000,0,1,0,197,-1,-1,-1,200,256,16,617472,98320,98320,192
3117933,shapes-permutations,examples,jayce,48,1.0000,0,2,0,196,75,75,87,200,1024,64,7879680,98320,98320,192
3117933,shapes-permutations,examples,jayce,48,1.0000,1,0,1,196,75,75,87,200,1024,64,7879680,98320,98320,192
3117933,shapes-permutations,examples,jayce,48,1.0000,1,1,1,-1,167,-1,-1,200,1280,80,10300416,98320,98320,192
3117933,shapes-permutations,examples,jayce,48,1.0000,1,2,1,195,174,65,88,200,2048,128,17562624,98320,98320,192
3117933,shapes-permutations,examples,jayce,48,1.0000,2,0,2,195,174,65,88,200,2048,128,17562624,98320,98320,192
3117933,shapes-permutations,examples,jayce,48,1.0000,2,1,2,-1,-1,160,-1,200,2304,144,19983360,98320,98320,192
3117933,shapes-permutations,examples,jayce,48,1.0000,2,2,2,194,164,176,84,200,3072,192,27245568,98320,98320,192
3117933,shapes-permutations,examples,jayce,48,1.0000,3,0,3,194,164,176,84,200,3072,192,27245568,98320,98320,192
3117933,shapes-permutations,examples,jayce,48,1.0000,3,1,3,-1,-1,-1,181,200,3328,208,29666304,98320,98320,192
3117933,shapes-permutations,examples,jayce,48,1.0000,3,2,3,194,152,154,186,200,4096,256,36928512,98320,98320,192
3117933,shapes-permutations,examples,jayce,48,1.0000,4,0,0,194,152,154,186,200,4096,256,36928512,98320,98320,192
3117933,shapes-permutations,examples,jayce,48,1.0000,4,1,0,194,-1,-1,-1,200,4352,272,39349248,98320,98320,192
3117933,shapes-permutations,examples,jayce,48,1.0000,4,2,0,195,153,153,186,200,5120,320,46611456,98320,98320,192
3117933,shapes-permutations,examples,jayce,48,1.0000,5,0,2,195,153,153,186,200,5120,320,46611456,98320,98320,192
3117933,shapes-permutations,examples,jayce,48,1.0000,5,1,2,-1,-1,169,-1,200,5376,336,49032192,98320,98320,192
3117933,shapes-permutations,examples,jayce,48,1.0000,5,2,2,195,148,182,173,200,6144,384,56294400,98320,98320,192
3117933,shapes-permutations,examples,jayce,48,1.0000,6,0,1,195,148,182,173,200,6144,384,56294400,98320,98320,192
3117933,shapes-permutations,examples,jayce,48,1.0000,6,1,1,-1,171,-1,-1,200,6400,400,58715136,98320,98320,192
3117933,shapes-permutations,examples,jayce,48,1.0000,6,2,1,196,176,175,171,200,7168,448,65977344,98320,98320,192
3117933,shapes-permutations,examples,jayce,48,1.0000,7,0,3,196,176,175,171,200,7168,448,65977344,98320,98320,192
3117933,shapes-permutations,examples,jayce,48,1.0000,7,1,3,-1,-1,-1,171,200,7424,464,68398080,98320,98320,192
3117933,shapes-permutations,examples,jayce,48,1.0000,7,2,3,196,168,175,178,200,8192,512,75660288,98320,98320,192
3117933,shapes-permutations,examples,jayce,48,1.0000,8,0,2,196,168,175,178,200,8192,512,75660288,98320,98320,192
3117933,shapes-permutations,examples,jayce,48,1.0000,8,1,2,-1,-1,164,-1,200,8448,528,78081024,98320,98320,192
3117933,shapes-permutations,examples,jayce,48,1.0000,8,2,2,196,169,170,168,200,9216,576,85343232,98320,98320,192
3117933,shapes-permutations,examples,jayce,48,1.0000,9,0,0,196,169,170,168,200,9216,576,85343232,98320,98320,192
3117933,shapes-permutations,examples,jayce,48,1.0000,9,1,0,193,-1,-1,-1,200,9472,592,87763968,98320,98320,192
3117933,shapes-permutations,examples,jayce,48,1.0000,9,2,0,195,169,170,167,200,10240,640,95026176,98320,98320,192
3117933,shapes-permutations,examples,jayce,48,1.0000,10,0,3,195,169,170,167,200,10240,640,95026176,98320,98320,192
3117933,shapes-permutations,examples,jayce,48,1.0000,10,1,3,-1,-1,-1,169,200,10496,656,97446912,98320,98320,192
3117933,shapes-permutations,examples,jayce,48,1.0000,10,2,3,195,169,169,183,200,11264,704,104709120,98320,98320,192
3117933,shapes-permutations,examples,jayce,48,1.0000,11,0,1,195,169,169,183,200,11264,704,104709120,98320,98320,192
3117933,shapes-permutations,examples,jayce,48,1.0000,11,1,1,-1,183,-1,-1,200,11520,720,107129856,98320,98320,192
3117933,shapes-permutations,examples,jayce,48,1.0000,11,2,1,195,183,161,183,200,12288,768,114392064,98320,98320,192
3117933,shapes-permutations,examples,backprop,0,0.0030,0,0,0,28,89,54,74,200,0,0,0,53088,53088,0
3117933,shapes-permutations,examples,backprop,0,0.0030,0,1,0,123,-1,-1,-1,200,256,16,1731840,53088,53088,0
3117933,shapes-permutations,examples,backprop,0,0.0030,0,2,0,177,97,53,113,200,1024,64,6927360,53088,53088,0
3117933,shapes-permutations,examples,backprop,0,0.0030,1,0,1,177,97,53,113,200,1024,64,6927360,53088,53088,0
3117933,shapes-permutations,examples,backprop,0,0.0030,1,1,1,-1,144,-1,-1,200,1280,80,8659200,53088,53088,0
3117933,shapes-permutations,examples,backprop,0,0.0030,1,2,1,159,182,67,114,200,2048,128,13854720,53088,53088,0
3117933,shapes-permutations,examples,backprop,0,0.0030,2,0,2,159,182,67,114,200,2048,128,13854720,53088,53088,0
3117933,shapes-permutations,examples,backprop,0,0.0030,2,1,2,-1,-1,144,-1,200,2304,144,15586560,53088,53088,0
3117933,shapes-permutations,examples,backprop,0,0.0030,2,2,2,154,171,189,108,200,3072,192,20782080,53088,53088,0
3117933,shapes-permutations,examples,backprop,0,0.0030,3,0,3,154,171,189,108,200,3072,192,20782080,53088,53088,0
3117933,shapes-permutations,examples,backprop,0,0.0030,3,1,3,-1,-1,-1,161,200,3328,208,22513920,53088,53088,0
3117933,shapes-permutations,examples,backprop,0,0.0030,3,2,3,163,154,167,185,200,4096,256,27709440,53088,53088,0
3117933,shapes-permutations,examples,backprop,0,0.0030,4,0,0,163,154,167,185,200,4096,256,27709440,53088,53088,0
3117933,shapes-permutations,examples,backprop,0,0.0030,4,1,0,172,-1,-1,-1,200,4352,272,29441280,53088,53088,0
3117933,shapes-permutations,examples,backprop,0,0.0030,4,2,0,185,161,161,177,200,5120,320,34636800,53088,53088,0
3117933,shapes-permutations,examples,backprop,0,0.0030,5,0,2,185,161,161,177,200,5120,320,34636800,53088,53088,0
3117933,shapes-permutations,examples,backprop,0,0.0030,5,1,2,-1,-1,173,-1,200,5376,336,36368640,53088,53088,0
3117933,shapes-permutations,examples,backprop,0,0.0030,5,2,2,180,164,192,173,200,6144,384,41564160,53088,53088,0
3117933,shapes-permutations,examples,backprop,0,0.0030,6,0,1,180,164,192,173,200,6144,384,41564160,53088,53088,0
3117933,shapes-permutations,examples,backprop,0,0.0030,6,1,1,-1,180,-1,-1,200,6400,400,43296000,53088,53088,0
3117933,shapes-permutations,examples,backprop,0,0.0030,6,2,1,171,187,185,169,200,7168,448,48491520,53088,53088,0
3117933,shapes-permutations,examples,backprop,0,0.0030,7,0,3,171,187,185,169,200,7168,448,48491520,53088,53088,0
3117933,shapes-permutations,examples,backprop,0,0.0030,7,1,3,-1,-1,-1,183,200,7424,464,50223360,53088,53088,0
3117933,shapes-permutations,examples,backprop,0,0.0030,7,2,3,181,187,179,194,200,8192,512,55418880,53088,53088,0
3117933,shapes-permutations,examples,backprop,0,0.0030,8,0,2,181,187,179,194,200,8192,512,55418880,53088,53088,0
3117933,shapes-permutations,examples,backprop,0,0.0030,8,1,2,-1,-1,186,-1,200,8448,528,57150720,53088,53088,0
3117933,shapes-permutations,examples,backprop,0,0.0030,8,2,2,175,177,192,191,200,9216,576,62346240,53088,53088,0
3117933,shapes-permutations,examples,backprop,0,0.0030,9,0,0,175,177,192,191,200,9216,576,62346240,53088,53088,0
3117933,shapes-permutations,examples,backprop,0,0.0030,9,1,0,177,-1,-1,-1,200,9472,592,64078080,53088,53088,0
3117933,shapes-permutations,examples,backprop,0,0.0030,9,2,0,188,170,188,183,200,10240,640,69273600,53088,53088,0
3117933,shapes-permutations,examples,backprop,0,0.0030,10,0,3,188,170,188,183,200,10240,640,69273600,53088,53088,0
3117933,shapes-permutations,examples,backprop,0,0.0030,10,1,3,-1,-1,-1,192,200,10496,656,71005440,53088,53088,0
3117933,shapes-permutations,examples,backprop,0,0.0030,10,2,3,175,166,189,194,200,11264,704,76200960,53088,53088,0
3117933,shapes-permutations,examples,backprop,0,0.0030,11,0,1,175,166,189,194,200,11264,704,76200960,53088,53088,0
3117933,shapes-permutations,examples,backprop,0,0.0030,11,1,1,-1,191,-1,-1,200,11520,720,77932800,53088,53088,0
3117933,shapes-permutations,examples,backprop,0,0.0030,11,2,1,186,193,185,193,200,12288,768,83128320,53088,53088,0
3117933,shapes-permutations,work,jayce,48,1.0000,0,0,0,50,50,50,50,200,0,0,0,16,98320,0
3117933,shapes-permutations,work,jayce,48,1.0000,0,1,0,197,-1,-1,-1,200,256,16,617472,98320,98320,192
3117933,shapes-permutations,work,jayce,48,1.0000,0,2,0,194,76,59,79,200,448,28,2433024,98320,98320,192
3117933,shapes-permutations,work,jayce,48,1.0000,1,0,1,194,76,59,79,200,448,28,2433024,98320,98320,192
3117933,shapes-permutations,work,jayce,48,1.0000,1,1,1,-1,159,-1,-1,200,512,32,3038208,98320,98320,192
3117933,shapes-permutations,work,jayce,48,1.0000,1,2,1,194,167,67,78,200,704,44,4853760,98320,98320,192
3117933,shapes-permutations,work,jayce,48,1.0000,2,0,2,194,167,67,78,200,704,44,4853760,98320,98320,192
3117933,shapes-permutations,work,jayce,48,1.0000,2,1,2,-1,-1,168,-1,200,768,48,5458944,98320,98320,192
3117933,shapes-permutations,work,jayce,48,1.0000,2,2,2,194,165,161,78,200,960,60,7274496,98320,98320,192
3117933,shapes-permutations,work,jayce,48,1.0000,3,0,3,194,165,161,78,200,960,60,7274496,98320,98320,192
3117933,shapes-permutations,work,jayce,48,1.0000,3,1,3,-1,-1,-1,152,200,1024,64,7879680,98320,98320,192
3117933,shapes-permutations,work,jayce,48,1.0000,3,2,3,195,159,159,182,200,1216,76,9695232,98320,98320,192
3117933,shapes-permutations,work,jayce,48,1.0000,4,0,0,195,159,159,182,200,1216,76,9695232,98320,98320,192
3117933,shapes-permutations,work,jayce,48,1.0000,4,1,0,197,-1,-1,-1,200,1280,80,10300416,98320,98320,192
3117933,shapes-permutations,work,jayce,48,1.0000,4,2,0,193,159,159,181,200,1472,92,12115968,98320,98320,192
3117933,shapes-permutations,work,jayce,48,1.0000,5,0,2,193,159,159,181,200,1472,92,12115968,98320,98320,192
3117933,shapes-permutations,work,jayce,48,1.0000,5,1,2,-1,-1,172,-1,200,1536,96,12721152,98320,98320,192
3117933,shapes-permutations,work,jayce,48,1.0000,5,2,2,193,158,165,165,200,1728,108,14536704,98320,98320,192
3117933,shapes-permutations,work,jayce,48,1.0000,6,0,1,193,158,165,165,200,1728,108,14536704,98320,98320,192
3117933,shapes-permutations,work,jayce,48,1.0000,6,1,1,-1,164,-1,-1,200,1792,112,15141888,98320,98320,192
3117933,shapes-permutations,work,jayce,48,1.0000,6,2,1,193,168,165,165,200,1984,124,16957440,98320,98320,192
3117933,shapes-permutations,work,jayce,48,1.0000,7,0,3,193,168,165,165,200,1984,124,16957440,98320,98320,192
3117933,shapes-permutations,work,jayce,48,1.0000,7,1,3,-1,-1,-1,178,200,2048,128,17562624,98320,98320,192
3117933,shapes-permutations,work,jayce,48,1.0000,7,2,3,193,168,166,161,200,2240,140,19378176,98320,98320,192
3117933,shapes-permutations,work,jayce,48,1.0000,8,0,2,193,168,166,161,200,2240,140,19378176,98320,98320,192
3117933,shapes-permutations,work,jayce,48,1.0000,8,1,2,-1,-1,179,-1,200,2304,144,19983360,98320,98320,192
3117933,shapes-permutations,work,jayce,48,1.0000,8,2,2,193,162,167,160,200,2496,156,21798912,98320,98320,192
3117933,shapes-permutations,work,jayce,48,1.0000,9,0,0,193,162,167,160,200,2496,156,21798912,98320,98320,192
3117933,shapes-permutations,work,jayce,48,1.0000,9,1,0,196,-1,-1,-1,200,2560,160,22404096,98320,98320,192
3117933,shapes-permutations,work,jayce,48,1.0000,9,2,0,195,163,167,160,200,2752,172,24219648,98320,98320,192
3117933,shapes-permutations,work,jayce,48,1.0000,10,0,3,195,163,167,160,200,2752,172,24219648,98320,98320,192
3117933,shapes-permutations,work,jayce,48,1.0000,10,1,3,-1,-1,-1,167,200,2816,176,24824832,98320,98320,192
3117933,shapes-permutations,work,jayce,48,1.0000,10,2,3,195,163,167,167,200,3008,188,26640384,98320,98320,192
3117933,shapes-permutations,work,jayce,48,1.0000,11,0,1,195,163,167,167,200,3008,188,26640384,98320,98320,192
3117933,shapes-permutations,work,jayce,48,1.0000,11,1,1,-1,171,-1,-1,200,3072,192,27245568,98320,98320,192
3117933,shapes-permutations,work,jayce,48,1.0000,11,2,1,195,176,173,167,200,3264,204,29061120,98320,98320,192
3117933,shapes-permutations,work,backprop,0,0.0100,0,0,0,28,89,54,74,200,0,0,0,53088,53088,0
3117933,shapes-permutations,work,backprop,0,0.0100,0,1,0,117,-1,-1,-1,200,80,5,541200,53088,53088,0
3117933,shapes-permutations,work,backprop,0,0.0100,0,2,0,177,91,47,111,200,368,23,2489520,53088,53088,0
3117933,shapes-permutations,work,backprop,0,0.0100,1,0,1,177,91,47,111,200,368,23,2489520,53088,53088,0
3117933,shapes-permutations,work,backprop,0,0.0100,1,1,1,-1,130,-1,-1,200,448,28,3030720,53088,53088,0
3117933,shapes-permutations,work,backprop,0,0.0100,1,2,1,155,174,63,110,200,736,46,4979040,53088,53088,0
3117933,shapes-permutations,work,backprop,0,0.0100,2,0,2,155,174,63,110,200,736,46,4979040,53088,53088,0
3117933,shapes-permutations,work,backprop,0,0.0100,2,1,2,-1,-1,106,-1,200,816,51,5520240,53088,53088,0
3117933,shapes-permutations,work,backprop,0,0.0100,2,2,2,150,175,182,109,200,1104,69,7468560,53088,53088,0
3117933,shapes-permutations,work,backprop,0,0.0100,3,0,3,150,175,182,109,200,1104,69,7468560,53088,53088,0
3117933,shapes-permutations,work,backprop,0,0.0100,3,1,3,-1,-1,-1,135,200,1184,74,8009760,53088,53088,0
3117933,shapes-permutations,work,backprop,0,0.0100,3,2,3,159,148,176,174,200,1472,92,9958080,53088,53088,0
3117933,shapes-permutations,work,backprop,0,0.0100,4,0,0,159,148,176,174,200,1472,92,9958080,53088,53088,0
3117933,shapes-permutations,work,backprop,0,0.0100,4,1,0,162,-1,-1,-1,200,1552,97,10499280,53088,53088,0
3117933,shapes-permutations,work,backprop,0,0.0100,4,2,0,186,154,165,158,200,1840,115,12447600,53088,53088,0
3117933,shapes-permutations,work,backprop,0,0.0100,5,0,2,186,154,165,158,200,1840,115,12447600,53088,53088,0
3117933,shapes-permutations,work,backprop,0,0.0100,5,1,2,-1,-1,169,-1,200,1920,120,12988800,53088,53088,0
3117933,shapes-permutations,work,backprop,0,0.0100,5,2,2,182,150,192,166,200,2208,138,14937120,53088,53088,0
3117933,shapes-permutations,work,backprop,0,0.0100,6,0,1,182,150,192,166,200,2208,138,14937120,53088,53088,0
3117933,shapes-permutations,work,backprop,0,0.0100,6,1,1,-1,169,-1,-1,200,2288,143,15478320,53088,53088,0
3117933,shapes-permutations,work,backprop,0,0.0100,6,2,1,175,181,190,169,200,2576,161,17426640,53088,53088,0
3117933,shapes-permutations,work,backprop,0,0.0100,7,0,3,175,181,190,169,200,2576,161,17426640,53088,53088,0
3117933,shapes-permutations,work,backprop,0,0.0100,7,1,3,-1,-1,-1,172,200,2656,166,17967840,53088,53088,0
3117933,shapes-permutations,work,backprop,0,0.0100,7,2,3,174,184,185,181,200,2944,184,19916160,53088,53088,0
3117933,shapes-permutations,work,backprop,0,0.0100,8,0,2,174,184,185,181,200,2944,184,19916160,53088,53088,0
3117933,shapes-permutations,work,backprop,0,0.0100,8,1,2,-1,-1,186,-1,200,3024,189,20457360,53088,53088,0
3117933,shapes-permutations,work,backprop,0,0.0100,8,2,2,171,188,194,181,200,3312,207,22405680,53088,53088,0
3117933,shapes-permutations,work,backprop,0,0.0100,9,0,0,171,188,194,181,200,3312,207,22405680,53088,53088,0
3117933,shapes-permutations,work,backprop,0,0.0100,9,1,0,173,-1,-1,-1,200,3392,212,22946880,53088,53088,0
3117933,shapes-permutations,work,backprop,0,0.0100,9,2,0,183,180,193,180,200,3680,230,24895200,53088,53088,0
3117933,shapes-permutations,work,backprop,0,0.0100,10,0,3,183,180,193,180,200,3680,230,24895200,53088,53088,0
3117933,shapes-permutations,work,backprop,0,0.0100,10,1,3,-1,-1,-1,181,200,3760,235,25436400,53088,53088,0
3117933,shapes-permutations,work,backprop,0,0.0100,10,2,3,179,175,191,190,200,4048,253,27384720,53088,53088,0
3117933,shapes-permutations,work,backprop,0,0.0100,11,0,1,179,175,191,190,200,4048,253,27384720,53088,53088,0
3117933,shapes-permutations,work,backprop,0,0.0100,11,1,1,-1,185,-1,-1,200,4128,258,27925920,53088,53088,0
3117933,shapes-permutations,work,backprop,0,0.0100,11,2,1,179,191,188,185,200,4416,276,29874240,53088,53088,0
3117933,shapes-permutations,memory,jayce,24,0.6000,0,0,0,50,50,50,50,200,0,0,0,16,49168,0
3117933,shapes-permutations,memory,jayce,24,0.6000,0,1,0,200,-1,-1,-1,200,256,16,777984,49168,49168,96
3117933,shapes-permutations,memory,jayce,24,0.6000,0,2,0,200,83,67,79,200,1024,64,4482816,49168,49168,96
3117933,shapes-permutations,memory,jayce,24,0.6000,1,0,1,200,83,67,79,200,1024,64,4482816,49168,49168,96
3117933,shapes-permutations,memory,jayce,24,0.6000,1,1,1,-1,163,-1,-1,200,1280,80,5717760,49168,49168,96
3117933,shapes-permutations,memory,jayce,24,0.6000,1,2,1,198,160,56,84,200,2048,128,9422592,49168,49168,96
3117933,shapes-permutations,memory,jayce,24,0.6000,2,0,2,198,160,56,84,200,2048,128,9422592,49168,49168,96
3117933,shapes-permutations,memory,jayce,24,0.6000,2,1,2,-1,-1,160,-1,200,2304,144,10657536,49168,49168,96
3117933,shapes-permutations,memory,jayce,24,0.6000,2,2,2,176,154,169,82,200,3072,192,14362368,49168,49168,96
3117933,shapes-permutations,memory,jayce,24,0.6000,3,0,3,176,154,169,82,200,3072,192,14362368,49168,49168,96
3117933,shapes-permutations,memory,jayce,24,0.6000,3,1,3,-1,-1,-1,176,200,3328,208,15597312,49168,49168,96
3117933,shapes-permutations,memory,jayce,24,0.6000,3,2,3,170,133,155,170,200,4096,256,19302144,49168,49168,96
3117933,shapes-permutations,memory,jayce,24,0.6000,4,0,0,170,133,155,170,200,4096,256,19302144,49168,49168,96
3117933,shapes-permutations,memory,jayce,24,0.6000,4,1,0,198,-1,-1,-1,200,4352,272,20537088,49168,49168,96
3117933,shapes-permutations,memory,jayce,24,0.6000,4,2,0,199,128,155,137,200,5120,320,24241920,49168,49168,96
3117933,shapes-permutations,memory,jayce,24,0.6000,5,0,2,199,128,155,137,200,5120,320,24241920,49168,49168,96
3117933,shapes-permutations,memory,jayce,24,0.6000,5,1,2,-1,-1,167,-1,200,5376,336,25476864,49168,49168,96
3117933,shapes-permutations,memory,jayce,24,0.6000,5,2,2,199,125,152,130,200,6144,384,29181696,49168,49168,96
3117933,shapes-permutations,memory,jayce,24,0.6000,6,0,1,199,125,152,130,200,6144,384,29181696,49168,49168,96
3117933,shapes-permutations,memory,jayce,24,0.6000,6,1,1,-1,175,-1,-1,200,6400,400,30416640,49168,49168,96
3117933,shapes-permutations,memory,jayce,24,0.6000,6,2,1,199,157,161,126,200,7168,448,34121472,49168,49168,96
3117933,shapes-permutations,memory,jayce,24,0.6000,7,0,3,199,157,161,126,200,7168,448,34121472,49168,49168,96
3117933,shapes-permutations,memory,jayce,24,0.6000,7,1,3,-1,-1,-1,166,200,7424,464,35356416,49168,49168,96
3117933,shapes-permutations,memory,jayce,24,0.6000,7,2,3,196,131,155,181,200,8192,512,39061248,49168,49168,96
3117933,shapes-permutations,memory,jayce,24,0.6000,8,0,2,196,131,155,181,200,8192,512,39061248,49168,49168,96
3117933,shapes-permutations,memory,jayce,24,0.6000,8,1,2,-1,-1,178,-1,200,8448,528,40296192,49168,49168,96
3117933,shapes-permutations,memory,jayce,24,0.6000,8,2,2,189,131,163,176,200,9216,576,44001024,49168,49168,96
3117933,shapes-permutations,memory,jayce,24,0.6000,9,0,0,189,131,163,176,200,9216,576,44001024,49168,49168,96
3117933,shapes-permutations,memory,jayce,24,0.6000,9,1,0,199,-1,-1,-1,200,9472,592,45235968,49168,49168,96
3117933,shapes-permutations,memory,jayce,24,0.6000,9,2,0,199,131,163,177,200,10240,640,48940800,49168,49168,96
3117933,shapes-permutations,memory,jayce,24,0.6000,10,0,3,199,131,163,177,200,10240,640,48940800,49168,49168,96
3117933,shapes-permutations,memory,jayce,24,0.6000,10,1,3,-1,-1,-1,169,200,10496,656,50175744,49168,49168,96
3117933,shapes-permutations,memory,jayce,24,0.6000,10,2,3,198,133,163,183,200,11264,704,53880576,49168,49168,96
3117933,shapes-permutations,memory,jayce,24,0.6000,11,0,1,198,133,163,183,200,11264,704,53880576,49168,49168,96
3117933,shapes-permutations,memory,jayce,24,0.6000,11,1,1,-1,177,-1,-1,200,11520,720,55115520,49168,49168,96
3117933,shapes-permutations,memory,jayce,24,0.6000,11,2,1,199,181,146,143,200,12288,768,58820352,49168,49168,96
3117933,shapes-permutations,memory,backprop,0,0.0030,0,0,0,28,89,54,74,200,0,0,0,53088,53088,0
3117933,shapes-permutations,memory,backprop,0,0.0030,0,1,0,123,-1,-1,-1,200,256,16,1731840,53088,53088,0
3117933,shapes-permutations,memory,backprop,0,0.0030,0,2,0,177,97,53,113,200,1024,64,6927360,53088,53088,0
3117933,shapes-permutations,memory,backprop,0,0.0030,1,0,1,177,97,53,113,200,1024,64,6927360,53088,53088,0
3117933,shapes-permutations,memory,backprop,0,0.0030,1,1,1,-1,144,-1,-1,200,1280,80,8659200,53088,53088,0
3117933,shapes-permutations,memory,backprop,0,0.0030,1,2,1,159,182,67,114,200,2048,128,13854720,53088,53088,0
3117933,shapes-permutations,memory,backprop,0,0.0030,2,0,2,159,182,67,114,200,2048,128,13854720,53088,53088,0
3117933,shapes-permutations,memory,backprop,0,0.0030,2,1,2,-1,-1,144,-1,200,2304,144,15586560,53088,53088,0
3117933,shapes-permutations,memory,backprop,0,0.0030,2,2,2,154,171,189,108,200,3072,192,20782080,53088,53088,0
3117933,shapes-permutations,memory,backprop,0,0.0030,3,0,3,154,171,189,108,200,3072,192,20782080,53088,53088,0
3117933,shapes-permutations,memory,backprop,0,0.0030,3,1,3,-1,-1,-1,161,200,3328,208,22513920,53088,53088,0
3117933,shapes-permutations,memory,backprop,0,0.0030,3,2,3,163,154,167,185,200,4096,256,27709440,53088,53088,0
3117933,shapes-permutations,memory,backprop,0,0.0030,4,0,0,163,154,167,185,200,4096,256,27709440,53088,53088,0
3117933,shapes-permutations,memory,backprop,0,0.0030,4,1,0,172,-1,-1,-1,200,4352,272,29441280,53088,53088,0
3117933,shapes-permutations,memory,backprop,0,0.0030,4,2,0,185,161,161,177,200,5120,320,34636800,53088,53088,0
3117933,shapes-permutations,memory,backprop,0,0.0030,5,0,2,185,161,161,177,200,5120,320,34636800,53088,53088,0
3117933,shapes-permutations,memory,backprop,0,0.0030,5,1,2,-1,-1,173,-1,200,5376,336,36368640,53088,53088,0
3117933,shapes-permutations,memory,backprop,0,0.0030,5,2,2,180,164,192,173,200,6144,384,41564160,53088,53088,0
3117933,shapes-permutations,memory,backprop,0,0.0030,6,0,1,180,164,192,173,200,6144,384,41564160,53088,53088,0
3117933,shapes-permutations,memory,backprop,0,0.0030,6,1,1,-1,180,-1,-1,200,6400,400,43296000,53088,53088,0
3117933,shapes-permutations,memory,backprop,0,0.0030,6,2,1,171,187,185,169,200,7168,448,48491520,53088,53088,0
3117933,shapes-permutations,memory,backprop,0,0.0030,7,0,3,171,187,185,169,200,7168,448,48491520,53088,53088,0
3117933,shapes-permutations,memory,backprop,0,0.0030,7,1,3,-1,-1,-1,183,200,7424,464,50223360,53088,53088,0
3117933,shapes-permutations,memory,backprop,0,0.0030,7,2,3,181,187,179,194,200,8192,512,55418880,53088,53088,0
3117933,shapes-permutations,memory,backprop,0,0.0030,8,0,2,181,187,179,194,200,8192,512,55418880,53088,53088,0
3117933,shapes-permutations,memory,backprop,0,0.0030,8,1,2,-1,-1,186,-1,200,8448,528,57150720,53088,53088,0
3117933,shapes-permutations,memory,backprop,0,0.0030,8,2,2,175,177,192,191,200,9216,576,62346240,53088,53088,0
3117933,shapes-permutations,memory,backprop,0,0.0030,9,0,0,175,177,192,191,200,9216,576,62346240,53088,53088,0
3117933,shapes-permutations,memory,backprop,0,0.0030,9,1,0,177,-1,-1,-1,200,9472,592,64078080,53088,53088,0
3117933,shapes-permutations,memory,backprop,0,0.0030,9,2,0,188,170,188,183,200,10240,640,69273600,53088,53088,0
3117933,shapes-permutations,memory,backprop,0,0.0030,10,0,3,188,170,188,183,200,10240,640,69273600,53088,53088,0
3117933,shapes-permutations,memory,backprop,0,0.0030,10,1,3,-1,-1,-1,192,200,10496,656,71005440,53088,53088,0
3117933,shapes-permutations,memory,backprop,0,0.0030,10,2,3,175,166,189,194,200,11264,704,76200960,53088,53088,0
3117933,shapes-permutations,memory,backprop,0,0.0030,11,0,1,175,166,189,194,200,11264,704,76200960,53088,53088,0
3117933,shapes-permutations,memory,backprop,0,0.0030,11,1,1,-1,191,-1,-1,200,11520,720,77932800,53088,53088,0
3117933,shapes-permutations,memory,backprop,0,0.0030,11,2,1,186,193,185,193,200,12288,768,83128320,53088,53088,0
3222662,shapes-permutations,examples,jayce,48,1.0000,0,0,0,50,50,50,50,200,0,0,0,16,98320,0
3222662,shapes-permutations,examples,jayce,48,1.0000,0,1,0,200,-1,-1,-1,200,256,16,617472,98320,98320,192
3222662,shapes-permutations,examples,jayce,48,1.0000,0,2,0,199,73,92,72,200,1024,64,7879680,98320,98320,192
3222662,shapes-permutations,examples,jayce,48,1.0000,1,0,1,199,73,92,72,200,1024,64,7879680,98320,98320,192
3222662,shapes-permutations,examples,jayce,48,1.0000,1,1,1,-1,168,-1,-1,200,1280,80,10300416,98320,98320,192
3222662,shapes-permutations,examples,jayce,48,1.0000,1,2,1,199,176,92,75,200,2048,128,17562624,98320,98320,192
3222662,shapes-permutations,examples,jayce,48,1.0000,2,0,2,199,176,92,75,200,2048,128,17562624,98320,98320,192
3222662,shapes-permutations,examples,jayce,48,1.0000,2,1,2,-1,-1,170,-1,200,2304,144,19983360,98320,98320,192
3222662,shapes-permutations,examples,jayce,48,1.0000,2,2,2,196,170,187,75,200,3072,192,27245568,98320,98320,192
3222662,shapes-permutations,examples,jayce,48,1.0000,3,0,3,196,170,187,75,200,3072,192,27245568,98320,98320,192
3222662,shapes-permutations,examples,jayce,48,1.0000,3,1,3,-1,-1,-1,180,200,3328,208,29666304,98320,98320,192
3222662,shapes-permutations,examples,jayce,48,1.0000,3,2,3,197,170,155,191,200,4096,256,36928512,98320,98320,192
3222662,shapes-permutations,examples,jayce,48,1.0000,4,0,0,197,170,155,191,200,4096,256,36928512,98320,98320,192
3222662,shapes-permutations,examples,jayce,48,1.0000,4,1,0,197,-1,-1,-1,200,4352,272,39349248,98320,98320,192
3222662,shapes-permutations,examples,jayce,48,1.0000,4,2,0,196,171,139,191,200,5120,320,46611456,98320,98320,192
3222662,shapes-permutations,examples,jayce,48,1.0000,5,0,2,196,171,139,191,200,5120,320,46611456,98320,98320,192
3222662,shapes-permutations,examples,jayce,48,1.0000,5,1,2,-1,-1,181,-1,200,5376,336,49032192,98320,98320,192
3222662,shapes-permutations,examples,jayce,48,1.0000,5,2,2,196,170,186,189,200,6144,384,56294400,98320,98320,192
3222662,shapes-permutations,examples,jayce,48,1.0000,6,0,1,196,170,186,189,200,6144,384,56294400,98320,98320,192
3222662,shapes-permutations,examples,jayce,48,1.0000,6,1,1,-1,172,-1,-1,200,6400,400,58715136,98320,98320,192
3222662,shapes-permutations,examples,jayce,48,1.0000,6,2,1,196,188,186,189,200,7168,448,65977344,98320,98320,192
3222662,shapes-permutations,examples,jayce,48,1.0000,7,0,3,196,188,186,189,200,7168,448,65977344,98320,98320,192
3222662,shapes-permutations,examples,jayce,48,1.0000,7,1,3,-1,-1,-1,193,200,7424,464,68398080,98320,98320,192
3222662,shapes-permutations,examples,jayce,48,1.0000,7,2,3,196,188,186,175,200,8192,512,75660288,98320,98320,192
3222662,shapes-permutations,examples,jayce,48,1.0000,8,0,2,196,188,186,175,200,8192,512,75660288,98320,98320,192
3222662,shapes-permutations,examples,jayce,48,1.0000,8,1,2,-1,-1,184,-1,200,8448,528,78081024,98320,98320,192
3222662,shapes-permutations,examples,jayce,48,1.0000,8,2,2,196,182,185,175,200,9216,576,85343232,98320,98320,192
3222662,shapes-permutations,examples,jayce,48,1.0000,9,0,0,196,182,185,175,200,9216,576,85343232,98320,98320,192
3222662,shapes-permutations,examples,jayce,48,1.0000,9,1,0,197,-1,-1,-1,200,9472,592,87763968,98320,98320,192
3222662,shapes-permutations,examples,jayce,48,1.0000,9,2,0,199,182,185,175,200,10240,640,95026176,98320,98320,192
3222662,shapes-permutations,examples,jayce,48,1.0000,10,0,3,199,182,185,175,200,10240,640,95026176,98320,98320,192
3222662,shapes-permutations,examples,jayce,48,1.0000,10,1,3,-1,-1,-1,182,200,10496,656,97446912,98320,98320,192
3222662,shapes-permutations,examples,jayce,48,1.0000,10,2,3,199,182,185,182,200,11264,704,104709120,98320,98320,192
3222662,shapes-permutations,examples,jayce,48,1.0000,11,0,1,199,182,185,182,200,11264,704,104709120,98320,98320,192
3222662,shapes-permutations,examples,jayce,48,1.0000,11,1,1,-1,170,-1,-1,200,11520,720,107129856,98320,98320,192
3222662,shapes-permutations,examples,jayce,48,1.0000,11,2,1,199,174,180,182,200,12288,768,114392064,98320,98320,192
3222662,shapes-permutations,examples,backprop,0,0.0030,0,0,0,45,55,36,53,200,0,0,0,53088,53088,0
3222662,shapes-permutations,examples,backprop,0,0.0030,0,1,0,150,-1,-1,-1,200,256,16,1731840,53088,53088,0
3222662,shapes-permutations,examples,backprop,0,0.0030,0,2,0,182,85,49,63,200,1024,64,6927360,53088,53088,0
3222662,shapes-permutations,examples,backprop,0,0.0030,1,0,1,182,85,49,63,200,1024,64,6927360,53088,53088,0
3222662,shapes-permutations,examples,backprop,0,0.0030,1,1,1,-1,141,-1,-1,200,1280,80,8659200,53088,53088,0
3222662,shapes-permutations,examples,backprop,0,0.0030,1,2,1,177,189,63,91,200,2048,128,13854720,53088,53088,0
3222662,shapes-permutations,examples,backprop,0,0.0030,2,0,2,177,189,63,91,200,2048,128,13854720,53088,53088,0
3222662,shapes-permutations,examples,backprop,0,0.0030,2,1,2,-1,-1,131,-1,200,2304,144,15586560,53088,53088,0
3222662,shapes-permutations,examples,backprop,0,0.0030,2,2,2,157,167,183,106,200,3072,192,20782080,53088,53088,0
3222662,shapes-permutations,examples,backprop,0,0.0030,3,0,3,157,167,183,106,200,3072,192,20782080,53088,53088,0
3222662,shapes-permutations,examples,backprop,0,0.0030,3,1,3,-1,-1,-1,146,200,3328,208,22513920,53088,53088,0
3222662,shapes-permutations,examples,backprop,0,0.0030,3,2,3,162,156,174,184,200,4096,256,27709440,53088,53088,0
3222662,shapes-permutations,examples,backprop,0,0.0030,4,0,0,162,156,174,184,200,4096,256,27709440,53088,53088,0
3222662,shapes-permutations,examples,backprop,0,0.0030,4,1,0,172,-1,-1,-1,200,4352,272,29441280,53088,53088,0
3222662,shapes-permutations,examples,backprop,0,0.0030,4,2,0,193,160,165,168,200,5120,320,34636800,53088,53088,0
3222662,shapes-permutations,examples,backprop,0,0.0030,5,0,2,193,160,165,168,200,5120,320,34636800,53088,53088,0
3222662,shapes-permutations,examples,backprop,0,0.0030,5,1,2,-1,-1,175,-1,200,5376,336,36368640,53088,53088,0
3222662,shapes-permutations,examples,backprop,0,0.0030,5,2,2,184,156,191,167,200,6144,384,41564160,53088,53088,0
3222662,shapes-permutations,examples,backprop,0,0.0030,6,0,1,184,156,191,167,200,6144,384,41564160,53088,53088,0
3222662,shapes-permutations,examples,backprop,0,0.0030,6,1,1,-1,171,-1,-1,200,6400,400,43296000,53088,53088,0
3222662,shapes-permutations,examples,backprop,0,0.0030,6,2,1,176,193,175,165,200,7168,448,48491520,53088,53088,0
3222662,shapes-permutations,examples,backprop,0,0.0030,7,0,3,176,193,175,165,200,7168,448,48491520,53088,53088,0
3222662,shapes-permutations,examples,backprop,0,0.0030,7,1,3,-1,-1,-1,179,200,7424,464,50223360,53088,53088,0
3222662,shapes-permutations,examples,backprop,0,0.0030,7,2,3,180,187,175,193,200,8192,512,55418880,53088,53088,0
3222662,shapes-permutations,examples,backprop,0,0.0030,8,0,2,180,187,175,193,200,8192,512,55418880,53088,53088,0
3222662,shapes-permutations,examples,backprop,0,0.0030,8,1,2,-1,-1,190,-1,200,8448,528,57150720,53088,53088,0
3222662,shapes-permutations,examples,backprop,0,0.0030,8,2,2,181,176,195,192,200,9216,576,62346240,53088,53088,0
3222662,shapes-permutations,examples,backprop,0,0.0030,9,0,0,181,176,195,192,200,9216,576,62346240,53088,53088,0
3222662,shapes-permutations,examples,backprop,0,0.0030,9,1,0,181,-1,-1,-1,200,9472,592,64078080,53088,53088,0
3222662,shapes-permutations,examples,backprop,0,0.0030,9,2,0,193,180,186,185,200,10240,640,69273600,53088,53088,0
3222662,shapes-permutations,examples,backprop,0,0.0030,10,0,3,193,180,186,185,200,10240,640,69273600,53088,53088,0
3222662,shapes-permutations,examples,backprop,0,0.0030,10,1,3,-1,-1,-1,187,200,10496,656,71005440,53088,53088,0
3222662,shapes-permutations,examples,backprop,0,0.0030,10,2,3,191,173,189,194,200,11264,704,76200960,53088,53088,0
3222662,shapes-permutations,examples,backprop,0,0.0030,11,0,1,191,173,189,194,200,11264,704,76200960,53088,53088,0
3222662,shapes-permutations,examples,backprop,0,0.0030,11,1,1,-1,185,-1,-1,200,11520,720,77932800,53088,53088,0
3222662,shapes-permutations,examples,backprop,0,0.0030,11,2,1,187,194,174,193,200,12288,768,83128320,53088,53088,0
3222662,shapes-permutations,work,jayce,48,1.0000,0,0,0,50,50,50,50,200,0,0,0,16,98320,0
3222662,shapes-permutations,work,jayce,48,1.0000,0,1,0,200,-1,-1,-1,200,256,16,617472,98320,98320,192
3222662,shapes-permutations,work,jayce,48,1.0000,0,2,0,200,84,98,83,200,448,28,2433024,98320,98320,192
3222662,shapes-permutations,work,jayce,48,1.0000,1,0,1,200,84,98,83,200,448,28,2433024,98320,98320,192
3222662,shapes-permutations,work,jayce,48,1.0000,1,1,1,-1,153,-1,-1,200,512,32,3038208,98320,98320,192
3222662,shapes-permutations,work,jayce,48,1.0000,1,2,1,198,168,94,99,200,704,44,4853760,98320,98320,192
3222662,shapes-permutations,work,jayce,48,1.0000,2,0,2,198,168,94,99,200,704,44,4853760,98320,98320,192
3222662,shapes-permutations,work,jayce,48,1.0000,2,1,2,-1,-1,152,-1,200,768,48,5458944,98320,98320,192
3222662,shapes-permutations,work,jayce,48,1.0000,2,2,2,197,168,182,93,200,960,60,7274496,98320,98320,192
3222662,shapes-permutations,work,jayce,48,1.0000,3,0,3,197,168,182,93,200,960,60,7274496,98320,98320,192
3222662,shapes-permutations,work,jayce,48,1.0000,3,1,3,-1,-1,-1,165,200,1024,64,7879680,98320,98320,192
3222662,shapes-permutations,work,jayce,48,1.0000,3,2,3,197,153,165,175,200,1216,76,9695232,98320,98320,192
3222662,shapes-permutations,work,jayce,48,1.0000,4,0,0,197,153,165,175,200,1216,76,9695232,98320,98320,192
3222662,shapes-permutations,work,jayce,48,1.0000,4,1,0,199,-1,-1,-1,200,1280,80,10300416,98320,98320,192
3222662,shapes-permutations,work,jayce,48,1.0000,4,2,0,197,153,164,175,200,1472,92,12115968,98320,98320,192
3222662,shapes-permutations,work,jayce,48,1.0000,5,0,2,197,153,164,175,200,1472,92,12115968,98320,98320,192
3222662,shapes-permutations,work,jayce,48,1.0000,5,1,2,-1,-1,163,-1,200,1536,96,12721152,98320,98320,192
3222662,shapes-permutations,work,jayce,48,1.0000,5,2,2,197,158,184,175,200,1728,108,14536704,98320,98320,192
3222662,shapes-permutations,work,jayce,48,1.0000,6,0,1,197,158,184,175,200,1728,108,14536704,98320,98320,192
3222662,shapes-permutations,work,jayce,48,1.0000,6,1,1,-1,174,-1,-1,200,1792,112,15141888,98320,98320,192
3222662,shapes-permutations,work,jayce,48,1.0000,6,2,1,197,172,184,153,200,1984,124,16957440,98320,98320,192
3222662,shapes-permutations,work,jayce,48,1.0000,7,0,3,197,172,184,153,200,1984,124,16957440,98320,98320,192
3222662,shapes-permutations,work,jayce,48,1.0000,7,1,3,-1,-1,-1,170,200,2048,128,17562624,98320,98320,192
3222662,shapes-permutations,work,jayce,48,1.0000,7,2,3,197,172,185,169,200,2240,140,19378176,98320,98320,192
3222662,shapes-permutations,work,jayce,48,1.0000,8,0,2,197,172,185,169,200,2240,140,19378176,98320,98320,192
3222662,shapes-permutations,work,jayce,48,1.0000,8,1,2,-1,-1,179,-1,200,2304,144,19983360,98320,98320,192
3222662,shapes-permutations,work,jayce,48,1.0000,8,2,2,197,173,177,169,200,2496,156,21798912,98320,98320,192
3222662,shapes-permutations,work,jayce,48,1.0000,9,0,0,197,173,177,169,200,2496,156,21798912,98320,98320,192
3222662,shapes-permutations,work,jayce,48,1.0000,9,1,0,197,-1,-1,-1,200,2560,160,22404096,98320,98320,192
3222662,shapes-permutations,work,jayce,48,1.0000,9,2,0,197,173,177,168,200,2752,172,24219648,98320,98320,192
3222662,shapes-permutations,work,jayce,48,1.0000,10,0,3,197,173,177,168,200,2752,172,24219648,98320,98320,192
3222662,shapes-permutations,work,jayce,48,1.0000,10,1,3,-1,-1,-1,160,200,2816,176,24824832,98320,98320,192
3222662,shapes-permutations,work,jayce,48,1.0000,10,2,3,197,173,177,174,200,3008,188,26640384,98320,98320,192
3222662,shapes-permutations,work,jayce,48,1.0000,11,0,1,197,173,177,174,200,3008,188,26640384,98320,98320,192
3222662,shapes-permutations,work,jayce,48,1.0000,11,1,1,-1,180,-1,-1,200,3072,192,27245568,98320,98320,192
3222662,shapes-permutations,work,jayce,48,1.0000,11,2,1,197,179,177,174,200,3264,204,29061120,98320,98320,192
3222662,shapes-permutations,work,backprop,0,0.0100,0,0,0,45,55,36,53,200,0,0,0,53088,53088,0
3222662,shapes-permutations,work,backprop,0,0.0100,0,1,0,140,-1,-1,-1,200,80,5,541200,53088,53088,0
3222662,shapes-permutations,work,backprop,0,0.0100,0,2,0,169,77,49,81,200,368,23,2489520,53088,53088,0
3222662,shapes-permutations,work,backprop,0,0.0100,1,0,1,169,77,49,81,200,368,23,2489520,53088,53088,0
3222662,shapes-permutations,work,backprop,0,0.0100,1,1,1,-1,118,-1,-1,200,448,28,3030720,53088,53088,0
3222662,shapes-permutations,work,backprop,0,0.0100,1,2,1,153,174,68,92,200,736,46,4979040,53088,53088,0
3222662,shapes-permutations,work,backprop,0,0.0100,2,0,2,153,174,68,92,200,736,46,4979040,53088,53088,0
3222662,shapes-permutations,work,backprop,0,0.0100,2,1,2,-1,-1,104,-1,200,816,51,5520240,53088,53088,0
3222662,shapes-permutations,work,backprop,0,0.0100,2,2,2,161,165,162,93,200,1104,69,7468560,53088,53088,0
3222662,shapes-permutations,work,backprop,0,0.0100,3,0,3,161,165,162,93,200,1104,69,7468560,53088,53088,0
3222662,shapes-permutations,work,backprop,0,0.0100,3,1,3,-1,-1,-1,109,200,1184,74,8009760,53088,53088,0
3222662,shapes-permutations,work,backprop,0,0.0100,3,2,3,150,153,156,177,200,1472,92,9958080,53088,53088,0
3222662,shapes-permutations,work,backprop,0,0.0100,4,0,0,150,153,156,177,200,1472,92,9958080,53088,53088,0
3222662,shapes-permutations,work,backprop,0,0.0100,4,1,0,158,-1,-1,-1,200,1552,97,10499280,53088,53088,0
3222662,shapes-permutations,work,backprop,0,0.0100,4,2,0,174,167,150,181,200,1840,115,12447600,53088,53088,0
3222662,shapes-permutations,work,backprop,0,0.0100,5,0,2,174,167,150,181,200,1840,115,12447600,53088,53088,0
3222662,shapes-permutations,work,backprop,0,0.0100,5,1,2,-1,-1,158,-1,200,1920,120,12988800,53088,53088,0
3222662,shapes-permutations,work,backprop,0,0.0100,5,2,2,180,160,180,170,200,2208,138,14937120,53088,53088,0
3222662,shapes-permutations,work,backprop,0,0.0100,6,0,1,180,160,180,170,200,2208,138,14937120,53088,53088,0
3222662,shapes-permutations,work,backprop,0,0.0100,6,1,1,-1,160,-1,-1,200,2288,143,15478320,53088,53088,0
3222662,shapes-permutations,work,backprop,0,0.0100,6,2,1,184,184,180,165,200,2576,161,17426640,53088,53088,0
3222662,shapes-permutations,work,backprop,0,0.0100,7,0,3,184,184,180,165,200,2576,161,17426640,53088,53088,0
3222662,shapes-permutations,work,backprop,0,0.0100,7,1,3,-1,-1,-1,171,200,2656,166,17967840,53088,53088,0
3222662,shapes-permutations,work,backprop,0,0.0100,7,2,3,178,185,168,184,200,2944,184,19916160,53088,53088,0
3222662,shapes-permutations,work,backprop,0,0.0100,8,0,2,178,185,168,184,200,2944,184,19916160,53088,53088,0
3222662,shapes-permutations,work,backprop,0,0.0100,8,1,2,-1,-1,174,-1,200,3024,189,20457360,53088,53088,0
3222662,shapes-permutations,work,backprop,0,0.0100,8,2,2,176,174,183,182,200,3312,207,22405680,53088,53088,0
3222662,shapes-permutations,work,backprop,0,0.0100,9,0,0,176,174,183,182,200,3312,207,22405680,53088,53088,0
3222662,shapes-permutations,work,backprop,0,0.0100,9,1,0,182,-1,-1,-1,200,3392,212,22946880,53088,53088,0
3222662,shapes-permutations,work,backprop,0,0.0100,9,2,0,189,166,181,177,200,3680,230,24895200,53088,53088,0
3222662,shapes-permutations,work,backprop,0,0.0100,10,0,3,189,166,181,177,200,3680,230,24895200,53088,53088,0
3222662,shapes-permutations,work,backprop,0,0.0100,10,1,3,-1,-1,-1,173,200,3760,235,25436400,53088,53088,0
3222662,shapes-permutations,work,backprop,0,0.0100,10,2,3,180,163,176,190,200,4048,253,27384720,53088,53088,0
3222662,shapes-permutations,work,backprop,0,0.0100,11,0,1,180,163,176,190,200,4048,253,27384720,53088,53088,0
3222662,shapes-permutations,work,backprop,0,0.0100,11,1,1,-1,172,-1,-1,200,4128,258,27925920,53088,53088,0
3222662,shapes-permutations,work,backprop,0,0.0100,11,2,1,184,188,168,191,200,4416,276,29874240,53088,53088,0
3222662,shapes-permutations,memory,jayce,24,0.6000,0,0,0,50,50,50,50,200,0,0,0,16,49168,0
3222662,shapes-permutations,memory,jayce,24,0.6000,0,1,0,200,-1,-1,-1,200,256,16,777984,49168,49168,96
3222662,shapes-permutations,memory,jayce,24,0.6000,0,2,0,199,85,97,84,200,1024,64,4482816,49168,49168,96
3222662,shapes-permutations,memory,jayce,24,0.6000,1,0,1,199,85,97,84,200,1024,64,4482816,49168,49168,96
3222662,shapes-permutations,memory,jayce,24,0.6000,1,1,1,-1,160,-1,-1,200,1280,80,5717760,49168,49168,96
3222662,shapes-permutations,memory,jayce,24,0.6000,1,2,1,195,171,92,86,200,2048,128,9422592,49168,49168,96
3222662,shapes-permutations,memory,jayce,24,0.6000,2,0,2,195,171,92,86,200,2048,128,9422592,49168,49168,96
3222662,shapes-permutations,memory,jayce,24,0.6000,2,1,2,-1,-1,169,-1,200,2304,144,10657536,49168,49168,96
3222662,shapes-permutations,memory,jayce,24,0.6000,2,2,2,195,157,172,85,200,3072,192,14362368,49168,49168,96
3222662,shapes-permutations,memory,jayce,24,0.6000,3,0,3,195,157,172,85,200,3072,192,14362368,49168,49168,96
3222662,shapes-permutations,memory,jayce,24,0.6000,3,1,3,-1,-1,-1,173,200,3328,208,15597312,49168,49168,96
3222662,shapes-permutations,memory,jayce,24,0.6000,3,2,3,195,142,160,181,200,4096,256,19302144,49168,49168,96
3222662,shapes-permutations,memory,jayce,24,0.6000,4,0,0,195,142,160,181,200,4096,256,19302144,49168,49168,96
3222662,shapes-permutations,memory,jayce,24,0.6000,4,1,0,200,-1,-1,-1,200,4352,272,20537088,49168,49168,96
3222662,shapes-permutations,memory,jayce,24,0.6000,4,2,0,200,141,160,181,200,5120,320,24241920,49168,49168,96
3222662,shapes-permutations,memory,jayce,24,0.6000,5,0,2,200,141,160,181,200,5120,320,24241920,49168,49168,96
3222662,shapes-permutations,memory,jayce,24,0.6000,5,1,2,-1,-1,173,-1,200,5376,336,25476864,49168,49168,96
3222662,shapes-permutations,memory,jayce,24,0.6000,5,2,2,190,127,178,166,200,6144,384,29181696,49168,49168,96
3222662,shapes-permutations,memory,jayce,24,0.6000,6,0,1,190,127,178,166,200,6144,384,29181696,49168,49168,96
3222662,shapes-permutations,memory,jayce,24,0.6000,6,1,1,-1,189,-1,-1,200,6400,400,30416640,49168,49168,96
3222662,shapes-permutations,memory,jayce,24,0.6000,6,2,1,190,176,164,153,200,7168,448,34121472,49168,49168,96
3222662,shapes-permutations,memory,jayce,24,0.6000,7,0,3,190,176,164,153,200,7168,448,34121472,49168,49168,96
3222662,shapes-permutations,memory,jayce,24,0.6000,7,1,3,-1,-1,-1,173,200,7424,464,35356416,49168,49168,96
3222662,shapes-permutations,memory,jayce,24,0.6000,7,2,3,190,159,164,180,200,8192,512,39061248,49168,49168,96
3222662,shapes-permutations,memory,jayce,24,0.6000,8,0,2,190,159,164,180,200,8192,512,39061248,49168,49168,96
3222662,shapes-permutations,memory,jayce,24,0.6000,8,1,2,-1,-1,174,-1,200,8448,528,40296192,49168,49168,96
3222662,shapes-permutations,memory,jayce,24,0.6000,8,2,2,190,136,181,170,200,9216,576,44001024,49168,49168,96
3222662,shapes-permutations,memory,jayce,24,0.6000,9,0,0,190,136,181,170,200,9216,576,44001024,49168,49168,96
3222662,shapes-permutations,memory,jayce,24,0.6000,9,1,0,193,-1,-1,-1,200,9472,592,45235968,49168,49168,96
3222662,shapes-permutations,memory,jayce,24,0.6000,9,2,0,200,138,181,164,200,10240,640,48940800,49168,49168,96
3222662,shapes-permutations,memory,jayce,24,0.6000,10,0,3,200,138,181,164,200,10240,640,48940800,49168,49168,96
3222662,shapes-permutations,memory,jayce,24,0.6000,10,1,3,-1,-1,-1,185,200,10496,656,50175744,49168,49168,96
3222662,shapes-permutations,memory,jayce,24,0.6000,10,2,3,194,157,181,176,200,11264,704,53880576,49168,49168,96
3222662,shapes-permutations,memory,jayce,24,0.6000,11,0,1,194,157,181,176,200,11264,704,53880576,49168,49168,96
3222662,shapes-permutations,memory,jayce,24,0.6000,11,1,1,-1,169,-1,-1,200,11520,720,55115520,49168,49168,96
3222662,shapes-permutations,memory,jayce,24,0.6000,11,2,1,181,178,181,167,200,12288,768,58820352,49168,49168,96
3222662,shapes-permutations,memory,backprop,0,0.0030,0,0,0,45,55,36,53,200,0,0,0,53088,53088,0
3222662,shapes-permutations,memory,backprop,0,0.0030,0,1,0,150,-1,-1,-1,200,256,16,1731840,53088,53088,0
3222662,shapes-permutations,memory,backprop,0,0.0030,0,2,0,182,85,49,63,200,1024,64,6927360,53088,53088,0
3222662,shapes-permutations,memory,backprop,0,0.0030,1,0,1,182,85,49,63,200,1024,64,6927360,53088,53088,0
3222662,shapes-permutations,memory,backprop,0,0.0030,1,1,1,-1,141,-1,-1,200,1280,80,8659200,53088,53088,0
3222662,shapes-permutations,memory,backprop,0,0.0030,1,2,1,177,189,63,91,200,2048,128,13854720,53088,53088,0
3222662,shapes-permutations,memory,backprop,0,0.0030,2,0,2,177,189,63,91,200,2048,128,13854720,53088,53088,0
3222662,shapes-permutations,memory,backprop,0,0.0030,2,1,2,-1,-1,131,-1,200,2304,144,15586560,53088,53088,0
3222662,shapes-permutations,memory,backprop,0,0.0030,2,2,2,157,167,183,106,200,3072,192,20782080,53088,53088,0
3222662,shapes-permutations,memory,backprop,0,0.0030,3,0,3,157,167,183,106,200,3072,192,20782080,53088,53088,0
3222662,shapes-permutations,memory,backprop,0,0.0030,3,1,3,-1,-1,-1,146,200,3328,208,22513920,53088,53088,0
3222662,shapes-permutations,memory,backprop,0,0.0030,3,2,3,162,156,174,184,200,4096,256,27709440,53088,53088,0
3222662,shapes-permutations,memory,backprop,0,0.0030,4,0,0,162,156,174,184,200,4096,256,27709440,53088,53088,0
3222662,shapes-permutations,memory,backprop,0,0.0030,4,1,0,172,-1,-1,-1,200,4352,272,29441280,53088,53088,0
3222662,shapes-permutations,memory,backprop,0,0.0030,4,2,0,193,160,165,168,200,5120,320,34636800,53088,53088,0
3222662,shapes-permutations,memory,backprop,0,0.0030,5,0,2,193,160,165,168,200,5120,320,34636800,53088,53088,0
3222662,shapes-permutations,memory,backprop,0,0.0030,5,1,2,-1,-1,175,-1,200,5376,336,36368640,53088,53088,0
3222662,shapes-permutations,memory,backprop,0,0.0030,5,2,2,184,156,191,167,200,6144,384,41564160,53088,53088,0
3222662,shapes-permutations,memory,backprop,0,0.0030,6,0,1,184,156,191,167,200,6144,384,41564160,53088,53088,0
3222662,shapes-permutations,memory,backprop,0,0.0030,6,1,1,-1,171,-1,-1,200,6400,400,43296000,53088,53088,0
3222662,shapes-permutations,memory,backprop,0,0.0030,6,2,1,176,193,175,165,200,7168,448,48491520,53088,53088,0
3222662,shapes-permutations,memory,backprop,0,0.0030,7,0,3,176,193,175,165,200,7168,448,48491520,53088,53088,0
3222662,shapes-permutations,memory,backprop,0,0.0030,7,1,3,-1,-1,-1,179,200,7424,464,50223360,53088,53088,0
3222662,shapes-permutations,memory,backprop,0,0.0030,7,2,3,180,187,175,193,200,8192,512,55418880,53088,53088,0
3222662,shapes-permutations,memory,backprop,0,0.0030,8,0,2,180,187,175,193,200,8192,512,55418880,53088,53088,0
3222662,shapes-permutations,memory,backprop,0,0.0030,8,1,2,-1,-1,190,-1,200,8448,528,57150720,53088,53088,0
3222662,shapes-permutations,memory,backprop,0,0.0030,8,2,2,181,176,195,192,200,9216,576,62346240,53088,53088,0
3222662,shapes-permutations,memory,backprop,0,0.0030,9,0,0,181,176,195,192,200,9216,576,62346240,53088,53088,0
3222662,shapes-permutations,memory,backprop,0,0.0030,9,1,0,181,-1,-1,-1,200,9472,592,64078080,53088,53088,0
3222662,shapes-permutations,memory,backprop,0,0.0030,9,2,0,193,180,186,185,200,10240,640,69273600,53088,53088,0
3222662,shapes-permutations,memory,backprop,0,0.0030,10,0,3,193,180,186,185,200,10240,640,69273600,53088,53088,0
3222662,shapes-permutations,memory,backprop,0,0.0030,10,1,3,-1,-1,-1,187,200,10496,656,71005440,53088,53088,0
3222662,shapes-permutations,memory,backprop,0,0.0030,10,2,3,191,173,189,194,200,11264,704,76200960,53088,53088,0
3222662,shapes-permutations,memory,backprop,0,0.0030,11,0,1,191,173,189,194,200,11264,704,76200960,53088,53088,0
3222662,shapes-permutations,memory,backprop,0,0.0030,11,1,1,-1,185,-1,-1,200,11520,720,77932800,53088,53088,0
3222662,shapes-permutations,memory,backprop,0,0.0030,11,2,1,187,194,174,193,200,12288,768,83128320,53088,53088,0
2280101,shapes-mixed,examples,jayce,48,1.0000,0,0,0,50,50,50,50,200,0,0,0,16,98320,0
2280101,shapes-mixed,examples,jayce,48,1.0000,0,1,0,198,-1,-1,-1,200,256,16,617472,98320,98320,192
2280101,shapes-mixed,examples,jayce,48,1.0000,0,2,0,198,59,63,29,200,1024,64,7879680,98320,98320,192
2280101,shapes-mixed,examples,jayce,48,1.0000,1,0,1,198,59,63,29,200,1024,64,7879680,98320,98320,192
2280101,shapes-mixed,examples,jayce,48,1.0000,1,1,1,-1,151,-1,-1,200,1280,80,10300416,98320,98320,192
2280101,shapes-mixed,examples,jayce,48,1.0000,1,2,1,198,163,73,46,200,2048,128,17562624,98320,98320,192
2280101,shapes-mixed,examples,jayce,48,1.0000,2,0,2,198,163,73,46,200,2048,128,17562624,98320,98320,192
2280101,shapes-mixed,examples,jayce,48,1.0000,2,1,2,-1,-1,178,-1,200,2304,144,19983360,98320,98320,192
2280101,shapes-mixed,examples,jayce,48,1.0000,2,2,2,198,150,161,94,200,3072,192,27245568,98320,98320,192
2280101,shapes-mixed,examples,jayce,48,1.0000,3,0,3,198,150,161,94,200,3072,192,27245568,98320,98320,192
2280101,shapes-mixed,examples,jayce,48,1.0000,3,1,3,-1,-1,-1,175,200,3328,208,29666304,98320,98320,192
2280101,shapes-mixed,examples,jayce,48,1.0000,3,2,3,198,136,159,176,200,4096,256,36928512,98320,98320,192
2280101,shapes-mixed,examples,jayce,48,1.0000,4,0,0,198,136,159,176,200,4096,256,36928512,98320,98320,192
2280101,shapes-mixed,examples,jayce,48,1.0000,4,1,0,198,-1,-1,-1,200,4352,272,39349248,98320,98320,192
2280101,shapes-mixed,examples,jayce,48,1.0000,4,2,0,196,132,159,176,200,5120,320,46611456,98320,98320,192
2280101,shapes-mixed,examples,jayce,48,1.0000,5,0,2,196,132,159,176,200,5120,320,46611456,98320,98320,192
2280101,shapes-mixed,examples,jayce,48,1.0000,5,1,2,-1,-1,173,-1,200,5376,336,49032192,98320,98320,192
2280101,shapes-mixed,examples,jayce,48,1.0000,5,2,2,196,136,177,177,200,6144,384,56294400,98320,98320,192
2280101,shapes-mixed,examples,jayce,48,1.0000,6,0,1,196,136,177,177,200,6144,384,56294400,98320,98320,192
2280101,shapes-mixed,examples,jayce,48,1.0000,6,1,1,-1,156,-1,-1,200,6400,400,58715136,98320,98320,192
2280101,shapes-mixed,examples,jayce,48,1.0000,6,2,1,196,167,159,156,200,7168,448,65977344,98320,98320,192
2280101,shapes-mixed,examples,jayce,48,1.0000,7,0,3,196,167,159,156,200,7168,448,65977344,98320,98320,192
2280101,shapes-mixed,examples,jayce,48,1.0000,7,1,3,-1,-1,-1,166,200,7424,464,68398080,98320,98320,192
2280101,shapes-mixed,examples,jayce,48,1.0000,7,2,3,194,163,159,186,200,8192,512,75660288,98320,98320,192
2280101,shapes-mixed,examples,jayce,48,1.0000,8,0,2,194,163,159,186,200,8192,512,75660288,98320,98320,192
2280101,shapes-mixed,examples,jayce,48,1.0000,8,1,2,-1,-1,172,-1,200,8448,528,78081024,98320,98320,192
2280101,shapes-mixed,examples,jayce,48,1.0000,8,2,2,194,162,183,186,200,9216,576,85343232,98320,98320,192
2280101,shapes-mixed,examples,jayce,48,1.0000,9,0,0,194,162,183,186,200,9216,576,85343232,98320,98320,192
2280101,shapes-mixed,examples,jayce,48,1.0000,9,1,0,194,-1,-1,-1,200,9472,592,87763968,98320,98320,192
2280101,shapes-mixed,examples,jayce,48,1.0000,9,2,0,196,162,183,186,200,10240,640,95026176,98320,98320,192
2280101,shapes-mixed,examples,jayce,48,1.0000,10,0,3,196,162,183,186,200,10240,640,95026176,98320,98320,192
2280101,shapes-mixed,examples,jayce,48,1.0000,10,1,3,-1,-1,-1,184,200,10496,656,97446912,98320,98320,192
2280101,shapes-mixed,examples,jayce,48,1.0000,10,2,3,196,158,183,181,200,11264,704,104709120,98320,98320,192
2280101,shapes-mixed,examples,jayce,48,1.0000,11,0,1,196,158,183,181,200,11264,704,104709120,98320,98320,192
2280101,shapes-mixed,examples,jayce,48,1.0000,11,1,1,-1,163,-1,-1,200,11520,720,107129856,98320,98320,192
2280101,shapes-mixed,examples,jayce,48,1.0000,11,2,1,196,173,167,172,200,12288,768,114392064,98320,98320,192
2280101,shapes-mixed,examples,backprop,0,0.0030,0,0,0,60,73,31,77,200,0,0,0,53088,53088,0
2280101,shapes-mixed,examples,backprop,0,0.0030,0,1,0,124,-1,-1,-1,200,256,16,1731840,53088,53088,0
2280101,shapes-mixed,examples,backprop,0,0.0030,0,2,0,178,51,81,49,200,1024,64,6927360,53088,53088,0
2280101,shapes-mixed,examples,backprop,0,0.0030,1,0,1,178,51,81,49,200,1024,64,6927360,53088,53088,0
2280101,shapes-mixed,examples,backprop,0,0.0030,1,1,1,-1,97,-1,-1,200,1280,80,8659200,53088,53088,0
2280101,shapes-mixed,examples,backprop,0,0.0030,1,2,1,101,181,31,87,200,2048,128,13854720,53088,53088,0
2280101,shapes-mixed,examples,backprop,0,0.0030,2,0,2,101,181,31,87,200,2048,128,13854720,53088,53088,0
2280101,shapes-mixed,examples,backprop,0,0.0030,2,1,2,-1,-1,134,-1,200,2304,144,15586560,53088,53088,0
2280101,shapes-mixed,examples,backprop,0,0.0030,2,2,2,128,152,183,60,200,3072,192,20782080,53088,53088,0
2280101,shapes-mixed,examples,backprop,0,0.0030,3,0,3,128,152,183,60,200,3072,192,20782080,53088,53088,0
2280101,shapes-mixed,examples,backprop,0,0.0030,3,1,3,-1,-1,-1,140,200,3328,208,22513920,53088,53088,0
2280101,shapes-mixed,examples,backprop,0,0.0030,3,2,3,149,177,163,187,200,4096,256,27709440,53088,53088,0
2280101,shapes-mixed,examples,backprop,0,0.0030,4,0,0,149,177,163,187,200,4096,256,27709440,53088,53088,0
2280101,shapes-mixed,examples,backprop,0,0.0030,4,1,0,191,-1,-1,-1,200,4352,272,29441280,53088,53088,0
2280101,shapes-mixed,examples,backprop,0,0.0030,4,2,0,193,164,166,186,200,5120,320,34636800,53088,53088,0
2280101,shapes-mixed,examples,backprop,0,0.0030,5,0,2,193,164,166,186,200,5120,320,34636800,53088,53088,0
2280101,shapes-mixed,examples,backprop,0,0.0030,5,1,2,-1,-1,181,-1,200,5376,336,36368640,53088,53088,0
2280101,shapes-mixed,examples,backprop,0,0.0030,5,2,2,184,158,195,171,200,6144,384,41564160,53088,53088,0
2280101,shapes-mixed,examples,backprop,0,0.0030,6,0,1,184,158,195,171,200,6144,384,41564160,53088,53088,0
2280101,shapes-mixed,examples,backprop,0,0.0030,6,1,1,-1,179,-1,-1,200,6400,400,43296000,53088,53088,0
2280101,shapes-mixed,examples,backprop,0,0.0030,6,2,1,187,193,189,182,200,7168,448,48491520,53088,53088,0
2280101,shapes-mixed,examples,backprop,0,0.0030,7,0,3,187,193,189,182,200,7168,448,48491520,53088,53088,0
2280101,shapes-mixed,examples,backprop,0,0.0030,7,1,3,-1,-1,-1,189,200,7424,464,50223360,53088,53088,0
2280101,shapes-mixed,examples,backprop,0,0.0030,7,2,3,185,197,186,195,200,8192,512,55418880,53088,53088,0
2280101,shapes-mixed,examples,backprop,0,0.0030,8,0,2,185,197,186,195,200,8192,512,55418880,53088,53088,0
2280101,shapes-mixed,examples,backprop,0,0.0030,8,1,2,-1,-1,195,-1,200,8448,528,57150720,53088,53088,0
2280101,shapes-mixed,examples,backprop,0,0.0030,8,2,2,193,195,198,197,200,9216,576,62346240,53088,53088,0
2280101,shapes-mixed,examples,backprop,0,0.0030,9,0,0,193,195,198,197,200,9216,576,62346240,53088,53088,0
2280101,shapes-mixed,examples,backprop,0,0.0030,9,1,0,191,-1,-1,-1,200,9472,592,64078080,53088,53088,0
2280101,shapes-mixed,examples,backprop,0,0.0030,9,2,0,195,189,193,192,200,10240,640,69273600,53088,53088,0
2280101,shapes-mixed,examples,backprop,0,0.0030,10,0,3,195,189,193,192,200,10240,640,69273600,53088,53088,0
2280101,shapes-mixed,examples,backprop,0,0.0030,10,1,3,-1,-1,-1,196,200,10496,656,71005440,53088,53088,0
2280101,shapes-mixed,examples,backprop,0,0.0030,10,2,3,196,191,197,198,200,11264,704,76200960,53088,53088,0
2280101,shapes-mixed,examples,backprop,0,0.0030,11,0,1,196,191,197,198,200,11264,704,76200960,53088,53088,0
2280101,shapes-mixed,examples,backprop,0,0.0030,11,1,1,-1,194,-1,-1,200,11520,720,77932800,53088,53088,0
2280101,shapes-mixed,examples,backprop,0,0.0030,11,2,1,196,194,195,195,200,12288,768,83128320,53088,53088,0
2280101,shapes-mixed,work,jayce,48,1.0000,0,0,0,50,50,50,50,200,0,0,0,16,98320,0
2280101,shapes-mixed,work,jayce,48,1.0000,0,1,0,198,-1,-1,-1,200,256,16,617472,98320,98320,192
2280101,shapes-mixed,work,jayce,48,1.0000,0,2,0,197,63,69,36,200,448,28,2433024,98320,98320,192
2280101,shapes-mixed,work,jayce,48,1.0000,1,0,1,197,63,69,36,200,448,28,2433024,98320,98320,192
2280101,shapes-mixed,work,jayce,48,1.0000,1,1,1,-1,153,-1,-1,200,512,32,3038208,98320,98320,192
2280101,shapes-mixed,work,jayce,48,1.0000,1,2,1,197,152,75,38,200,704,44,4853760,98320,98320,192
2280101,shapes-mixed,work,jayce,48,1.0000,2,0,2,197,152,75,38,200,704,44,4853760,98320,98320,192
2280101,shapes-mixed,work,jayce,48,1.0000,2,1,2,-1,-1,158,-1,200,768,48,5458944,98320,98320,192
2280101,shapes-mixed,work,jayce,48,1.0000,2,2,2,197,137,178,79,200,960,60,7274496,98320,98320,192
2280101,shapes-mixed,work,jayce,48,1.0000,3,0,3,197,137,178,79,200,960,60,7274496,98320,98320,192
2280101,shapes-mixed,work,jayce,48,1.0000,3,1,3,-1,-1,-1,145,200,1024,64,7879680,98320,98320,192
2280101,shapes-mixed,work,jayce,48,1.0000,3,2,3,194,130,176,163,200,1216,76,9695232,98320,98320,192
2280101,shapes-mixed,work,jayce,48,1.0000,4,0,0,194,130,176,163,200,1216,76,9695232,98320,98320,192
2280101,shapes-mixed,work,jayce,48,1.0000,4,1,0,198,-1,-1,-1,200,1280,80,10300416,98320,98320,192
2280101,shapes-mixed,work,jayce,48,1.0000,4,2,0,196,129,176,163,200,1472,92,12115968,98320,98320,192
2280101,shapes-mixed,work,jayce,48,1.0000,5,0,2,196,129,176,163,200,1472,92,12115968,98320,98320,192
2280101,shapes-mixed,work,jayce,48,1.0000,5,1,2,-1,-1,166,-1,200,1536,96,12721152,98320,98320,192
2280101,shapes-mixed,work,jayce,48,1.0000,5,2,2,196,131,167,163,200,1728,108,14536704,98320,98320,192
2280101,shapes-mixed,work,jayce,48,1.0000,6,0,1,196,131,167,163,200,1728,108,14536704,98320,98320,192
2280101,shapes-mixed,work,jayce,48,1.0000,6,1,1,-1,159,-1,-1,200,1792,112,15141888,98320,98320,192
2280101,shapes-mixed,work,jayce,48,1.0000,6,2,1,196,155,157,163,200,1984,124,16957440,98320,98320,192
2280101,shapes-mixed,work,jayce,48,1.0000,7,0,3,196,155,157,163,200,1984,124,16957440,98320,98320,192
2280101,shapes-mixed,work,jayce,48,1.0000,7,1,3,-1,-1,-1,166,200,2048,128,17562624,98320,98320,192
2280101,shapes-mixed,work,jayce,48,1.0000,7,2,3,196,155,157,167,200,2240,140,19378176,98320,98320,192
2280101,shapes-mixed,work,jayce,48,1.0000,8,0,2,196,155,157,167,200,2240,140,19378176,98320,98320,192
2280101,shapes-mixed,work,jayce,48,1.0000,8,1,2,-1,-1,170,-1,200,2304,144,19983360,98320,98320,192
2280101,shapes-mixed,work,jayce,48,1.0000,8,2,2,195,154,168,166,200,2496,156,21798912,98320,98320,192
2280101,shapes-mixed,work,jayce,48,1.0000,9,0,0,195,154,168,166,200,2496,156,21798912,98320,98320,192
2280101,shapes-mixed,work,jayce,48,1.0000,9,1,0,196,-1,-1,-1,200,2560,160,22404096,98320,98320,192
2280101,shapes-mixed,work,jayce,48,1.0000,9,2,0,195,157,168,166,200,2752,172,24219648,98320,98320,192
2280101,shapes-mixed,work,jayce,48,1.0000,10,0,3,195,157,168,166,200,2752,172,24219648,98320,98320,192
2280101,shapes-mixed,work,jayce,48,1.0000,10,1,3,-1,-1,-1,184,200,2816,176,24824832,98320,98320,192
2280101,shapes-mixed,work,jayce,48,1.0000,10,2,3,195,156,168,181,200,3008,188,26640384,98320,98320,192
2280101,shapes-mixed,work,jayce,48,1.0000,11,0,1,195,156,168,181,200,3008,188,26640384,98320,98320,192
2280101,shapes-mixed,work,jayce,48,1.0000,11,1,1,-1,159,-1,-1,200,3072,192,27245568,98320,98320,192
2280101,shapes-mixed,work,jayce,48,1.0000,11,2,1,195,159,152,172,200,3264,204,29061120,98320,98320,192
2280101,shapes-mixed,work,backprop,0,0.0100,0,0,0,60,73,31,77,200,0,0,0,53088,53088,0
2280101,shapes-mixed,work,backprop,0,0.0100,0,1,0,119,-1,-1,-1,200,80,5,541200,53088,53088,0
2280101,shapes-mixed,work,backprop,0,0.0100,0,2,0,184,50,89,49,200,368,23,2489520,53088,53088,0
2280101,shapes-mixed,work,backprop,0,0.0100,1,0,1,184,50,89,49,200,368,23,2489520,53088,53088,0
2280101,shapes-mixed,work,backprop,0,0.0100,1,1,1,-1,54,-1,-1,200,448,28,3030720,53088,53088,0
2280101,shapes-mixed,work,backprop,0,0.0100,1,2,1,94,158,36,78,200,736,46,4979040,53088,53088,0
2280101,shapes-mixed,work,backprop,0,0.0100,2,0,2,94,158,36,78,200,736,46,4979040,53088,53088,0
2280101,shapes-mixed,work,backprop,0,0.0100,2,1,2,-1,-1,60,-1,200,816,51,5520240,53088,53088,0
2280101,shapes-mixed,work,backprop,0,0.0100,2,2,2,94,157,171,59,200,1104,69,7468560,53088,53088,0
2280101,shapes-mixed,work,backprop,0,0.0100,3,0,3,94,157,171,59,200,1104,69,7468560,53088,53088,0
2280101,shapes-mixed,work,backprop,0,0.0100,3,1,3,-1,-1,-1,91,200,1184,74,8009760,53088,53088,0
2280101,shapes-mixed,work,backprop,0,0.0100,3,2,3,124,154,126,172,200,1472,92,9958080,53088,53088,0
2280101,shapes-mixed,work,backprop,0,0.0100,4,0,0,124,154,126,172,200,1472,92,9958080,53088,53088,0
2280101,shapes-mixed,work,backprop,0,0.0100,4,1,0,151,-1,-1,-1,200,1552,97,10499280,53088,53088,0
2280101,shapes-mixed,work,backprop,0,0.0100,4,2,0,183,114,102,151,200,1840,115,12447600,53088,53088,0
2280101,shapes-mixed,work,backprop,0,0.0100,5,0,2,183,114,102,151,200,1840,115,12447600,53088,53088,0
2280101,shapes-mixed,work,backprop,0,0.0100,5,1,2,-1,-1,171,-1,200,1920,120,12988800,53088,53088,0
2280101,shapes-mixed,work,backprop,0,0.0100,5,2,2,183,119,184,118,200,2208,138,14937120,53088,53088,0
2280101,shapes-mixed,work,backprop,0,0.0100,6,0,1,183,119,184,118,200,2208,138,14937120,53088,53088,0
2280101,shapes-mixed,work,backprop,0,0.0100,6,1,1,-1,146,-1,-1,200,2288,143,15478320,53088,53088,0
2280101,shapes-mixed,work,backprop,0,0.0100,6,2,1,181,182,175,120,200,2576,161,17426640,53088,53088,0
2280101,shapes-mixed,work,backprop,0,0.0100,7,0,3,181,182,175,120,200,2576,161,17426640,53088,53088,0
2280101,shapes-mixed,work,backprop,0,0.0100,7,1,3,-1,-1,-1,157,200,2656,166,17967840,53088,53088,0
2280101,shapes-mixed,work,backprop,0,0.0100,7,2,3,150,164,168,185,200,2944,184,19916160,53088,53088,0
2280101,shapes-mixed,work,backprop,0,0.0100,8,0,2,150,164,168,185,200,2944,184,19916160,53088,53088,0
2280101,shapes-mixed,work,backprop,0,0.0100,8,1,2,-1,-1,183,-1,200,3024,189,20457360,53088,53088,0
2280101,shapes-mixed,work,backprop,0,0.0100,8,2,2,177,183,194,190,200,3312,207,22405680,53088,53088,0
2280101,shapes-mixed,work,backprop,0,0.0100,9,0,0,177,183,194,190,200,3312,207,22405680,53088,53088,0
2280101,shapes-mixed,work,backprop,0,0.0100,9,1,0,190,-1,-1,-1,200,3392,212,22946880,53088,53088,0
2280101,shapes-mixed,work,backprop,0,0.0100,9,2,0,192,175,184,182,200,3680,230,24895200,53088,53088,0
2280101,shapes-mixed,work,backprop,0,0.0100,10,0,3,192,175,184,182,200,3680,230,24895200,53088,53088,0
2280101,shapes-mixed,work,backprop,0,0.0100,10,1,3,-1,-1,-1,191,200,3760,235,25436400,53088,53088,0
2280101,shapes-mixed,work,backprop,0,0.0100,10,2,3,171,168,190,195,200,4048,253,27384720,53088,53088,0
2280101,shapes-mixed,work,backprop,0,0.0100,11,0,1,171,168,190,195,200,4048,253,27384720,53088,53088,0
2280101,shapes-mixed,work,backprop,0,0.0100,11,1,1,-1,186,-1,-1,200,4128,258,27925920,53088,53088,0
2280101,shapes-mixed,work,backprop,0,0.0100,11,2,1,177,190,191,177,200,4416,276,29874240,53088,53088,0
2280101,shapes-mixed,memory,jayce,24,1.0000,0,0,0,50,50,50,50,200,0,0,0,16,49168,0
2280101,shapes-mixed,memory,jayce,24,1.0000,0,1,0,196,-1,-1,-1,200,256,16,777984,49168,49168,96
2280101,shapes-mixed,memory,jayce,24,1.0000,0,2,0,196,62,65,27,200,1024,64,4482816,49168,49168,96
2280101,shapes-mixed,memory,jayce,24,1.0000,1,0,1,196,62,65,27,200,1024,64,4482816,49168,49168,96
2280101,shapes-mixed,memory,jayce,24,1.0000,1,1,1,-1,155,-1,-1,200,1280,80,5717760,49168,49168,96
2280101,shapes-mixed,memory,jayce,24,1.0000,1,2,1,191,165,73,42,200,2048,128,9422592,49168,49168,96
2280101,shapes-mixed,memory,jayce,24,1.0000,2,0,2,191,165,73,42,200,2048,128,9422592,49168,49168,96
2280101,shapes-mixed,memory,jayce,24,1.0000,2,1,2,-1,-1,170,-1,200,2304,144,10657536,49168,49168,96
2280101,shapes-mixed,memory,jayce,24,1.0000,2,2,2,180,139,162,97,200,3072,192,14362368,49168,49168,96
2280101,shapes-mixed,memory,jayce,24,1.0000,3,0,3,180,139,162,97,200,3072,192,14362368,49168,49168,96
2280101,shapes-mixed,memory,jayce,24,1.0000,3,1,3,-1,-1,-1,165,200,3328,208,15597312,49168,49168,96
2280101,shapes-mixed,memory,jayce,24,1.0000,3,2,3,172,125,159,171,200,4096,256,19302144,49168,49168,96
2280101,shapes-mixed,memory,jayce,24,1.0000,4,0,0,172,125,159,171,200,4096,256,19302144,49168,49168,96
2280101,shapes-mixed,memory,jayce,24,1.0000,4,1,0,185,-1,-1,-1,200,4352,272,20537088,49168,49168,96
2280101,shapes-mixed,memory,jayce,24,1.0000,4,2,0,197,122,159,171,200,5120,320,24241920,49168,49168,96
2280101,shapes-mixed,memory,jayce,24,1.0000,5,0,2,197,122,159,171,200,5120,320,24241920,49168,49168,96
2280101,shapes-mixed,memory,jayce,24,1.0000,5,1,2,-1,-1,174,-1,200,5376,336,25476864,49168,49168,96
2280101,shapes-mixed,memory,jayce,24,1.0000,5,2,2,197,129,179,172,200,6144,384,29181696,49168,49168,96
2280101,shapes-mixed,memory,jayce,24,1.0000,6,0,1,197,129,179,172,200,6144,384,29181696,49168,49168,96
2280101,shapes-mixed,memory,jayce,24,1.0000,6,1,1,-1,155,-1,-1,200,6400,400,30416640,49168,49168,96
2280101,shapes-mixed,memory,jayce,24,1.0000,6,2,1,196,163,168,158,200,7168,448,34121472,49168,49168,96
2280101,shapes-mixed,memory,jayce,24,1.0000,7,0,3,196,163,168,158,200,7168,448,34121472,49168,49168,96
2280101,shapes-mixed,memory,jayce,24,1.0000,7,1,3,-1,-1,-1,158,200,7424,464,35356416,49168,49168,96
2280101,shapes-mixed,memory,jayce,24,1.0000,7,2,3,181,151,167,182,200,8192,512,39061248,49168,49168,96
2280101,shapes-mixed,memory,jayce,24,1.0000,8,0,2,181,151,167,182,200,8192,512,39061248,49168,49168,96
2280101,shapes-mixed,memory,jayce,24,1.0000,8,1,2,-1,-1,172,-1,200,8448,528,40296192,49168,49168,96
2280101,shapes-mixed,memory,jayce,24,1.0000,8,2,2,176,149,180,182,200,9216,576,44001024,49168,49168,96
2280101,shapes-mixed,memory,jayce,24,1.0000,9,0,0,176,149,180,182,200,9216,576,44001024,49168,49168,96
2280101,shapes-mixed,memory,jayce,24,1.0000,9,1,0,186,-1,-1,-1,200,9472,592,45235968,49168,49168,96
2280101,shapes-mixed,memory,jayce,24,1.0000,9,2,0,187,156,178,182,200,10240,640,48940800,49168,49168,96
2280101,shapes-mixed,memory,jayce,24,1.0000,10,0,3,187,156,178,182,200,10240,640,48940800,49168,49168,96
2280101,shapes-mixed,memory,jayce,24,1.0000,10,1,3,-1,-1,-1,186,200,10496,656,50175744,49168,49168,96
2280101,shapes-mixed,memory,jayce,24,1.0000,10,2,3,187,152,179,179,200,11264,704,53880576,49168,49168,96
2280101,shapes-mixed,memory,jayce,24,1.0000,11,0,1,187,152,179,179,200,11264,704,53880576,49168,49168,96
2280101,shapes-mixed,memory,jayce,24,1.0000,11,1,1,-1,163,-1,-1,200,11520,720,55115520,49168,49168,96
2280101,shapes-mixed,memory,jayce,24,1.0000,11,2,1,184,173,164,164,200,12288,768,58820352,49168,49168,96
2280101,shapes-mixed,memory,backprop,0,0.0030,0,0,0,60,73,31,77,200,0,0,0,53088,53088,0
2280101,shapes-mixed,memory,backprop,0,0.0030,0,1,0,124,-1,-1,-1,200,256,16,1731840,53088,53088,0
2280101,shapes-mixed,memory,backprop,0,0.0030,0,2,0,178,51,81,49,200,1024,64,6927360,53088,53088,0
2280101,shapes-mixed,memory,backprop,0,0.0030,1,0,1,178,51,81,49,200,1024,64,6927360,53088,53088,0
2280101,shapes-mixed,memory,backprop,0,0.0030,1,1,1,-1,97,-1,-1,200,1280,80,8659200,53088,53088,0
2280101,shapes-mixed,memory,backprop,0,0.0030,1,2,1,101,181,31,87,200,2048,128,13854720,53088,53088,0
2280101,shapes-mixed,memory,backprop,0,0.0030,2,0,2,101,181,31,87,200,2048,128,13854720,53088,53088,0
2280101,shapes-mixed,memory,backprop,0,0.0030,2,1,2,-1,-1,134,-1,200,2304,144,15586560,53088,53088,0
2280101,shapes-mixed,memory,backprop,0,0.0030,2,2,2,128,152,183,60,200,3072,192,20782080,53088,53088,0
2280101,shapes-mixed,memory,backprop,0,0.0030,3,0,3,128,152,183,60,200,3072,192,20782080,53088,53088,0
2280101,shapes-mixed,memory,backprop,0,0.0030,3,1,3,-1,-1,-1,140,200,3328,208,22513920,53088,53088,0
2280101,shapes-mixed,memory,backprop,0,0.0030,3,2,3,149,177,163,187,200,4096,256,27709440,53088,53088,0
2280101,shapes-mixed,memory,backprop,0,0.0030,4,0,0,149,177,163,187,200,4096,256,27709440,53088,53088,0
2280101,shapes-mixed,memory,backprop,0,0.0030,4,1,0,191,-1,-1,-1,200,4352,272,29441280,53088,53088,0
2280101,shapes-mixed,memory,backprop,0,0.0030,4,2,0,193,164,166,186,200,5120,320,34636800,53088,53088,0
2280101,shapes-mixed,memory,backprop,0,0.0030,5,0,2,193,164,166,186,200,5120,320,34636800,53088,53088,0
2280101,shapes-mixed,memory,backprop,0,0.0030,5,1,2,-1,-1,181,-1,200,5376,336,36368640,53088,53088,0
2280101,shapes-mixed,memory,backprop,0,0.0030,5,2,2,184,158,195,171,200,6144,384,41564160,53088,53088,0
2280101,shapes-mixed,memory,backprop,0,0.0030,6,0,1,184,158,195,171,200,6144,384,41564160,53088,53088,0
2280101,shapes-mixed,memory,backprop,0,0.0030,6,1,1,-1,179,-1,-1,200,6400,400,43296000,53088,53088,0
2280101,shapes-mixed,memory,backprop,0,0.0030,6,2,1,187,193,189,182,200,7168,448,48491520,53088,53088,0
2280101,shapes-mixed,memory,backprop,0,0.0030,7,0,3,187,193,189,182,200,7168,448,48491520,53088,53088,0
2280101,shapes-mixed,memory,backprop,0,0.0030,7,1,3,-1,-1,-1,189,200,7424,464,50223360,53088,53088,0
2280101,shapes-mixed,memory,backprop,0,0.0030,7,2,3,185,197,186,195,200,8192,512,55418880,53088,53088,0
2280101,shapes-mixed,memory,backprop,0,0.0030,8,0,2,185,197,186,195,200,8192,512,55418880,53088,53088,0
2280101,shapes-mixed,memory,backprop,0,0.0030,8,1,2,-1,-1,195,-1,200,8448,528,57150720,53088,53088,0
2280101,shapes-mixed,memory,backprop,0,0.0030,8,2,2,193,195,198,197,200,9216,576,62346240,53088,53088,0
2280101,shapes-mixed,memory,backprop,0,0.0030,9,0,0,193,195,198,197,200,9216,576,62346240,53088,53088,0
2280101,shapes-mixed,memory,backprop,0,0.0030,9,1,0,191,-1,-1,-1,200,9472,592,64078080,53088,53088,0
2280101,shapes-mixed,memory,backprop,0,0.0030,9,2,0,195,189,193,192,200,10240,640,69273600,53088,53088,0
2280101,shapes-mixed,memory,backprop,0,0.0030,10,0,3,195,189,193,192,200,10240,640,69273600,53088,53088,0
2280101,shapes-mixed,memory,backprop,0,0.0030,10,1,3,-1,-1,-1,196,200,10496,656,71005440,53088,53088,0
2280101,shapes-mixed,memory,backprop,0,0.0030,10,2,3,196,191,197,198,200,11264,704,76200960,53088,53088,0
2280101,shapes-mixed,memory,backprop,0,0.0030,11,0,1,196,191,197,198,200,11264,704,76200960,53088,53088,0
2280101,shapes-mixed,memory,backprop,0,0.0030,11,1,1,-1,194,-1,-1,200,11520,720,77932800,53088,53088,0
2280101,shapes-mixed,memory,backprop,0,0.0030,11,2,1,196,194,195,195,200,12288,768,83128320,53088,53088,0
2384830,shapes-mixed,examples,jayce,48,1.0000,0,0,0,50,50,50,50,200,0,0,0,16,98320,0
2384830,shapes-mixed,examples,jayce,48,1.0000,0,1,0,200,-1,-1,-1,200,256,16,617472,98320,98320,192
2384830,shapes-mixed,examples,jayce,48,1.0000,0,2,0,197,63,65,32,200,1024,64,7879680,98320,98320,192
2384830,shapes-mixed,examples,jayce,48,1.0000,1,0,1,197,63,65,32,200,1024,64,7879680,98320,98320,192
2384830,shapes-mixed,examples,jayce,48,1.0000,1,1,1,-1,148,-1,-1,200,1280,80,10300416,98320,98320,192
2384830,shapes-mixed,examples,jayce,48,1.0000,1,2,1,196,179,74,42,200,2048,128,17562624,98320,98320,192
2384830,shapes-mixed,examples,jayce,48,1.0000,2,0,2,196,179,74,42,200,2048,128,17562624,98320,98320,192
2384830,shapes-mixed,examples,jayce,48,1.0000,2,1,2,-1,-1,174,-1,200,2304,144,19983360,98320,98320,192
2384830,shapes-mixed,examples,jayce,48,1.0000,2,2,2,197,169,174,86,200,3072,192,27245568,98320,98320,192
2384830,shapes-mixed,examples,jayce,48,1.0000,3,0,3,197,169,174,86,200,3072,192,27245568,98320,98320,192
2384830,shapes-mixed,examples,jayce,48,1.0000,3,1,3,-1,-1,-1,171,200,3328,208,29666304,98320,98320,192
2384830,shapes-mixed,examples,jayce,48,1.0000,3,2,3,195,163,174,176,200,4096,256,36928512,98320,98320,192
2384830,shapes-mixed,examples,jayce,48,1.0000,4,0,0,195,163,174,176,200,4096,256,36928512,98320,98320,192
2384830,shapes-mixed,examples,jayce,48,1.0000,4,1,0,198,-1,-1,-1,200,4352,272,39349248,98320,98320,192
2384830,shapes-mixed,examples,jayce,48,1.0000,4,2,0,195,162,175,176,200,5120,320,46611456,98320,98320,192
2384830,shapes-mixed,examples,jayce,48,1.0000,5,0,2,195,162,175,176,200,5120,320,46611456,98320,98320,192
2384830,shapes-mixed,examples,jayce,48,1.0000,5,1,2,-1,-1,167,-1,200,5376,336,49032192,98320,98320,192
2384830,shapes-mixed,examples,jayce,48,1.0000,5,2,2,195,152,180,176,200,6144,384,56294400,98320,98320,192
2384830,shapes-mixed,examples,jayce,48,1.0000,6,0,1,195,152,180,176,200,6144,384,56294400,98320,98320,192
2384830,shapes-mixed,examples,jayce,48,1.0000,6,1,1,-1,164,-1,-1,200,6400,400,58715136,98320,98320,192
2384830,shapes-mixed,examples,jayce,48,1.0000,6,2,1,195,175,164,171,200,7168,448,65977344,98320,98320,192
2384830,shapes-mixed,examples,jayce,48,1.0000,7,0,3,195,175,164,171,200,7168,448,65977344,98320,98320,192
2384830,shapes-mixed,examples,jayce,48,1.0000,7,1,3,-1,-1,-1,171,200,7424,464,68398080,98320,98320,192
2384830,shapes-mixed,examples,jayce,48,1.0000,7,2,3,195,175,164,176,200,8192,512,75660288,98320,98320,192
2384830,shapes-mixed,examples,jayce,48,1.0000,8,0,2,195,175,164,176,200,8192,512,75660288,98320,98320,192
2384830,shapes-mixed,examples,jayce,48,1.0000,8,1,2,-1,-1,162,-1,200,8448,528,78081024,98320,98320,192
2384830,shapes-mixed,examples,jayce,48,1.0000,8,2,2,195,171,180,176,200,9216,576,85343232,98320,98320,192
2384830,shapes-mixed,examples,jayce,48,1.0000,9,0,0,195,171,180,176,200,9216,576,85343232,98320,98320,192
2384830,shapes-mixed,examples,jayce,48,1.0000,9,1,0,194,-1,-1,-1,200,9472,592,87763968,98320,98320,192
2384830,shapes-mixed,examples,jayce,48,1.0000,9,2,0,199,171,181,176,200,10240,640,95026176,98320,98320,192
2384830,shapes-mixed,examples,jayce,48,1.0000,10,0,3,199,171,181,176,200,10240,640,95026176,98320,98320,192
2384830,shapes-mixed,examples,jayce,48,1.0000,10,1,3,-1,-1,-1,178,200,10496,656,97446912,98320,98320,192
2384830,shapes-mixed,examples,jayce,48,1.0000,10,2,3,199,171,181,183,200,11264,704,104709120,98320,98320,192
2384830,shapes-mixed,examples,jayce,48,1.0000,11,0,1,199,171,181,183,200,11264,704,104709120,98320,98320,192
2384830,shapes-mixed,examples,jayce,48,1.0000,11,1,1,-1,172,-1,-1,200,11520,720,107129856,98320,98320,192
2384830,shapes-mixed,examples,jayce,48,1.0000,11,2,1,199,163,177,183,200,12288,768,114392064,98320,98320,192
2384830,shapes-mixed,examples,backprop,0,0.0030,0,0,0,63,30,60,55,200,0,0,0,53088,53088,0
2384830,shapes-mixed,examples,backprop,0,0.0030,0,1,0,145,-1,-1,-1,200,256,16,1731840,53088,53088,0
2384830,shapes-mixed,examples,backprop,0,0.0030,0,2,0,181,53,88,29,200,1024,64,6927360,53088,53088,0
2384830,shapes-mixed,examples,backprop,0,0.0030,1,0,1,181,53,88,29,200,1024,64,6927360,53088,53088,0
2384830,shapes-mixed,examples,backprop,0,0.0030,1,1,1,-1,96,-1,-1,200,1280,80,8659200,53088,53088,0
2384830,shapes-mixed,examples,backprop,0,0.0030,1,2,1,112,175,27,82,200,2048,128,13854720,53088,53088,0
2384830,shapes-mixed,examples,backprop,0,0.0030,2,0,2,112,175,27,82,200,2048,128,13854720,53088,53088,0
2384830,shapes-mixed,examples,backprop,0,0.0030,2,1,2,-1,-1,127,-1,200,2304,144,15586560,53088,53088,0
2384830,shapes-mixed,examples,backprop,0,0.0030,2,2,2,109,159,185,64,200,3072,192,20782080,53088,53088,0
2384830,shapes-mixed,examples,backprop,0,0.0030,3,0,3,109,159,185,64,200,3072,192,20782080,53088,53088,0
2384830,shapes-mixed,examples,backprop,0,0.0030,3,1,3,-1,-1,-1,150,200,3328,208,22513920,53088,53088,0
2384830,shapes-mixed,examples,backprop,0,0.0030,3,2,3,120,169,172,186,200,4096,256,27709440,53088,53088,0
2384830,shapes-mixed,examples,backprop,0,0.0030,4,0,0,120,169,172,186,200,4096,256,27709440,53088,53088,0
2384830,shapes-mixed,examples,backprop,0,0.0030,4,1,0,187,-1,-1,-1,200,4352,272,29441280,53088,53088,0
2384830,shapes-mixed,examples,backprop,0,0.0030,4,2,0,195,163,179,175,200,5120,320,34636800,53088,53088,0
2384830,shapes-mixed,examples,backprop,0,0.0030,5,0,2,195,163,179,175,200,5120,320,34636800,53088,53088,0
2384830,shapes-mixed,examples,backprop,0,0.0030,5,1,2,-1,-1,192,-1,200,5376,336,36368640,53088,53088,0
2384830,shapes-mixed,examples,backprop,0,0.0030,5,2,2,175,154,194,156,200,6144,384,41564160,53088,53088,0
2384830,shapes-mixed,examples,backprop,0,0.0030,6,0,1,175,154,194,156,200,6144,384,41564160,53088,53088,0
2384830,shapes-mixed,examples,backprop,0,0.0030,6,1,1,-1,189,-1,-1,200,6400,400,43296000,53088,53088,0
2384830,shapes-mixed,examples,backprop,0,0.0030,6,2,1,193,192,190,161,200,7168,448,48491520,53088,53088,0
2384830,shapes-mixed,examples,backprop,0,0.0030,7,0,3,193,192,190,161,200,7168,448,48491520,53088,53088,0
2384830,shapes-mixed,examples,backprop,0,0.0030,7,1,3,-1,-1,-1,184,200,7424,464,50223360,53088,53088,0
2384830,shapes-mixed,examples,backprop,0,0.0030,7,2,3,192,195,191,195,200,8192,512,55418880,53088,53088,0
2384830,shapes-mixed,examples,backprop,0,0.0030,8,0,2,192,195,191,195,200,8192,512,55418880,53088,53088,0
2384830,shapes-mixed,examples,backprop,0,0.0030,8,1,2,-1,-1,197,-1,200,8448,528,57150720,53088,53088,0
2384830,shapes-mixed,examples,backprop,0,0.0030,8,2,2,195,193,197,194,200,9216,576,62346240,53088,53088,0
2384830,shapes-mixed,examples,backprop,0,0.0030,9,0,0,195,193,197,194,200,9216,576,62346240,53088,53088,0
2384830,shapes-mixed,examples,backprop,0,0.0030,9,1,0,196,-1,-1,-1,200,9472,592,64078080,53088,53088,0
2384830,shapes-mixed,examples,backprop,0,0.0030,9,2,0,198,197,193,193,200,10240,640,69273600,53088,53088,0
2384830,shapes-mixed,examples,backprop,0,0.0030,10,0,3,198,197,193,193,200,10240,640,69273600,53088,53088,0
2384830,shapes-mixed,examples,backprop,0,0.0030,10,1,3,-1,-1,-1,192,200,10496,656,71005440,53088,53088,0
2384830,shapes-mixed,examples,backprop,0,0.0030,10,2,3,197,195,191,197,200,11264,704,76200960,53088,53088,0
2384830,shapes-mixed,examples,backprop,0,0.0030,11,0,1,197,195,191,197,200,11264,704,76200960,53088,53088,0
2384830,shapes-mixed,examples,backprop,0,0.0030,11,1,1,-1,198,-1,-1,200,11520,720,77932800,53088,53088,0
2384830,shapes-mixed,examples,backprop,0,0.0030,11,2,1,197,198,194,195,200,12288,768,83128320,53088,53088,0
2384830,shapes-mixed,work,jayce,48,1.0000,0,0,0,50,50,50,50,200,0,0,0,16,98320,0
2384830,shapes-mixed,work,jayce,48,1.0000,0,1,0,200,-1,-1,-1,200,256,16,617472,98320,98320,192
2384830,shapes-mixed,work,jayce,48,1.0000,0,2,0,199,60,73,37,200,448,28,2433024,98320,98320,192
2384830,shapes-mixed,work,jayce,48,1.0000,1,0,1,199,60,73,37,200,448,28,2433024,98320,98320,192
2384830,shapes-mixed,work,jayce,48,1.0000,1,1,1,-1,146,-1,-1,200,512,32,3038208,98320,98320,192
2384830,shapes-mixed,work,jayce,48,1.0000,1,2,1,199,145,82,51,200,704,44,4853760,98320,98320,192
2384830,shapes-mixed,work,jayce,48,1.0000,2,0,2,199,145,82,51,200,704,44,4853760,98320,98320,192
2384830,shapes-mixed,work,jayce,48,1.0000,2,1,2,-1,-1,165,-1,200,768,48,5458944,98320,98320,192
2384830,shapes-mixed,work,jayce,48,1.0000,2,2,2,199,140,170,96,200,960,60,7274496,98320,98320,192
2384830,shapes-mixed,work,jayce,48,1.0000,3,0,3,199,140,170,96,200,960,60,7274496,98320,98320,192
2384830,shapes-mixed,work,jayce,48,1.0000,3,1,3,-1,-1,-1,142,200,1024,64,7879680,98320,98320,192
2384830,shapes-mixed,work,jayce,48,1.0000,3,2,3,198,121,170,168,200,1216,76,9695232,98320,98320,192
2384830,shapes-mixed,work,jayce,48,1.0000,4,0,0,198,121,170,168,200,1216,76,9695232,98320,98320,192
2384830,shapes-mixed,work,jayce,48,1.0000,4,1,0,200,-1,-1,-1,200,1280,80,10300416,98320,98320,192
2384830,shapes-mixed,work,jayce,48,1.0000,4,2,0,199,124,170,168,200,1472,92,12115968,98320,98320,192
2384830,shapes-mixed,work,jayce,48,1.0000,5,0,2,199,124,170,168,200,1472,92,12115968,98320,98320,192
2384830,shapes-mixed,work,jayce,48,1.0000,5,1,2,-1,-1,170,-1,200,1536,96,12721152,98320,98320,192
2384830,shapes-mixed,work,jayce,48,1.0000,5,2,2,199,126,168,171,200,1728,108,14536704,98320,98320,192
2384830,shapes-mixed,work,jayce,48,1.0000,6,0,1,199,126,168,171,200,1728,108,14536704,98320,98320,192
2384830,shapes-mixed,work,jayce,48,1.0000,6,1,1,-1,168,-1,-1,200,1792,112,15141888,98320,98320,192
2384830,shapes-mixed,work,jayce,48,1.0000,6,2,1,199,170,160,169,200,1984,124,16957440,98320,98320,192
2384830,shapes-mixed,work,jayce,48,1.0000,7,0,3,199,170,160,169,200,1984,124,16957440,98320,98320,192
2384830,shapes-mixed,work,jayce,48,1.0000,7,1,3,-1,-1,-1,169,200,2048,128,17562624,98320,98320,192
2384830,shapes-mixed,work,jayce,48,1.0000,7,2,3,199,170,160,164,200,2240,140,19378176,98320,98320,192
2384830,shapes-mixed,work,jayce,48,1.0000,8,0,2,199,170,160,164,200,2240,140,19378176,98320,98320,192
2384830,shapes-mixed,work,jayce,48,1.0000,8,1,2,-1,-1,169,-1,200,2304,144,19983360,98320,98320,192
2384830,shapes-mixed,work,jayce,48,1.0000,8,2,2,199,170,163,164,200,2496,156,21798912,98320,98320,192
2384830,shapes-mixed,work,jayce,48,1.0000,9,0,0,199,170,163,164,200,2496,156,21798912,98320,98320,192
2384830,shapes-mixed,work,jayce,48,1.0000,9,1,0,199,-1,-1,-1,200,2560,160,22404096,98320,98320,192
2384830,shapes-mixed,work,jayce,48,1.0000,9,2,0,192,170,163,165,200,2752,172,24219648,98320,98320,192
2384830,shapes-mixed,work,jayce,48,1.0000,10,0,3,192,170,163,165,200,2752,172,24219648,98320,98320,192
2384830,shapes-mixed,work,jayce,48,1.0000,10,1,3,-1,-1,-1,164,200,2816,176,24824832,98320,98320,192
2384830,shapes-mixed,work,jayce,48,1.0000,10,2,3,192,170,163,172,200,3008,188,26640384,98320,98320,192
2384830,shapes-mixed,work,jayce,48,1.0000,11,0,1,192,170,163,172,200,3008,188,26640384,98320,98320,192
2384830,shapes-mixed,work,jayce,48,1.0000,11,1,1,-1,161,-1,-1,200,3072,192,27245568,98320,98320,192
2384830,shapes-mixed,work,jayce,48,1.0000,11,2,1,192,174,155,172,200,3264,204,29061120,98320,98320,192
2384830,shapes-mixed,work,backprop,0,0.0100,0,0,0,63,30,60,55,200,0,0,0,53088,53088,0
2384830,shapes-mixed,work,backprop,0,0.0100,0,1,0,142,-1,-1,-1,200,80,5,541200,53088,53088,0
2384830,shapes-mixed,work,backprop,0,0.0100,0,2,0,180,52,93,27,200,368,23,2489520,53088,53088,0
2384830,shapes-mixed,work,backprop,0,0.0100,1,0,1,180,52,93,27,200,368,23,2489520,53088,53088,0
2384830,shapes-mixed,work,backprop,0,0.0100,1,1,1,-1,60,-1,-1,200,448,28,3030720,53088,53088,0
2384830,shapes-mixed,work,backprop,0,0.0100,1,2,1,94,173,31,78,200,736,46,4979040,53088,53088,0
2384830,shapes-mixed,work,backprop,0,0.0100,2,0,2,94,173,31,78,200,736,46,4979040,53088,53088,0
2384830,shapes-mixed,work,backprop,0,0.0100,2,1,2,-1,-1,68,-1,200,816,51,5520240,53088,53088,0
2384830,shapes-mixed,work,backprop,0,0.0100,2,2,2,101,153,180,55,200,1104,69,7468560,53088,53088,0
2384830,shapes-mixed,work,backprop,0,0.0100,3,0,3,101,153,180,55,200,1104,69,7468560,53088,53088,0
2384830,shapes-mixed,work,backprop,0,0.0100,3,1,3,-1,-1,-1,73,200,1184,74,8009760,53088,53088,0
2384830,shapes-mixed,work,backprop,0,0.0100,3,2,3,95,174,147,182,200,1472,92,9958080,53088,53088,0
2384830,shapes-mixed,work,backprop,0,0.0100,4,0,0,95,174,147,182,200,1472,92,9958080,53088,53088,0
2384830,shapes-mixed,work,backprop,0,0.0100,4,1,0,126,-1,-1,-1,200,1552,97,10499280,53088,53088,0
2384830,shapes-mixed,work,backprop,0,0.0100,4,2,0,185,133,157,151,200,1840,115,12447600,53088,53088,0
2384830,shapes-mixed,work,backprop,0,0.0100,5,0,2,185,133,157,151,200,1840,115,12447600,53088,53088,0
2384830,shapes-mixed,work,backprop,0,0.0100,5,1,2,-1,-1,173,-1,200,1920,120,12988800,53088,53088,0
2384830,shapes-mixed,work,backprop,0,0.0100,5,2,2,169,142,188,129,200,2208,138,14937120,53088,53088,0
2384830,shapes-mixed,work,backprop,0,0.0100,6,0,1,169,142,188,129,200,2208,138,14937120,53088,53088,0
2384830,shapes-mixed,work,backprop,0,0.0100,6,1,1,-1,154,-1,-1,200,2288,143,15478320,53088,53088,0
2384830,shapes-mixed,work,backprop,0,0.0100,6,2,1,168,186,192,146,200,2576,161,17426640,53088,53088,0
2384830,shapes-mixed,work,backprop,0,0.0100,7,0,3,168,186,192,146,200,2576,161,17426640,53088,53088,0
2384830,shapes-mixed,work,backprop,0,0.0100,7,1,3,-1,-1,-1,169,200,2656,166,17967840,53088,53088,0
2384830,shapes-mixed,work,backprop,0,0.0100,7,2,3,167,166,172,189,200,2944,184,19916160,53088,53088,0
2384830,shapes-mixed,work,backprop,0,0.0100,8,0,2,167,166,172,189,200,2944,184,19916160,53088,53088,0
2384830,shapes-mixed,work,backprop,0,0.0100,8,1,2,-1,-1,177,-1,200,3024,189,20457360,53088,53088,0
2384830,shapes-mixed,work,backprop,0,0.0100,8,2,2,185,189,195,185,200,3312,207,22405680,53088,53088,0
2384830,shapes-mixed,work,backprop,0,0.0100,9,0,0,185,189,195,185,200,3312,207,22405680,53088,53088,0
2384830,shapes-mixed,work,backprop,0,0.0100,9,1,0,189,-1,-1,-1,200,3392,212,22946880,53088,53088,0
2384830,shapes-mixed,work,backprop,0,0.0100,9,2,0,186,187,195,185,200,3680,230,24895200,53088,53088,0
2384830,shapes-mixed,work,backprop,0,0.0100,10,0,3,186,187,195,185,200,3680,230,24895200,53088,53088,0
2384830,shapes-mixed,work,backprop,0,0.0100,10,1,3,-1,-1,-1,187,200,3760,235,25436400,53088,53088,0
2384830,shapes-mixed,work,backprop,0,0.0100,10,2,3,170,189,195,196,200,4048,253,27384720,53088,53088,0
2384830,shapes-mixed,work,backprop,0,0.0100,11,0,1,170,189,195,196,200,4048,253,27384720,53088,53088,0
2384830,shapes-mixed,work,backprop,0,0.0100,11,1,1,-1,189,-1,-1,200,4128,258,27925920,53088,53088,0
2384830,shapes-mixed,work,backprop,0,0.0100,11,2,1,177,195,197,195,200,4416,276,29874240,53088,53088,0
2384830,shapes-mixed,memory,jayce,24,1.0000,0,0,0,50,50,50,50,200,0,0,0,16,49168,0
2384830,shapes-mixed,memory,jayce,24,1.0000,0,1,0,198,-1,-1,-1,200,256,16,777984,49168,49168,96
2384830,shapes-mixed,memory,jayce,24,1.0000,0,2,0,195,63,79,29,200,1024,64,4482816,49168,49168,96
2384830,shapes-mixed,memory,jayce,24,1.0000,1,0,1,195,63,79,29,200,1024,64,4482816,49168,49168,96
2384830,shapes-mixed,memory,jayce,24,1.0000,1,1,1,-1,148,-1,-1,200,1280,80,5717760,49168,49168,96
2384830,shapes-mixed,memory,jayce,24,1.0000,1,2,1,192,179,79,46,200,2048,128,9422592,49168,49168,96
2384830,shapes-mixed,memory,jayce,24,1.0000,2,0,2,192,179,79,46,200,2048,128,9422592,49168,49168,96
2384830,shapes-mixed,memory,jayce,24,1.0000,2,1,2,-1,-1,175,-1,200,2304,144,10657536,49168,49168,96
2384830,shapes-mixed,memory,jayce,24,1.0000,2,2,2,190,166,175,94,200,3072,192,14362368,49168,49168,96
2384830,shapes-mixed,memory,jayce,24,1.0000,3,0,3,190,166,175,94,200,3072,192,14362368,49168,49168,96
2384830,shapes-mixed,memory,jayce,24,1.0000,3,1,3,-1,-1,-1,157,200,3328,208,15597312,49168,49168,96
2384830,shapes-mixed,memory,jayce,24,1.0000,3,2,3,180,142,175,176,200,4096,256,19302144,49168,49168,96
2384830,shapes-mixed,memory,jayce,24,1.0000,4,0,0,180,142,175,176,200,4096,256,19302144,49168,49168,96
2384830,shapes-mixed,memory,jayce,24,1.0000,4,1,0,195,-1,-1,-1,200,4352,272,20537088,49168,49168,96
2384830,shapes-mixed,memory,jayce,24,1.0000,4,2,0,195,141,174,176,200,5120,320,24241920,49168,49168,96
2384830,shapes-mixed,memory,jayce,24,1.0000,5,0,2,195,141,174,176,200,5120,320,24241920,49168,49168,96
2384830,shapes-mixed,memory,jayce,24,1.0000,5,1,2,-1,-1,167,-1,200,5376,336,25476864,49168,49168,96
2384830,shapes-mixed,memory,jayce,24,1.0000,5,2,2,193,137,178,176,200,6144,384,29181696,49168,49168,96
2384830,shapes-mixed,memory,jayce,24,1.0000,6,0,1,193,137,178,176,200,6144,384,29181696,49168,49168,96
2384830,shapes-mixed,memory,jayce,24,1.0000,6,1,1,-1,162,-1,-1,200,6400,400,30416640,49168,49168,96
2384830,shapes-mixed,memory,jayce,24,1.0000,6,2,1,189,174,166,161,200,7168,448,34121472,49168,49168,96
2384830,shapes-mixed,memory,jayce,24,1.0000,7,0,3,189,174,166,161,200,7168,448,34121472,49168,49168,96
2384830,shapes-mixed,memory,jayce,24,1.0000,7,1,3,-1,-1,-1,167,200,7424,464,35356416,49168,49168,96
2384830,shapes-mixed,memory,jayce,24,1.0000,7,2,3,185,176,166,173,200,8192,512,39061248,49168,49168,96
2384830,shapes-mixed,memory,jayce,24,1.0000,8,0,2,185,176,166,173,200,8192,512,39061248,49168,49168,96
2384830,shapes-mixed,memory,jayce,24,1.0000,8,1,2,-1,-1,165,-1,200,8448,528,40296192,49168,49168,96
2384830,shapes-mixed,memory,jayce,24,1.0000,8,2,2,176,170,175,173,200,9216,576,44001024,49168,49168,96
2384830,shapes-mixed,memory,jayce,24,1.0000,9,0,0,176,170,175,173,200,9216,576,44001024,49168,49168,96
2384830,shapes-mixed,memory,jayce,24,1.0000,9,1,0,186,-1,-1,-1,200,9472,592,45235968,49168,49168,96
2384830,shapes-mixed,memory,jayce,24,1.0000,9,2,0,193,170,168,174,200,10240,640,48940800,49168,49168,96
2384830,shapes-mixed,memory,jayce,24,1.0000,10,0,3,193,170,168,174,200,10240,640,48940800,49168,49168,96
2384830,shapes-mixed,memory,jayce,24,1.0000,10,1,3,-1,-1,-1,180,200,10496,656,50175744,49168,49168,96
2384830,shapes-mixed,memory,jayce,24,1.0000,10,2,3,187,170,170,172,200,11264,704,53880576,49168,49168,96
2384830,shapes-mixed,memory,jayce,24,1.0000,11,0,1,187,170,170,172,200,11264,704,53880576,49168,49168,96
2384830,shapes-mixed,memory,jayce,24,1.0000,11,1,1,-1,173,-1,-1,200,11520,720,55115520,49168,49168,96
2384830,shapes-mixed,memory,jayce,24,1.0000,11,2,1,187,162,150,170,200,12288,768,58820352,49168,49168,96
2384830,shapes-mixed,memory,backprop,0,0.0030,0,0,0,63,30,60,55,200,0,0,0,53088,53088,0
2384830,shapes-mixed,memory,backprop,0,0.0030,0,1,0,145,-1,-1,-1,200,256,16,1731840,53088,53088,0
2384830,shapes-mixed,memory,backprop,0,0.0030,0,2,0,181,53,88,29,200,1024,64,6927360,53088,53088,0
2384830,shapes-mixed,memory,backprop,0,0.0030,1,0,1,181,53,88,29,200,1024,64,6927360,53088,53088,0
2384830,shapes-mixed,memory,backprop,0,0.0030,1,1,1,-1,96,-1,-1,200,1280,80,8659200,53088,53088,0
2384830,shapes-mixed,memory,backprop,0,0.0030,1,2,1,112,175,27,82,200,2048,128,13854720,53088,53088,0
2384830,shapes-mixed,memory,backprop,0,0.0030,2,0,2,112,175,27,82,200,2048,128,13854720,53088,53088,0
2384830,shapes-mixed,memory,backprop,0,0.0030,2,1,2,-1,-1,127,-1,200,2304,144,15586560,53088,53088,0
2384830,shapes-mixed,memory,backprop,0,0.0030,2,2,2,109,159,185,64,200,3072,192,20782080,53088,53088,0
2384830,shapes-mixed,memory,backprop,0,0.0030,3,0,3,109,159,185,64,200,3072,192,20782080,53088,53088,0
2384830,shapes-mixed,memory,backprop,0,0.0030,3,1,3,-1,-1,-1,150,200,3328,208,22513920,53088,53088,0
2384830,shapes-mixed,memory,backprop,0,0.0030,3,2,3,120,169,172,186,200,4096,256,27709440,53088,53088,0
2384830,shapes-mixed,memory,backprop,0,0.0030,4,0,0,120,169,172,186,200,4096,256,27709440,53088,53088,0
2384830,shapes-mixed,memory,backprop,0,0.0030,4,1,0,187,-1,-1,-1,200,4352,272,29441280,53088,53088,0
2384830,shapes-mixed,memory,backprop,0,0.0030,4,2,0,195,163,179,175,200,5120,320,34636800,53088,53088,0
2384830,shapes-mixed,memory,backprop,0,0.0030,5,0,2,195,163,179,175,200,5120,320,34636800,53088,53088,0
2384830,shapes-mixed,memory,backprop,0,0.0030,5,1,2,-1,-1,192,-1,200,5376,336,36368640,53088,53088,0
2384830,shapes-mixed,memory,backprop,0,0.0030,5,2,2,175,154,194,156,200,6144,384,41564160,53088,53088,0
2384830,shapes-mixed,memory,backprop,0,0.0030,6,0,1,175,154,194,156,200,6144,384,41564160,53088,53088,0
2384830,shapes-mixed,memory,backprop,0,0.0030,6,1,1,-1,189,-1,-1,200,6400,400,43296000,53088,53088,0
2384830,shapes-mixed,memory,backprop,0,0.0030,6,2,1,193,192,190,161,200,7168,448,48491520,53088,53088,0
2384830,shapes-mixed,memory,backprop,0,0.0030,7,0,3,193,192,190,161,200,7168,448,48491520,53088,53088,0
2384830,shapes-mixed,memory,backprop,0,0.0030,7,1,3,-1,-1,-1,184,200,7424,464,50223360,53088,53088,0
2384830,shapes-mixed,memory,backprop,0,0.0030,7,2,3,192,195,191,195,200,8192,512,55418880,53088,53088,0
2384830,shapes-mixed,memory,backprop,0,0.0030,8,0,2,192,195,191,195,200,8192,512,55418880,53088,53088,0
2384830,shapes-mixed,memory,backprop,0,0.0030,8,1,2,-1,-1,197,-1,200,8448,528,57150720,53088,53088,0
2384830,shapes-mixed,memory,backprop,0,0.0030,8,2,2,195,193,197,194,200,9216,576,62346240,53088,53088,0
2384830,shapes-mixed,memory,backprop,0,0.0030,9,0,0,195,193,197,194,200,9216,576,62346240,53088,53088,0
2384830,shapes-mixed,memory,backprop,0,0.0030,9,1,0,196,-1,-1,-1,200,9472,592,64078080,53088,53088,0
2384830,shapes-mixed,memory,backprop,0,0.0030,9,2,0,198,197,193,193,200,10240,640,69273600,53088,53088,0
2384830,shapes-mixed,memory,backprop,0,0.0030,10,0,3,198,197,193,193,200,10240,640,69273600,53088,53088,0
2384830,shapes-mixed,memory,backprop,0,0.0030,10,1,3,-1,-1,-1,192,200,10496,656,71005440,53088,53088,0
2384830,shapes-mixed,memory,backprop,0,0.0030,10,2,3,197,195,191,197,200,11264,704,76200960,53088,53088,0
2384830,shapes-mixed,memory,backprop,0,0.0030,11,0,1,197,195,191,197,200,11264,704,76200960,53088,53088,0
2384830,shapes-mixed,memory,backprop,0,0.0030,11,1,1,-1,198,-1,-1,200,11520,720,77932800,53088,53088,0
2384830,shapes-mixed,memory,backprop,0,0.0030,11,2,1,197,198,194,195,200,12288,768,83128320,53088,53088,0
2489559,shapes-mixed,examples,jayce,48,1.0000,0,0,0,50,50,50,50,200,0,0,0,16,98320,0
2489559,shapes-mixed,examples,jayce,48,1.0000,0,1,0,197,-1,-1,-1,200,256,16,617472,98320,98320,192
2489559,shapes-mixed,examples,jayce,48,1.0000,0,2,0,198,58,73,31,200,1024,64,7879680,98320,98320,192
2489559,shapes-mixed,examples,jayce,48,1.0000,1,0,1,198,58,73,31,200,1024,64,7879680,98320,98320,192
2489559,shapes-mixed,examples,jayce,48,1.0000,1,1,1,-1,161,-1,-1,200,1280,80,10300416,98320,98320,192
2489559,shapes-mixed,examples,jayce,48,1.0000,1,2,1,198,171,66,40,200,2048,128,17562624,98320,98320,192
2489559,shapes-mixed,examples,jayce,48,1.0000,2,0,2,198,171,66,40,200,2048,128,17562624,98320,98320,192
2489559,shapes-mixed,examples,jayce,48,1.0000,2,1,2,-1,-1,165,-1,200,2304,144,19983360,98320,98320,192
2489559,shapes-mixed,examples,jayce,48,1.0000,2,2,2,197,153,180,89,200,3072,192,27245568,98320,98320,192
2489559,shapes-mixed,examples,jayce,48,1.0000,3,0,3,197,153,180,89,200,3072,192,27245568,98320,98320,192
2489559,shapes-mixed,examples,jayce,48,1.0000,3,1,3,-1,-1,-1,160,200,3328,208,29666304,98320,98320,192
2489559,shapes-mixed,examples,jayce,48,1.0000,3,2,3,197,145,179,175,200,4096,256,36928512,98320,98320,192
2489559,shapes-mixed,examples,jayce,48,1.0000,4,0,0,197,145,179,175,200,4096,256,36928512,98320,98320,192
2489559,shapes-mixed,examples,jayce,48,1.0000,4,1,0,196,-1,-1,-1,200,4352,272,39349248,98320,98320,192
2489559,shapes-mixed,examples,jayce,48,1.0000,4,2,0,194,144,179,175,200,5120,320,46611456,98320,98320,192
2489559,shapes-mixed,examples,jayce,48,1.0000,5,0,2,194,144,179,175,200,5120,320,46611456,98320,98320,192
2489559,shapes-mixed,examples,jayce,48,1.0000,5,1,2,-1,-1,167,-1,200,5376,336,49032192,98320,98320,192
2489559,shapes-mixed,examples,jayce,48,1.0000,5,2,2,194,136,181,175,200,6144,384,56294400,98320,98320,192
2489559,shapes-mixed,examples,jayce,48,1.0000,6,0,1,194,136,181,175,200,6144,384,56294400,98320,98320,192
2489559,shapes-mixed,examples,jayce,48,1.0000,6,1,1,-1,161,-1,-1,200,6400,400,58715136,98320,98320,192
2489559,shapes-mixed,examples,jayce,48,1.0000,6,2,1,194,178,159,157,200,7168,448,65977344,98320,98320,192
2489559,shapes-mixed,examples,jayce,48,1.0000,7,0,3,194,178,159,157,200,7168,448,65977344,98320,98320,192
2489559,shapes-mixed,examples,jayce,48,1.0000,7,1,3,-1,-1,-1,172,200,7424,464,68398080,98320,98320,192
2489559,shapes-mixed,examples,jayce,48,1.0000,7,2,3,194,169,156,181,200,8192,512,75660288,98320,98320,192
2489559,shapes-mixed,examples,jayce,48,1.0000,8,0,2,194,169,156,181,200,8192,512,75660288,98320,98320,192
2489559,shapes-mixed,examples,jayce,48,1.0000,8,1,2,-1,-1,175,-1,200,8448,528,78081024,98320,98320,192
2489559,shapes-mixed,examples,jayce,48,1.0000,8,2,2,194,159,177,181,200,9216,576,85343232,98320,98320,192
2489559,shapes-mixed,examples,jayce,48,1.0000,9,0,0,194,159,177,181,200,9216,576,85343232,98320,98320,192
2489559,shapes-mixed,examples,jayce,48,1.0000,9,1,0,200,-1,-1,-1,200,9472,592,87763968,98320,98320,192
2489559,shapes-mixed,examples,jayce,48,1.0000,9,2,0,200,160,177,182,200,10240,640,95026176,98320,98320,192
2489559,shapes-mixed,examples,jayce,48,1.0000,10,0,3,200,160,177,182,200,10240,640,95026176,98320,98320,192
2489559,shapes-mixed,examples,jayce,48,1.0000,10,1,3,-1,-1,-1,183,200,10496,656,97446912,98320,98320,192
2489559,shapes-mixed,examples,jayce,48,1.0000,10,2,3,200,155,177,189,200,11264,704,104709120,98320,98320,192
2489559,shapes-mixed,examples,jayce,48,1.0000,11,0,1,200,155,177,189,200,11264,704,104709120,98320,98320,192
2489559,shapes-mixed,examples,jayce,48,1.0000,11,1,1,-1,167,-1,-1,200,11520,720,107129856,98320,98320,192
2489559,shapes-mixed,examples,jayce,48,1.0000,11,2,1,200,165,173,175,200,12288,768,114392064,98320,98320,192
2489559,shapes-mixed,examples,backprop,0,0.0030,0,0,0,32,49,81,50,200,0,0,0,53088,53088,0
2489559,shapes-mixed,examples,backprop,0,0.0030,0,1,0,129,-1,-1,-1,200,256,16,1731840,53088,53088,0
2489559,shapes-mixed,examples,backprop,0,0.0030,0,2,0,188,50,102,46,200,1024,64,6927360,53088,53088,0
2489559,shapes-mixed,examples,backprop,0,0.0030,1,0,1,188,50,102,46,200,1024,64,6927360,53088,53088,0
2489559,shapes-mixed,examples,backprop,0,0.0030,1,1,1,-1,92,-1,-1,200,1280,80,8659200,53088,53088,0
2489559,shapes-mixed,examples,backprop,0,0.0030,1,2,1,101,187,33,83,200,2048,128,13854720,53088,53088,0
2489559,shapes-mixed,examples,backprop,0,0.0030,2,0,2,101,187,33,83,200,2048,128,13854720,53088,53088,0
2489559,shapes-mixed,examples,backprop,0,0.0030,2,1,2,-1,-1,139,-1,200,2304,144,15586560,53088,53088,0
2489559,shapes-mixed,examples,backprop,0,0.0030,2,2,2,139,157,184,53,200,3072,192,20782080,53088,53088,0
2489559,shapes-mixed,examples,backprop,0,0.0030,3,0,3,139,157,184,53,200,3072,192,20782080,53088,53088,0
2489559,shapes-mixed,examples,backprop,0,0.0030,3,1,3,-1,-1,-1,122,200,3328,208,22513920,53088,53088,0
2489559,shapes-mixed,examples,backprop,0,0.0030,3,2,3,139,180,114,179,200,4096,256,27709440,53088,53088,0
2489559,shapes-mixed,examples,backprop,0,0.0030,4,0,0,139,180,114,179,200,4096,256,27709440,53088,53088,0
2489559,shapes-mixed,examples,backprop,0,0.0030,4,1,0,190,-1,-1,-1,200,4352,272,29441280,53088,53088,0
2489559,shapes-mixed,examples,backprop,0,0.0030,4,2,0,195,146,121,177,200,5120,320,34636800,53088,53088,0
2489559,shapes-mixed,examples,backprop,0,0.0030,5,0,2,195,146,121,177,200,5120,320,34636800,53088,53088,0
2489559,shapes-mixed,examples,backprop,0,0.0030,5,1,2,-1,-1,180,-1,200,5376,336,36368640,53088,53088,0
2489559,shapes-mixed,examples,backprop,0,0.0030,5,2,2,194,140,194,147,200,6144,384,41564160,53088,53088,0
2489559,shapes-mixed,examples,backprop,0,0.0030,6,0,1,194,140,194,147,200,6144,384,41564160,53088,53088,0
2489559,shapes-mixed,examples,backprop,0,0.0030,6,1,1,-1,179,-1,-1,200,6400,400,43296000,53088,53088,0
2489559,shapes-mixed,examples,backprop,0,0.0030,6,2,1,196,192,190,177,200,7168,448,48491520,53088,53088,0
2489559,shapes-mixed,examples,backprop,0,0.0030,7,0,3,196,192,190,177,200,7168,448,48491520,53088,53088,0
2489559,shapes-mixed,examples,backprop,0,0.0030,7,1,3,-1,-1,-1,189,200,7424,464,50223360,53088,53088,0
2489559,shapes-mixed,examples,backprop,0,0.0030,7,2,3,189,192,187,194,200,8192,512,55418880,53088,53088,0
2489559,shapes-mixed,examples,backprop,0,0.0030,8,0,2,189,192,187,194,200,8192,512,55418880,53088,53088,0
2489559,shapes-mixed,examples,backprop,0,0.0030,8,1,2,-1,-1,196,-1,200,8448,528,57150720,53088,53088,0
2489559,shapes-mixed,examples,backprop,0,0.0030,8,2,2,195,192,195,191,200,9216,576,62346240,53088,53088,0
2489559,shapes-mixed,examples,backprop,0,0.0030,9,0,0,195,192,195,191,200,9216,576,62346240,53088,53088,0
2489559,shapes-mixed,examples,backprop,0,0.0030,9,1,0,194,-1,-1,-1,200,9472,592,64078080,53088,53088,0
2489559,shapes-mixed,examples,backprop,0,0.0030,9,2,0,197,192,190,192,200,10240,640,69273600,53088,53088,0
2489559,shapes-mixed,examples,backprop,0,0.0030,10,0,3,197,192,190,192,200,10240,640,69273600,53088,53088,0
2489559,shapes-mixed,examples,backprop,0,0.0030,10,1,3,-1,-1,-1,194,200,10496,656,71005440,53088,53088,0
2489559,shapes-mixed,examples,backprop,0,0.0030,10,2,3,196,192,191,195,200,11264,704,76200960,53088,53088,0
2489559,shapes-mixed,examples,backprop,0,0.0030,11,0,1,196,192,191,195,200,11264,704,76200960,53088,53088,0
2489559,shapes-mixed,examples,backprop,0,0.0030,11,1,1,-1,197,-1,-1,200,11520,720,77932800,53088,53088,0
2489559,shapes-mixed,examples,backprop,0,0.0030,11,2,1,194,198,192,192,200,12288,768,83128320,53088,53088,0
2489559,shapes-mixed,work,jayce,48,1.0000,0,0,0,50,50,50,50,200,0,0,0,16,98320,0
2489559,shapes-mixed,work,jayce,48,1.0000,0,1,0,197,-1,-1,-1,200,256,16,617472,98320,98320,192
2489559,shapes-mixed,work,jayce,48,1.0000,0,2,0,196,61,70,34,200,448,28,2433024,98320,98320,192
2489559,shapes-mixed,work,jayce,48,1.0000,1,0,1,196,61,70,34,200,448,28,2433024,98320,98320,192
2489559,shapes-mixed,work,jayce,48,1.0000,1,1,1,-1,124,-1,-1,200,512,32,3038208,98320,98320,192
2489559,shapes-mixed,work,jayce,48,1.0000,1,2,1,195,160,65,38,200,704,44,4853760,98320,98320,192
2489559,shapes-mixed,work,jayce,48,1.0000,2,0,2,195,160,65,38,200,704,44,4853760,98320,98320,192
2489559,shapes-mixed,work,jayce,48,1.0000,2,1,2,-1,-1,165,-1,200,768,48,5458944,98320,98320,192
2489559,shapes-mixed,work,jayce,48,1.0000,2,2,2,195,159,155,91,200,960,60,7274496,98320,98320,192
2489559,shapes-mixed,work,jayce,48,1.0000,3,0,3,195,159,155,91,200,960,60,7274496,98320,98320,192
2489559,shapes-mixed,work,jayce,48,1.0000,3,1,3,-1,-1,-1,145,200,1024,64,7879680,98320,98320,192
2489559,shapes-mixed,work,jayce,48,1.0000,3,2,3,196,141,155,168,200,1216,76,9695232,98320,98320,192
2489559,shapes-mixed,work,jayce,48,1.0000,4,0,0,196,141,155,168,200,1216,76,9695232,98320,98320,192
2489559,shapes-mixed,work,jayce,48,1.0000,4,1,0,198,-1,-1,-1,200,1280,80,10300416,98320,98320,192
2489559,shapes-mixed,work,jayce,48,1.0000,4,2,0,197,142,155,168,200,1472,92,12115968,98320,98320,192
2489559,shapes-mixed,work,jayce,48,1.0000,5,0,2,197,142,155,168,200,1472,92,12115968,98320,98320,192
2489559,shapes-mixed,work,jayce,48,1.0000,5,1,2,-1,-1,171,-1,200,1536,96,12721152,98320,98320,192
2489559,shapes-mixed,work,jayce,48,1.0000,5,2,2,197,143,155,168,200,1728,108,14536704,98320,98320,192
2489559,shapes-mixed,work,jayce,48,1.0000,6,0,1,197,143,155,168,200,1728,108,14536704,98320,98320,192
2489559,shapes-mixed,work,jayce,48,1.0000,6,1,1,-1,145,-1,-1,200,1792,112,15141888,98320,98320,192
2489559,shapes-mixed,work,jayce,48,1.0000,6,2,1,197,162,150,144,200,1984,124,16957440,98320,98320,192
2489559,shapes-mixed,work,jayce,48,1.0000,7,0,3,197,162,150,144,200,1984,124,16957440,98320,98320,192
2489559,shapes-mixed,work,jayce,48,1.0000,7,1,3,-1,-1,-1,151,200,2048,128,17562624,98320,98320,192
2489559,shapes-mixed,work,jayce,48,1.0000,7,2,3,196,158,150,167,200,2240,140,19378176,98320,98320,192
2489559,shapes-mixed,work,jayce,48,1.0000,8,0,2,196,158,150,167,200,2240,140,19378176,98320,98320,192
2489559,shapes-mixed,work,jayce,48,1.0000,8,1,2,-1,-1,168,-1,200,2304,144,19983360,98320,98320,192
2489559,shapes-mixed,work,jayce,48,1.0000,8,2,2,196,157,169,167,200,2496,156,21798912,98320,98320,192
2489559,shapes-mixed,work,jayce,48,1.0000,9,0,0,196,157,169,167,200,2496,156,21798912,98320,98320,192
2489559,shapes-mixed,work,jayce,48,1.0000,9,1,0,196,-1,-1,-1,200,2560,160,22404096,98320,98320,192
2489559,shapes-mixed,work,jayce,48,1.0000,9,2,0,200,156,169,168,200,2752,172,24219648,98320,98320,192
2489559,shapes-mixed,work,jayce,48,1.0000,10,0,3,200,156,169,168,200,2752,172,24219648,98320,98320,192
2489559,shapes-mixed,work,jayce,48,1.0000,10,1,3,-1,-1,-1,165,200,2816,176,24824832,98320,98320,192
2489559,shapes-mixed,work,jayce,48,1.0000,10,2,3,200,157,169,177,200,3008,188,26640384,98320,98320,192
2489559,shapes-mixed,work,jayce,48,1.0000,11,0,1,200,157,169,177,200,3008,188,26640384,98320,98320,192
2489559,shapes-mixed,work,jayce,48,1.0000,11,1,1,-1,148,-1,-1,200,3072,192,27245568,98320,98320,192
2489559,shapes-mixed,work,jayce,48,1.0000,11,2,1,200,168,163,171,200,3264,204,29061120,98320,98320,192
2489559,shapes-mixed,work,backprop,0,0.0100,0,0,0,32,49,81,50,200,0,0,0,53088,53088,0
2489559,shapes-mixed,work,backprop,0,0.0100,0,1,0,121,-1,-1,-1,200,80,5,541200,53088,53088,0
2489559,shapes-mixed,work,backprop,0,0.0100,0,2,0,186,48,100,28,200,368,23,2489520,53088,53088,0
2489559,shapes-mixed,work,backprop,0,0.0100,1,0,1,186,48,100,28,200,368,23,2489520,53088,53088,0
2489559,shapes-mixed,work,backprop,0,0.0100,1,1,1,-1,59,-1,-1,200,448,28,3030720,53088,53088,0
2489559,shapes-mixed,work,backprop,0,0.0100,1,2,1,105,158,31,66,200,736,46,4979040,53088,53088,0
2489559,shapes-mixed,work,backprop,0,0.0100,2,0,2,105,158,31,66,200,736,46,4979040,53088,53088,0
2489559,shapes-mixed,work,backprop,0,0.0100,2,1,2,-1,-1,80,-1,200,816,51,5520240,53088,53088,0
2489559,shapes-mixed,work,backprop,0,0.0100,2,2,2,115,138,183,50,200,1104,69,7468560,53088,53088,0
2489559,shapes-mixed,work,backprop,0,0.0100,3,0,3,115,138,183,50,200,1104,69,7468560,53088,53088,0
2489559,shapes-mixed,work,backprop,0,0.0100,3,1,3,-1,-1,-1,69,200,1184,74,8009760,53088,53088,0
2489559,shapes-mixed,work,backprop,0,0.0100,3,2,3,136,145,142,154,200,1472,92,9958080,53088,53088,0
2489559,shapes-mixed,work,backprop,0,0.0100,4,0,0,136,145,142,154,200,1472,92,9958080,53088,53088,0
2489559,shapes-mixed,work,backprop,0,0.0100,4,1,0,155,-1,-1,-1,200,1552,97,10499280,53088,53088,0
2489559,shapes-mixed,work,backprop,0,0.0100,4,2,0,195,103,128,141,200,1840,115,12447600,53088,53088,0
2489559,shapes-mixed,work,backprop,0,0.0100,5,0,2,195,103,128,141,200,1840,115,12447600,53088,53088,0
2489559,shapes-mixed,work,backprop,0,0.0100,5,1,2,-1,-1,165,-1,200,1920,120,12988800,53088,53088,0
2489559,shapes-mixed,work,backprop,0,0.0100,5,2,2,189,90,188,114,200,2208,138,14937120,53088,53088,0
2489559,shapes-mixed,work,backprop,0,0.0100,6,0,1,189,90,188,114,200,2208,138,14937120,53088,53088,0
2489559,shapes-mixed,work,backprop,0,0.0100,6,1,1,-1,117,-1,-1,200,2288,143,15478320,53088,53088,0
2489559,shapes-mixed,work,backprop,0,0.0100,6,2,1,184,188,191,144,200,2576,161,17426640,53088,53088,0
2489559,shapes-mixed,work,backprop,0,0.0100,7,0,3,184,188,191,144,200,2576,161,17426640,53088,53088,0
2489559,shapes-mixed,work,backprop,0,0.0100,7,1,3,-1,-1,-1,159,200,2656,166,17967840,53088,53088,0
2489559,shapes-mixed,work,backprop,0,0.0100,7,2,3,166,190,179,191,200,2944,184,19916160,53088,53088,0
2489559,shapes-mixed,work,backprop,0,0.0100,8,0,2,166,190,179,191,200,2944,184,19916160,53088,53088,0
2489559,shapes-mixed,work,backprop,0,0.0100,8,1,2,-1,-1,186,-1,200,3024,189,20457360,53088,53088,0
2489559,shapes-mixed,work,backprop,0,0.0100,8,2,2,171,185,196,181,200,3312,207,22405680,53088,53088,0
2489559,shapes-mixed,work,backprop,0,0.0100,9,0,0,171,185,196,181,200,3312,207,22405680,53088,53088,0
2489559,shapes-mixed,work,backprop,0,0.0100,9,1,0,193,-1,-1,-1,200,3392,212,22946880,53088,53088,0
2489559,shapes-mixed,work,backprop,0,0.0100,9,2,0,192,182,190,179,200,3680,230,24895200,53088,53088,0
2489559,shapes-mixed,work,backprop,0,0.0100,10,0,3,192,182,190,179,200,3680,230,24895200,53088,53088,0
2489559,shapes-mixed,work,backprop,0,0.0100,10,1,3,-1,-1,-1,190,200,3760,235,25436400,53088,53088,0
2489559,shapes-mixed,work,backprop,0,0.0100,10,2,3,191,186,183,191,200,4048,253,27384720,53088,53088,0
2489559,shapes-mixed,work,backprop,0,0.0100,11,0,1,191,186,183,191,200,4048,253,27384720,53088,53088,0
2489559,shapes-mixed,work,backprop,0,0.0100,11,1,1,-1,189,-1,-1,200,4128,258,27925920,53088,53088,0
2489559,shapes-mixed,work,backprop,0,0.0100,11,2,1,194,196,191,190,200,4416,276,29874240,53088,53088,0
2489559,shapes-mixed,memory,jayce,24,1.0000,0,0,0,50,50,50,50,200,0,0,0,16,49168,0
2489559,shapes-mixed,memory,jayce,24,1.0000,0,1,0,196,-1,-1,-1,200,256,16,777984,49168,49168,96
2489559,shapes-mixed,memory,jayce,24,1.0000,0,2,0,200,58,69,30,200,1024,64,4482816,49168,49168,96
2489559,shapes-mixed,memory,jayce,24,1.0000,1,0,1,200,58,69,30,200,1024,64,4482816,49168,49168,96
2489559,shapes-mixed,memory,jayce,24,1.0000,1,1,1,-1,157,-1,-1,200,1280,80,5717760,49168,49168,96
2489559,shapes-mixed,memory,jayce,24,1.0000,1,2,1,197,169,67,51,200,2048,128,9422592,49168,49168,96
2489559,shapes-mixed,memory,jayce,24,1.0000,2,0,2,197,169,67,51,200,2048,128,9422592,49168,49168,96
2489559,shapes-mixed,memory,jayce,24,1.0000,2,1,2,-1,-1,163,-1,200,2304,144,10657536,49168,49168,96
2489559,shapes-mixed,memory,jayce,24,1.0000,2,2,2,186,147,175,98,200,3072,192,14362368,49168,49168,96
2489559,shapes-mixed,memory,jayce,24,1.0000,3,0,3,186,147,175,98,200,3072,192,14362368,49168,49168,96
2489559,shapes-mixed,memory,jayce,24,1.0000,3,1,3,-1,-1,-1,171,200,3328,208,15597312,49168,49168,96
2489559,shapes-mixed,memory,jayce,24,1.0000,3,2,3,170,136,175,175,200,4096,256,19302144,49168,49168,96
2489559,shapes-mixed,memory,jayce,24,1.0000,4,0,0,170,136,175,175,200,4096,256,19302144,49168,49168,96
2489559,shapes-mixed,memory,jayce,24,1.0000,4,1,0,194,-1,-1,-1,200,4352,272,20537088,49168,49168,96
2489559,shapes-mixed,memory,jayce,24,1.0000,4,2,0,195,137,175,173,200,5120,320,24241920,49168,49168,96
2489559,shapes-mixed,memory,jayce,24,1.0000,5,0,2,195,137,175,173,200,5120,320,24241920,49168,49168,96
2489559,shapes-mixed,memory,jayce,24,1.0000,5,1,2,-1,-1,173,-1,200,5376,336,25476864,49168,49168,96
2489559,shapes-mixed,memory,jayce,24,1.0000,5,2,2,182,137,179,173,200,6144,384,29181696,49168,49168,96
2489559,shapes-mixed,memory,jayce,24,1.0000,6,0,1,182,137,179,173,200,6144,384,29181696,49168,49168,96
2489559,shapes-mixed,memory,jayce,24,1.0000,6,1,1,-1,163,-1,-1,200,6400,400,30416640,49168,49168,96
2489559,shapes-mixed,memory,jayce,24,1.0000,6,2,1,182,173,152,146,200,7168,448,34121472,49168,49168,96
2489559,shapes-mixed,memory,jayce,24,1.0000,7,0,3,182,173,152,146,200,7168,448,34121472,49168,49168,96
2489559,shapes-mixed,memory,jayce,24,1.0000,7,1,3,-1,-1,-1,165,200,7424,464,35356416,49168,49168,96
2489559,shapes-mixed,memory,jayce,24,1.0000,7,2,3,181,157,148,179,200,8192,512,39061248,49168,49168,96
2489559,shapes-mixed,memory,jayce,24,1.0000,8,0,2,181,157,148,179,200,8192,512,39061248,49168,49168,96
2489559,shapes-mixed,memory,jayce,24,1.0000,8,1,2,-1,-1,162,-1,200,8448,528,40296192,49168,49168,96
2489559,shapes-mixed,memory,jayce,24,1.0000,8,2,2,177,142,163,179,200,9216,576,44001024,49168,49168,96
2489559,shapes-mixed,memory,jayce,24,1.0000,9,0,0,177,142,163,179,200,9216,576,44001024,49168,49168,96
2489559,shapes-mixed,memory,jayce,24,1.0000,9,1,0,183,-1,-1,-1,200,9472,592,45235968,49168,49168,96
2489559,shapes-mixed,memory,jayce,24,1.0000,9,2,0,195,143,162,179,200,10240,640,48940800,49168,49168,96
2489559,shapes-mixed,memory,jayce,24,1.0000,10,0,3,195,143,162,179,200,10240,640,48940800,49168,49168,96
2489559,shapes-mixed,memory,jayce,24,1.0000,10,1,3,-1,-1,-1,179,200,10496,656,50175744,49168,49168,96
2489559,shapes-mixed,memory,jayce,24,1.0000,10,2,3,192,145,162,176,200,11264,704,53880576,49168,49168,96
2489559,shapes-mixed,memory,jayce,24,1.0000,11,0,1,192,145,162,176,200,11264,704,53880576,49168,49168,96
2489559,shapes-mixed,memory,jayce,24,1.0000,11,1,1,-1,169,-1,-1,200,11520,720,55115520,49168,49168,96
2489559,shapes-mixed,memory,jayce,24,1.0000,11,2,1,192,171,161,166,200,12288,768,58820352,49168,49168,96
2489559,shapes-mixed,memory,backprop,0,0.0030,0,0,0,32,49,81,50,200,0,0,0,53088,53088,0
2489559,shapes-mixed,memory,backprop,0,0.0030,0,1,0,129,-1,-1,-1,200,256,16,1731840,53088,53088,0
2489559,shapes-mixed,memory,backprop,0,0.0030,0,2,0,188,50,102,46,200,1024,64,6927360,53088,53088,0
2489559,shapes-mixed,memory,backprop,0,0.0030,1,0,1,188,50,102,46,200,1024,64,6927360,53088,53088,0
2489559,shapes-mixed,memory,backprop,0,0.0030,1,1,1,-1,92,-1,-1,200,1280,80,8659200,53088,53088,0
2489559,shapes-mixed,memory,backprop,0,0.0030,1,2,1,101,187,33,83,200,2048,128,13854720,53088,53088,0
2489559,shapes-mixed,memory,backprop,0,0.0030,2,0,2,101,187,33,83,200,2048,128,13854720,53088,53088,0
2489559,shapes-mixed,memory,backprop,0,0.0030,2,1,2,-1,-1,139,-1,200,2304,144,15586560,53088,53088,0
2489559,shapes-mixed,memory,backprop,0,0.0030,2,2,2,139,157,184,53,200,3072,192,20782080,53088,53088,0
2489559,shapes-mixed,memory,backprop,0,0.0030,3,0,3,139,157,184,53,200,3072,192,20782080,53088,53088,0
2489559,shapes-mixed,memory,backprop,0,0.0030,3,1,3,-1,-1,-1,122,200,3328,208,22513920,53088,53088,0
2489559,shapes-mixed,memory,backprop,0,0.0030,3,2,3,139,180,114,179,200,4096,256,27709440,53088,53088,0
2489559,shapes-mixed,memory,backprop,0,0.0030,4,0,0,139,180,114,179,200,4096,256,27709440,53088,53088,0
2489559,shapes-mixed,memory,backprop,0,0.0030,4,1,0,190,-1,-1,-1,200,4352,272,29441280,53088,53088,0
2489559,shapes-mixed,memory,backprop,0,0.0030,4,2,0,195,146,121,177,200,5120,320,34636800,53088,53088,0
2489559,shapes-mixed,memory,backprop,0,0.0030,5,0,2,195,146,121,177,200,5120,320,34636800,53088,53088,0
2489559,shapes-mixed,memory,backprop,0,0.0030,5,1,2,-1,-1,180,-1,200,5376,336,36368640,53088,53088,0
2489559,shapes-mixed,memory,backprop,0,0.0030,5,2,2,194,140,194,147,200,6144,384,41564160,53088,53088,0
2489559,shapes-mixed,memory,backprop,0,0.0030,6,0,1,194,140,194,147,200,6144,384,41564160,53088,53088,0
2489559,shapes-mixed,memory,backprop,0,0.0030,6,1,1,-1,179,-1,-1,200,6400,400,43296000,53088,53088,0
2489559,shapes-mixed,memory,backprop,0,0.0030,6,2,1,196,192,190,177,200,7168,448,48491520,53088,53088,0
2489559,shapes-mixed,memory,backprop,0,0.0030,7,0,3,196,192,190,177,200,7168,448,48491520,53088,53088,0
2489559,shapes-mixed,memory,backprop,0,0.0030,7,1,3,-1,-1,-1,189,200,7424,464,50223360,53088,53088,0
2489559,shapes-mixed,memory,backprop,0,0.0030,7,2,3,189,192,187,194,200,8192,512,55418880,53088,53088,0
2489559,shapes-mixed,memory,backprop,0,0.0030,8,0,2,189,192,187,194,200,8192,512,55418880,53088,53088,0
2489559,shapes-mixed,memory,backprop,0,0.0030,8,1,2,-1,-1,196,-1,200,8448,528,57150720,53088,53088,0
2489559,shapes-mixed,memory,backprop,0,0.0030,8,2,2,195,192,195,191,200,9216,576,62346240,53088,53088,0
2489559,shapes-mixed,memory,backprop,0,0.0030,9,0,0,195,192,195,191,200,9216,576,62346240,53088,53088,0
2489559,shapes-mixed,memory,backprop,0,0.0030,9,1,0,194,-1,-1,-1,200,9472,592,64078080,53088,53088,0
2489559,shapes-mixed,memory,backprop,0,0.0030,9,2,0,197,192,190,192,200,10240,640,69273600,53088,53088,0
2489559,shapes-mixed,memory,backprop,0,0.0030,10,0,3,197,192,190,192,200,10240,640,69273600,53088,53088,0
2489559,shapes-mixed,memory,backprop,0,0.0030,10,1,3,-1,-1,-1,194,200,10496,656,71005440,53088,53088,0
2489559,shapes-mixed,memory,backprop,0,0.0030,10,2,3,196,192,191,195,200,11264,704,76200960,53088,53088,0
2489559,shapes-mixed,memory,backprop,0,0.0030,11,0,1,196,192,191,195,200,11264,704,76200960,53088,53088,0
2489559,shapes-mixed,memory,backprop,0,0.0030,11,1,1,-1,197,-1,-1,200,11520,720,77932800,53088,53088,0
2489559,shapes-mixed,memory,backprop,0,0.0030,11,2,1,194,198,192,192,200,12288,768,83128320,53088,53088,0
2594288,shapes-mixed,examples,jayce,48,1.0000,0,0,0,50,50,50,50,200,0,0,0,16,98320,0
2594288,shapes-mixed,examples,jayce,48,1.0000,0,1,0,200,-1,-1,-1,200,256,16,617472,98320,98320,192
2594288,shapes-mixed,examples,jayce,48,1.0000,0,2,0,199,62,83,31,200,1024,64,7879680,98320,98320,192
2594288,shapes-mixed,examples,jayce,48,1.0000,1,0,1,199,62,83,31,200,1024,64,7879680,98320,98320,192
2594288,shapes-mixed,examples,jayce,48,1.0000,1,1,1,-1,150,-1,-1,200,1280,80,10300416,98320,98320,192
2594288,shapes-mixed,examples,jayce,48,1.0000,1,2,1,199,163,67,42,200,2048,128,17562624,98320,98320,192
2594288,shapes-mixed,examples,jayce,48,1.0000,2,0,2,199,163,67,42,200,2048,128,17562624,98320,98320,192
2594288,shapes-mixed,examples,jayce,48,1.0000,2,1,2,-1,-1,169,-1,200,2304,144,19983360,98320,98320,192
2594288,shapes-mixed,examples,jayce,48,1.0000,2,2,2,198,147,177,94,200,3072,192,27245568,98320,98320,192
2594288,shapes-mixed,examples,jayce,48,1.0000,3,0,3,198,147,177,94,200,3072,192,27245568,98320,98320,192
2594288,shapes-mixed,examples,jayce,48,1.0000,3,1,3,-1,-1,-1,174,200,3328,208,29666304,98320,98320,192
2594288,shapes-mixed,examples,jayce,48,1.0000,3,2,3,197,129,176,160,200,4096,256,36928512,98320,98320,192
2594288,shapes-mixed,examples,jayce,48,1.0000,4,0,0,197,129,176,160,200,4096,256,36928512,98320,98320,192
2594288,shapes-mixed,examples,jayce,48,1.0000,4,1,0,195,-1,-1,-1,200,4352,272,39349248,98320,98320,192
2594288,shapes-mixed,examples,jayce,48,1.0000,4,2,0,192,130,177,159,200,5120,320,46611456,98320,98320,192
2594288,shapes-mixed,examples,jayce,48,1.0000,5,0,2,192,130,177,159,200,5120,320,46611456,98320,98320,192
2594288,shapes-mixed,examples,jayce,48,1.0000,5,1,2,-1,-1,178,-1,200,5376,336,49032192,98320,98320,192
2594288,shapes-mixed,examples,jayce,48,1.0000,5,2,2,192,135,181,160,200,6144,384,56294400,98320,98320,192
2594288,shapes-mixed,examples,jayce,48,1.0000,6,0,1,192,135,181,160,200,6144,384,56294400,98320,98320,192
2594288,shapes-mixed,examples,jayce,48,1.0000,6,1,1,-1,158,-1,-1,200,6400,400,58715136,98320,98320,192
2594288,shapes-mixed,examples,jayce,48,1.0000,6,2,1,192,165,161,145,200,7168,448,65977344,98320,98320,192
2594288,shapes-mixed,examples,jayce,48,1.0000,7,0,3,192,165,161,145,200,7168,448,65977344,98320,98320,192
2594288,shapes-mixed,examples,jayce,48,1.0000,7,1,3,-1,-1,-1,166,200,7424,464,68398080,98320,98320,192
2594288,shapes-mixed,examples,jayce,48,1.0000,7,2,3,192,163,161,173,200,8192,512,75660288,98320,98320,192
2594288,shapes-mixed,examples,jayce,48,1.0000,8,0,2,192,163,161,173,200,8192,512,75660288,98320,98320,192
2594288,shapes-mixed,examples,jayce,48,1.0000,8,1,2,-1,-1,166,-1,200,8448,528,78081024,98320,98320,192
2594288,shapes-mixed,examples,jayce,48,1.0000,8,2,2,192,164,175,173,200,9216,576,85343232,98320,98320,192
2594288,shapes-mixed,examples,jayce,48,1.0000,9,0,0,192,164,175,173,200,9216,576,85343232,98320,98320,192
2594288,shapes-mixed,examples,jayce,48,1.0000,9,1,0,194,-1,-1,-1,200,9472,592,87763968,98320,98320,192
2594288,shapes-mixed,examples,jayce,48,1.0000,9,2,0,193,164,175,173,200,10240,640,95026176,98320,98320,192
2594288,shapes-mixed,examples,jayce,48,1.0000,10,0,3,193,164,175,173,200,10240,640,95026176,98320,98320,192
2594288,shapes-mixed,examples,jayce,48,1.0000,10,1,3,-1,-1,-1,184,200,10496,656,97446912,98320,98320,192
2594288,shapes-mixed,examples,jayce,48,1.0000,10,2,3,188,164,175,183,200,11264,704,104709120,98320,98320,192
2594288,shapes-mixed,examples,jayce,48,1.0000,11,0,1,188,164,175,183,200,11264,704,104709120,98320,98320,192
2594288,shapes-mixed,examples,jayce,48,1.0000,11,1,1,-1,176,-1,-1,200,11520,720,107129856,98320,98320,192
2594288,shapes-mixed,examples,jayce,48,1.0000,11,2,1,188,168,175,175,200,12288,768,114392064,98320,98320,192
2594288,shapes-mixed,examples,backprop,0,0.0030,0,0,0,65,34,24,50,200,0,0,0,53088,53088,0
2594288,shapes-mixed,examples,backprop,0,0.0030,0,1,0,142,-1,-1,-1,200,256,16,1731840,53088,53088,0
2594288,shapes-mixed,examples,backprop,0,0.0030,0,2,0,181,51,80,24,200,1024,64,6927360,53088,53088,0
2594288,shapes-mixed,examples,backprop,0,0.0030,1,0,1,181,51,80,24,200,1024,64,6927360,53088,53088,0
2594288,shapes-mixed,examples,backprop,0,0.0030,1,1,1,-1,97,-1,-1,200,1280,80,8659200,53088,53088,0
2594288,shapes-mixed,examples,backprop,0,0.0030,1,2,1,114,178,20,64,200,2048,128,13854720,53088,53088,0
2594288,shapes-mixed,examples,backprop,0,0.0030,2,0,2,114,178,20,64,200,2048,128,13854720,53088,53088,0
2594288,shapes-mixed,examples,backprop,0,0.0030,2,1,2,-1,-1,126,-1,200,2304,144,15586560,53088,53088,0
2594288,shapes-mixed,examples,backprop,0,0.0030,2,2,2,128,149,187,52,200,3072,192,20782080,53088,53088,0
2594288,shapes-mixed,examples,backprop,0,0.0030,3,0,3,128,149,187,52,200,3072,192,20782080,53088,53088,0
2594288,shapes-mixed,examples,backprop,0,0.0030,3,1,3,-1,-1,-1,116,200,3328,208,22513920,53088,53088,0
2594288,shapes-mixed,examples,backprop,0,0.0030,3,2,3,156,165,149,180,200,4096,256,27709440,53088,53088,0
2594288,shapes-mixed,examples,backprop,0,0.0030,4,0,0,156,165,149,180,200,4096,256,27709440,53088,53088,0
2594288,shapes-mixed,examples,backprop,0,0.0030,4,1,0,185,-1,-1,-1,200,4352,272,29441280,53088,53088,0
2594288,shapes-mixed,examples,backprop,0,0.0030,4,2,0,194,169,153,177,200,5120,320,34636800,53088,53088,0
2594288,shapes-mixed,examples,backprop,0,0.0030,5,0,2,194,169,153,177,200,5120,320,34636800,53088,53088,0
2594288,shapes-mixed,examples,backprop,0,0.0030,5,1,2,-1,-1,186,-1,200,5376,336,36368640,53088,53088,0
2594288,shapes-mixed,examples,backprop,0,0.0030,5,2,2,189,159,191,172,200,6144,384,41564160,53088,53088,0
2594288,shapes-mixed,examples,backprop,0,0.0030,6,0,1,189,159,191,172,200,6144,384,41564160,53088,53088,0
2594288,shapes-mixed,examples,backprop,0,0.0030,6,1,1,-1,173,-1,-1,200,6400,400,43296000,53088,53088,0
2594288,shapes-mixed,examples,backprop,0,0.0030,6,2,1,182,195,187,184,200,7168,448,48491520,53088,53088,0
2594288,shapes-mixed,examples,backprop,0,0.0030,7,0,3,182,195,187,184,200,7168,448,48491520,53088,53088,0
2594288,shapes-mixed,examples,backprop,0,0.0030,7,1,3,-1,-1,-1,187,200,7424,464,50223360,53088,53088,0
2594288,shapes-mixed,examples,backprop,0,0.0030,7,2,3,189,187,185,197,200,8192,512,55418880,53088,53088,0
2594288,shapes-mixed,examples,backprop,0,0.0030,8,0,2,189,187,185,197,200,8192,512,55418880,53088,53088,0
2594288,shapes-mixed,examples,backprop,0,0.0030,8,1,2,-1,-1,195,-1,200,8448,528,57150720,53088,53088,0
2594288,shapes-mixed,examples,backprop,0,0.0030,8,2,2,183,176,198,197,200,9216,576,62346240,53088,53088,0
2594288,shapes-mixed,examples,backprop,0,0.0030,9,0,0,183,176,198,197,200,9216,576,62346240,53088,53088,0
2594288,shapes-mixed,examples,backprop,0,0.0030,9,1,0,195,-1,-1,-1,200,9472,592,64078080,53088,53088,0
2594288,shapes-mixed,examples,backprop,0,0.0030,9,2,0,198,177,189,197,200,10240,640,69273600,53088,53088,0
2594288,shapes-mixed,examples,backprop,0,0.0030,10,0,3,198,177,189,197,200,10240,640,69273600,53088,53088,0
2594288,shapes-mixed,examples,backprop,0,0.0030,10,1,3,-1,-1,-1,196,200,10496,656,71005440,53088,53088,0
2594288,shapes-mixed,examples,backprop,0,0.0030,10,2,3,195,172,192,197,200,11264,704,76200960,53088,53088,0
2594288,shapes-mixed,examples,backprop,0,0.0030,11,0,1,195,172,192,197,200,11264,704,76200960,53088,53088,0
2594288,shapes-mixed,examples,backprop,0,0.0030,11,1,1,-1,190,-1,-1,200,11520,720,77932800,53088,53088,0
2594288,shapes-mixed,examples,backprop,0,0.0030,11,2,1,197,199,193,197,200,12288,768,83128320,53088,53088,0
2594288,shapes-mixed,work,jayce,48,1.0000,0,0,0,50,50,50,50,200,0,0,0,16,98320,0
2594288,shapes-mixed,work,jayce,48,1.0000,0,1,0,200,-1,-1,-1,200,256,16,617472,98320,98320,192
2594288,shapes-mixed,work,jayce,48,1.0000,0,2,0,198,64,73,36,200,448,28,2433024,98320,98320,192
2594288,shapes-mixed,work,jayce,48,1.0000,1,0,1,198,64,73,36,200,448,28,2433024,98320,98320,192
2594288,shapes-mixed,work,jayce,48,1.0000,1,1,1,-1,155,-1,-1,200,512,32,3038208,98320,98320,192
2594288,shapes-mixed,work,jayce,48,1.0000,1,2,1,199,154,62,55,200,704,44,4853760,98320,98320,192
2594288,shapes-mixed,work,jayce,48,1.0000,2,0,2,199,154,62,55,200,704,44,4853760,98320,98320,192
2594288,shapes-mixed,work,jayce,48,1.0000,2,1,2,-1,-1,160,-1,200,768,48,5458944,98320,98320,192
2594288,shapes-mixed,work,jayce,48,1.0000,2,2,2,194,148,170,102,200,960,60,7274496,98320,98320,192
2594288,shapes-mixed,work,jayce,48,1.0000,3,0,3,194,148,170,102,200,960,60,7274496,98320,98320,192
2594288,shapes-mixed,work,jayce,48,1.0000,3,1,3,-1,-1,-1,142,200,1024,64,7879680,98320,98320,192
2594288,shapes-mixed,work,jayce,48,1.0000,3,2,3,192,134,170,173,200,1216,76,9695232,98320,98320,192
2594288,shapes-mixed,work,jayce,48,1.0000,4,0,0,192,134,170,173,200,1216,76,9695232,98320,98320,192
2594288,shapes-mixed,work,jayce,48,1.0000,4,1,0,195,-1,-1,-1,200,1280,80,10300416,98320,98320,192
2594288,shapes-mixed,work,jayce,48,1.0000,4,2,0,192,134,170,170,200,1472,92,12115968,98320,98320,192
2594288,shapes-mixed,work,jayce,48,1.0000,5,0,2,192,134,170,170,200,1472,92,12115968,98320,98320,192
2594288,shapes-mixed,work,jayce,48,1.0000,5,1,2,-1,-1,163,-1,200,1536,96,12721152,98320,98320,192
2594288,shapes-mixed,work,jayce,48,1.0000,5,2,2,192,132,168,170,200,1728,108,14536704,98320,98320,192
2594288,shapes-mixed,work,jayce,48,1.0000,6,0,1,192,132,168,170,200,1728,108,14536704,98320,98320,192
2594288,shapes-mixed,work,jayce,48,1.0000,6,1,1,-1,151,-1,-1,200,1792,112,15141888,98320,98320,192
2594288,shapes-mixed,work,jayce,48,1.0000,6,2,1,192,152,166,167,200,1984,124,16957440,98320,98320,192
2594288,shapes-mixed,work,jayce,48,1.0000,7,0,3,192,152,166,167,200,1984,124,16957440,98320,98320,192
2594288,shapes-mixed,work,jayce,48,1.0000,7,1,3,-1,-1,-1,159,200,2048,128,17562624,98320,98320,192
2594288,shapes-mixed,work,jayce,48,1.0000,7,2,3,191,145,166,161,200,2240,140,19378176,98320,98320,192
2594288,shapes-mixed,work,jayce,48,1.0000,8,0,2,191,145,166,161,200,2240,140,19378176,98320,98320,192
2594288,shapes-mixed,work,jayce,48,1.0000,8,1,2,-1,-1,160,-1,200,2304,144,19983360,98320,98320,192
2594288,shapes-mixed,work,jayce,48,1.0000,8,2,2,191,139,159,161,200,2496,156,21798912,98320,98320,192
2594288,shapes-mixed,work,jayce,48,1.0000,9,0,0,191,139,159,161,200,2496,156,21798912,98320,98320,192
2594288,shapes-mixed,work,jayce,48,1.0000,9,1,0,195,-1,-1,-1,200,2560,160,22404096,98320,98320,192
2594288,shapes-mixed,work,jayce,48,1.0000,9,2,0,197,138,159,162,200,2752,172,24219648,98320,98320,192
2594288,shapes-mixed,work,jayce,48,1.0000,10,0,3,197,138,159,162,200,2752,172,24219648,98320,98320,192
2594288,shapes-mixed,work,jayce,48,1.0000,10,1,3,-1,-1,-1,169,200,2816,176,24824832,98320,98320,192
2594288,shapes-mixed,work,jayce,48,1.0000,10,2,3,194,135,159,180,200,3008,188,26640384,98320,98320,192
2594288,shapes-mixed,work,jayce,48,1.0000,11,0,1,194,135,159,180,200,3008,188,26640384,98320,98320,192
2594288,shapes-mixed,work,jayce,48,1.0000,11,1,1,-1,154,-1,-1,200,3072,192,27245568,98320,98320,192
2594288,shapes-mixed,work,jayce,48,1.0000,11,2,1,194,170,159,161,200,3264,204,29061120,98320,98320,192
2594288,shapes-mixed,work,backprop,0,0.0100,0,0,0,65,34,24,50,200,0,0,0,53088,53088,0
2594288,shapes-mixed,work,backprop,0,0.0100,0,1,0,141,-1,-1,-1,200,80,5,541200,53088,53088,0
2594288,shapes-mixed,work,backprop,0,0.0100,0,2,0,185,50,82,23,200,368,23,2489520,53088,53088,0
2594288,shapes-mixed,work,backprop,0,0.0100,1,0,1,185,50,82,23,200,368,23,2489520,53088,53088,0
2594288,shapes-mixed,work,backprop,0,0.0100,1,1,1,-1,53,-1,-1,200,448,28,3030720,53088,53088,0
2594288,shapes-mixed,work,backprop,0,0.0100,1,2,1,108,169,20,72,200,736,46,4979040,53088,53088,0
2594288,shapes-mixed,work,backprop,0,0.0100,2,0,2,108,169,20,72,200,736,46,4979040,53088,53088,0
2594288,shapes-mixed,work,backprop,0,0.0100,2,1,2,-1,-1,63,-1,200,816,51,5520240,53088,53088,0
2594288,shapes-mixed,work,backprop,0,0.0100,2,2,2,102,144,172,54,200,1104,69,7468560,53088,53088,0
2594288,shapes-mixed,work,backprop,0,0.0100,3,0,3,102,144,172,54,200,1104,69,7468560,53088,53088,0
2594288,shapes-mixed,work,backprop,0,0.0100,3,1,3,-1,-1,-1,71,200,1184,74,8009760,53088,53088,0
2594288,shapes-mixed,work,backprop,0,0.0100,3,2,3,135,138,127,175,200,1472,92,9958080,53088,53088,0
2594288,shapes-mixed,work,backprop,0,0.0100,4,0,0,135,138,127,175,200,1472,92,9958080,53088,53088,0
2594288,shapes-mixed,work,backprop,0,0.0100,4,1,0,151,-1,-1,-1,200,1552,97,10499280,53088,53088,0
2594288,shapes-mixed,work,backprop,0,0.0100,4,2,0,192,116,110,154,200,1840,115,12447600,53088,53088,0
2594288,shapes-mixed,work,backprop,0,0.0100,5,0,2,192,116,110,154,200,1840,115,12447600,53088,53088,0
2594288,shapes-mixed,work,backprop,0,0.0100,5,1,2,-1,-1,159,-1,200,1920,120,12988800,53088,53088,0
2594288,shapes-mixed,work,backprop,0,0.0100,5,2,2,182,114,185,104,200,2208,138,14937120,53088,53088,0
2594288,shapes-mixed,work,backprop,0,0.0100,6,0,1,182,114,185,104,200,2208,138,14937120,53088,53088,0
2594288,shapes-mixed,work,backprop,0,0.0100,6,1,1,-1,141,-1,-1,200,2288,143,15478320,53088,53088,0
2594288,shapes-mixed,work,backprop,0,0.0100,6,2,1,168,178,157,98,200,2576,161,17426640,53088,53088,0
2594288,shapes-mixed,work,backprop,0,0.0100,7,0,3,168,178,157,98,200,2576,161,17426640,53088,53088,0
2594288,shapes-mixed,work,backprop,0,0.0100,7,1,3,-1,-1,-1,160,200,2656,166,17967840,53088,53088,0
2594288,shapes-mixed,work,backprop,0,0.0100,7,2,3,135,187,121,179,200,2944,184,19916160,53088,53088,0
2594288,shapes-mixed,work,backprop,0,0.0100,8,0,2,135,187,121,179,200,2944,184,19916160,53088,53088,0
2594288,shapes-mixed,work,backprop,0,0.0100,8,1,2,-1,-1,170,-1,200,3024,189,20457360,53088,53088,0
2594288,shapes-mixed,work,backprop,0,0.0100,8,2,2,167,153,194,180,200,3312,207,22405680,53088,53088,0
2594288,shapes-mixed,work,backprop,0,0.0100,9,0,0,167,153,194,180,200,3312,207,22405680,53088,53088,0
2594288,shapes-mixed,work,backprop,0,0.0100,9,1,0,162,-1,-1,-1,200,3392,212,22946880,53088,53088,0
2594288,shapes-mixed,work,backprop,0,0.0100,9,2,0,196,148,169,181,200,3680,230,24895200,53088,53088,0
2594288,shapes-mixed,work,backprop,0,0.0100,10,0,3,196,148,169,181,200,3680,230,24895200,53088,53088,0
2594288,shapes-mixed,work,backprop,0,0.0100,10,1,3,-1,-1,-1,182,200,3760,235,25436400,53088,53088,0
2594288,shapes-mixed,work,backprop,0,0.0100,10,2,3,196,150,166,185,200,4048,253,27384720,53088,53088,0
2594288,shapes-mixed,work,backprop,0,0.0100,11,0,1,196,150,166,185,200,4048,253,27384720,53088,53088,0
2594288,shapes-mixed,work,backprop,0,0.0100,11,1,1,-1,182,-1,-1,200,4128,258,27925920,53088,53088,0
2594288,shapes-mixed,work,backprop,0,0.0100,11,2,1,188,184,189,191,200,4416,276,29874240,53088,53088,0
2594288,shapes-mixed,memory,jayce,24,1.0000,0,0,0,50,50,50,50,200,0,0,0,16,49168,0
2594288,shapes-mixed,memory,jayce,24,1.0000,0,1,0,196,-1,-1,-1,200,256,16,777984,49168,49168,96
2594288,shapes-mixed,memory,jayce,24,1.0000,0,2,0,199,61,83,30,200,1024,64,4482816,49168,49168,96
2594288,shapes-mixed,memory,jayce,24,1.0000,1,0,1,199,61,83,30,200,1024,64,4482816,49168,49168,96
2594288,shapes-mixed,memory,jayce,24,1.0000,1,1,1,-1,151,-1,-1,200,1280,80,5717760,49168,49168,96
2594288,shapes-mixed,memory,jayce,24,1.0000,1,2,1,199,161,72,51,200,2048,128,9422592,49168,49168,96
2594288,shapes-mixed,memory,jayce,24,1.0000,2,0,2,199,161,72,51,200,2048,128,9422592,49168,49168,96
2594288,shapes-mixed,memory,jayce,24,1.0000,2,1,2,-1,-1,171,-1,200,2304,144,10657536,49168,49168,96
2594288,shapes-mixed,memory,jayce,24,1.0000,2,2,2,195,129,174,98,200,3072,192,14362368,49168,49168,96
2594288,shapes-mixed,memory,jayce,24,1.0000,3,0,3,195,129,174,98,200,3072,192,14362368,49168,49168,96
2594288,shapes-mixed,memory,jayce,24,1.0000,3,1,3,-1,-1,-1,164,200,3328,208,15597312,49168,49168,96
2594288,shapes-mixed,memory,jayce,24,1.0000,3,2,3,187,130,173,167,200,4096,256,19302144,49168,49168,96
2594288,shapes-mixed,memory,jayce,24,1.0000,4,0,0,187,130,173,167,200,4096,256,19302144,49168,49168,96
2594288,shapes-mixed,memory,jayce,24,1.0000,4,1,0,189,-1,-1,-1,200,4352,272,20537088,49168,49168,96
2594288,shapes-mixed,memory,jayce,24,1.0000,4,2,0,192,128,174,166,200,5120,320,24241920,49168,49168,96
2594288,shapes-mixed,memory,jayce,24,1.0000,5,0,2,192,128,174,166,200,5120,320,24241920,49168,49168,96
2594288,shapes-mixed,memory,jayce,24,1.0000,5,1,2,-1,-1,171,-1,200,5376,336,25476864,49168,49168,96
2594288,shapes-mixed,memory,jayce,24,1.0000,5,2,2,191,135,177,167,200,6144,384,29181696,49168,49168,96
2594288,shapes-mixed,memory,jayce,24,1.0000,6,0,1,191,135,177,167,200,6144,384,29181696,49168,49168,96
2594288,shapes-mixed,memory,jayce,24,1.0000,6,1,1,-1,153,-1,-1,200,6400,400,30416640,49168,49168,96
2594288,shapes-mixed,memory,jayce,24,1.0000,6,2,1,191,166,157,152,200,7168,448,34121472,49168,49168,96
2594288,shapes-mixed,memory,jayce,24,1.0000,7,0,3,191,166,157,152,200,7168,448,34121472,49168,49168,96
2594288,shapes-mixed,memory,jayce,24,1.0000,7,1,3,-1,-1,-1,165,200,7424,464,35356416,49168,49168,96
2594288,shapes-mixed,memory,jayce,24,1.0000,7,2,3,181,159,160,174,200,8192,512,39061248,49168,49168,96
2594288,shapes-mixed,memory,jayce,24,1.0000,8,0,2,181,159,160,174,200,8192,512,39061248,49168,49168,96
2594288,shapes-mixed,memory,jayce,24,1.0000,8,1,2,-1,-1,159,-1,200,8448,528,40296192,49168,49168,96
2594288,shapes-mixed,memory,jayce,24,1.0000,8,2,2,177,151,175,173,200,9216,576,44001024,49168,49168,96
2594288,shapes-mixed,memory,jayce,24,1.0000,9,0,0,177,151,175,173,200,9216,576,44001024,49168,49168,96
2594288,shapes-mixed,memory,jayce,24,1.0000,9,1,0,179,-1,-1,-1,200,9472,592,45235968,49168,49168,96
2594288,shapes-mixed,memory,jayce,24,1.0000,9,2,0,193,150,169,175,200,10240,640,48940800,49168,49168,96
2594288,shapes-mixed,memory,jayce,24,1.0000,10,0,3,193,150,169,175,200,10240,640,48940800,49168,49168,96
2594288,shapes-mixed,memory,jayce,24,1.0000,10,1,3,-1,-1,-1,179,200,10496,656,50175744,49168,49168,96
2594288,shapes-mixed,memory,jayce,24,1.0000,10,2,3,189,153,169,178,200,11264,704,53880576,49168,49168,96
2594288,shapes-mixed,memory,jayce,24,1.0000,11,0,1,189,153,169,178,200,11264,704,53880576,49168,49168,96
2594288,shapes-mixed,memory,jayce,24,1.0000,11,1,1,-1,176,-1,-1,200,11520,720,55115520,49168,49168,96
2594288,shapes-mixed,memory,jayce,24,1.0000,11,2,1,189,163,168,164,200,12288,768,58820352,49168,49168,96
2594288,shapes-mixed,memory,backprop,0,0.0030,0,0,0,65,34,24,50,200,0,0,0,53088,53088,0
2594288,shapes-mixed,memory,backprop,0,0.0030,0,1,0,142,-1,-1,-1,200,256,16,1731840,53088,53088,0
2594288,shapes-mixed,memory,backprop,0,0.0030,0,2,0,181,51,80,24,200,1024,64,6927360,53088,53088,0
2594288,shapes-mixed,memory,backprop,0,0.0030,1,0,1,181,51,80,24,200,1024,64,6927360,53088,53088,0
2594288,shapes-mixed,memory,backprop,0,0.0030,1,1,1,-1,97,-1,-1,200,1280,80,8659200,53088,53088,0
2594288,shapes-mixed,memory,backprop,0,0.0030,1,2,1,114,178,20,64,200,2048,128,13854720,53088,53088,0
2594288,shapes-mixed,memory,backprop,0,0.0030,2,0,2,114,178,20,64,200,2048,128,13854720,53088,53088,0
2594288,shapes-mixed,memory,backprop,0,0.0030,2,1,2,-1,-1,126,-1,200,2304,144,15586560,53088,53088,0
2594288,shapes-mixed,memory,backprop,0,0.0030,2,2,2,128,149,187,52,200,3072,192,20782080,53088,53088,0
2594288,shapes-mixed,memory,backprop,0,0.0030,3,0,3,128,149,187,52,200,3072,192,20782080,53088,53088,0
2594288,shapes-mixed,memory,backprop,0,0.0030,3,1,3,-1,-1,-1,116,200,3328,208,22513920,53088,53088,0
2594288,shapes-mixed,memory,backprop,0,0.0030,3,2,3,156,165,149,180,200,4096,256,27709440,53088,53088,0
2594288,shapes-mixed,memory,backprop,0,0.0030,4,0,0,156,165,149,180,200,4096,256,27709440,53088,53088,0
2594288,shapes-mixed,memory,backprop,0,0.0030,4,1,0,185,-1,-1,-1,200,4352,272,29441280,53088,53088,0
2594288,shapes-mixed,memory,backprop,0,0.0030,4,2,0,194,169,153,177,200,5120,320,34636800,53088,53088,0
2594288,shapes-mixed,memory,backprop,0,0.0030,5,0,2,194,169,153,177,200,5120,320,34636800,53088,53088,0
2594288,shapes-mixed,memory,backprop,0,0.0030,5,1,2,-1,-1,186,-1,200,5376,336,36368640,53088,53088,0
2594288,shapes-mixed,memory,backprop,0,0.0030,5,2,2,189,159,191,172,200,6144,384,41564160,53088,53088,0
2594288,shapes-mixed,memory,backprop,0,0.0030,6,0,1,189,159,191,172,200,6144,384,41564160,53088,53088,0
2594288,shapes-mixed,memory,backprop,0,0.0030,6,1,1,-1,173,-1,-1,200,6400,400,43296000,53088,53088,0
2594288,shapes-mixed,memory,backprop,0,0.0030,6,2,1,182,195,187,184,200,7168,448,48491520,53088,53088,0
2594288,shapes-mixed,memory,backprop,0,0.0030,7,0,3,182,195,187,184,200,7168,448,48491520,53088,53088,0
2594288,shapes-mixed,memory,backprop,0,0.0030,7,1,3,-1,-1,-1,187,200,7424,464,50223360,53088,53088,0
2594288,shapes-mixed,memory,backprop,0,0.0030,7,2,3,189,187,185,197,200,8192,512,55418880,53088,53088,0
2594288,shapes-mixed,memory,backprop,0,0.0030,8,0,2,189,187,185,197,200,8192,512,55418880,53088,53088,0
2594288,shapes-mixed,memory,backprop,0,0.0030,8,1,2,-1,-1,195,-1,200,8448,528,57150720,53088,53088,0
2594288,shapes-mixed,memory,backprop,0,0.0030,8,2,2,183,176,198,197,200,9216,576,62346240,53088,53088,0
2594288,shapes-mixed,memory,backprop,0,0.0030,9,0,0,183,176,198,197,200,9216,576,62346240,53088,53088,0
2594288,shapes-mixed,memory,backprop,0,0.0030,9,1,0,195,-1,-1,-1,200,9472,592,64078080,53088,53088,0
2594288,shapes-mixed,memory,backprop,0,0.0030,9,2,0,198,177,189,197,200,10240,640,69273600,53088,53088,0
2594288,shapes-mixed,memory,backprop,0,0.0030,10,0,3,198,177,189,197,200,10240,640,69273600,53088,53088,0
2594288,shapes-mixed,memory,backprop,0,0.0030,10,1,3,-1,-1,-1,196,200,10496,656,71005440,53088,53088,0
2594288,shapes-mixed,memory,backprop,0,0.0030,10,2,3,195,172,192,197,200,11264,704,76200960,53088,53088,0
2594288,shapes-mixed,memory,backprop,0,0.0030,11,0,1,195,172,192,197,200,11264,704,76200960,53088,53088,0
2594288,shapes-mixed,memory,backprop,0,0.0030,11,1,1,-1,190,-1,-1,200,11520,720,77932800,53088,53088,0
2594288,shapes-mixed,memory,backprop,0,0.0030,11,2,1,197,199,193,197,200,12288,768,83128320,53088,53088,0
2699017,shapes-mixed,examples,jayce,48,1.0000,0,0,0,50,50,50,50,200,0,0,0,16,98320,0
2699017,shapes-mixed,examples,jayce,48,1.0000,0,1,0,197,-1,-1,-1,200,256,16,617472,98320,98320,192
2699017,shapes-mixed,examples,jayce,48,1.0000,0,2,0,196,59,76,27,200,1024,64,7879680,98320,98320,192
2699017,shapes-mixed,examples,jayce,48,1.0000,1,0,1,196,59,76,27,200,1024,64,7879680,98320,98320,192
2699017,shapes-mixed,examples,jayce,48,1.0000,1,1,1,-1,161,-1,-1,200,1280,80,10300416,98320,98320,192
2699017,shapes-mixed,examples,jayce,48,1.0000,1,2,1,196,156,70,39,200,2048,128,17562624,98320,98320,192
2699017,shapes-mixed,examples,jayce,48,1.0000,2,0,2,196,156,70,39,200,2048,128,17562624,98320,98320,192
2699017,shapes-mixed,examples,jayce,48,1.0000,2,1,2,-1,-1,153,-1,200,2304,144,19983360,98320,98320,192
2699017,shapes-mixed,examples,jayce,48,1.0000,2,2,2,192,140,172,87,200,3072,192,27245568,98320,98320,192
2699017,shapes-mixed,examples,jayce,48,1.0000,3,0,3,192,140,172,87,200,3072,192,27245568,98320,98320,192
2699017,shapes-mixed,examples,jayce,48,1.0000,3,1,3,-1,-1,-1,166,200,3328,208,29666304,98320,98320,192
2699017,shapes-mixed,examples,jayce,48,1.0000,3,2,3,192,128,172,175,200,4096,256,36928512,98320,98320,192
2699017,shapes-mixed,examples,jayce,48,1.0000,4,0,0,192,128,172,175,200,4096,256,36928512,98320,98320,192
2699017,shapes-mixed,examples,jayce,48,1.0000,4,1,0,200,-1,-1,-1,200,4352,272,39349248,98320,98320,192
2699017,shapes-mixed,examples,jayce,48,1.0000,4,2,0,198,131,172,175,200,5120,320,46611456,98320,98320,192
2699017,shapes-mixed,examples,jayce,48,1.0000,5,0,2,198,131,172,175,200,5120,320,46611456,98320,98320,192
2699017,shapes-mixed,examples,jayce,48,1.0000,5,1,2,-1,-1,177,-1,200,5376,336,49032192,98320,98320,192
2699017,shapes-mixed,examples,jayce,48,1.0000,5,2,2,198,131,182,175,200,6144,384,56294400,98320,98320,192
2699017,shapes-mixed,examples,jayce,48,1.0000,6,0,1,198,131,182,175,200,6144,384,56294400,98320,98320,192
2699017,shapes-mixed,examples,jayce,48,1.0000,6,1,1,-1,164,-1,-1,200,6400,400,58715136,98320,98320,192
2699017,shapes-mixed,examples,jayce,48,1.0000,6,2,1,198,168,180,154,200,7168,448,65977344,98320,98320,192
2699017,shapes-mixed,examples,jayce,48,1.0000,7,0,3,198,168,180,154,200,7168,448,65977344,98320,98320,192
2699017,shapes-mixed,examples,jayce,48,1.0000,7,1,3,-1,-1,-1,175,200,7424,464,68398080,98320,98320,192
2699017,shapes-mixed,examples,jayce,48,1.0000,7,2,3,194,166,180,174,200,8192,512,75660288,98320,98320,192
2699017,shapes-mixed,examples,jayce,48,1.0000,8,0,2,194,166,180,174,200,8192,512,75660288,98320,98320,192
2699017,shapes-mixed,examples,jayce,48,1.0000,8,1,2,-1,-1,177,-1,200,8448,528,78081024,98320,98320,192
2699017,shapes-mixed,examples,jayce,48,1.0000,8,2,2,194,155,187,174,200,9216,576,85343232,98320,98320,192
2699017,shapes-mixed,examples,jayce,48,1.0000,9,0,0,194,155,187,174,200,9216,576,85343232,98320,98320,192
2699017,shapes-mixed,examples,jayce,48,1.0000,9,1,0,197,-1,-1,-1,200,9472,592,87763968,98320,98320,192
2699017,shapes-mixed,examples,jayce,48,1.0000,9,2,0,197,154,187,173,200,10240,640,95026176,98320,98320,192
2699017,shapes-mixed,examples,jayce,48,1.0000,10,0,3,197,154,187,173,200,10240,640,95026176,98320,98320,192
2699017,shapes-mixed,examples,jayce,48,1.0000,10,1,3,-1,-1,-1,188,200,10496,656,97446912,98320,98320,192
2699017,shapes-mixed,examples,jayce,48,1.0000,10,2,3,197,154,187,175,200,11264,704,104709120,98320,98320,192
2699017,shapes-mixed,examples,jayce,48,1.0000,11,0,1,197,154,187,175,200,11264,704,104709120,98320,98320,192
2699017,shapes-mixed,examples,jayce,48,1.0000,11,1,1,-1,166,-1,-1,200,11520,720,107129856,98320,98320,192
2699017,shapes-mixed,examples,jayce,48,1.0000,11,2,1,197,179,171,177,200,12288,768,114392064,98320,98320,192
2699017,shapes-mixed,examples,backprop,0,0.0030,0,0,0,48,37,58,37,200,0,0,0,53088,53088,0
2699017,shapes-mixed,examples,backprop,0,0.0030,0,1,0,141,-1,-1,-1,200,256,16,1731840,53088,53088,0
2699017,shapes-mixed,examples,backprop,0,0.0030,0,2,0,182,50,89,35,200,1024,64,6927360,53088,53088,0
2699017,shapes-mixed,examples,backprop,0,0.0030,1,0,1,182,50,89,35,200,1024,64,6927360,53088,53088,0
2699017,shapes-mixed,examples,backprop,0,0.0030,1,1,1,-1,112,-1,-1,200,1280,80,8659200,53088,53088,0
2699017,shapes-mixed,examples,backprop,0,0.0030,1,2,1,105,176,28,54,200,2048,128,13854720,53088,53088,0
2699017,shapes-mixed,examples,backprop,0,0.0030,2,0,2,105,176,28,54,200,2048,128,13854720,53088,53088,0
2699017,shapes-mixed,examples,backprop,0,0.0030,2,1,2,-1,-1,145,-1,200,2304,144,15586560,53088,53088,0
2699017,shapes-mixed,examples,backprop,0,0.0030,2,2,2,116,162,185,55,200,3072,192,20782080,53088,53088,0
2699017,shapes-mixed,examples,backprop,0,0.0030,3,0,3,116,162,185,55,200,3072,192,20782080,53088,53088,0
2699017,shapes-mixed,examples,backprop,0,0.0030,3,1,3,-1,-1,-1,101,200,3328,208,22513920,53088,53088,0
2699017,shapes-mixed,examples,backprop,0,0.0030,3,2,3,135,176,107,171,200,4096,256,27709440,53088,53088,0
2699017,shapes-mixed,examples,backprop,0,0.0030,4,0,0,135,176,107,171,200,4096,256,27709440,53088,53088,0
2699017,shapes-mixed,examples,backprop,0,0.0030,4,1,0,181,-1,-1,-1,200,4352,272,29441280,53088,53088,0
2699017,shapes-mixed,examples,backprop,0,0.0030,4,2,0,192,166,139,149,200,5120,320,34636800,53088,53088,0
2699017,shapes-mixed,examples,backprop,0,0.0030,5,0,2,192,166,139,149,200,5120,320,34636800,53088,53088,0
2699017,shapes-mixed,examples,backprop,0,0.0030,5,1,2,-1,-1,188,-1,200,5376,336,36368640,53088,53088,0
2699017,shapes-mixed,examples,backprop,0,0.0030,5,2,2,178,161,195,131,200,6144,384,41564160,53088,53088,0
2699017,shapes-mixed,examples,backprop,0,0.0030,6,0,1,178,161,195,131,200,6144,384,41564160,53088,53088,0
2699017,shapes-mixed,examples,backprop,0,0.0030,6,1,1,-1,182,-1,-1,200,6400,400,43296000,53088,53088,0
2699017,shapes-mixed,examples,backprop,0,0.0030,6,2,1,181,193,188,165,200,7168,448,48491520,53088,53088,0
2699017,shapes-mixed,examples,backprop,0,0.0030,7,0,3,181,193,188,165,200,7168,448,48491520,53088,53088,0
2699017,shapes-mixed,examples,backprop,0,0.0030,7,1,3,-1,-1,-1,186,200,7424,464,50223360,53088,53088,0
2699017,shapes-mixed,examples,backprop,0,0.0030,7,2,3,191,184,179,195,200,8192,512,55418880,53088,53088,0
2699017,shapes-mixed,examples,backprop,0,0.0030,8,0,2,191,184,179,195,200,8192,512,55418880,53088,53088,0
2699017,shapes-mixed,examples,backprop,0,0.0030,8,1,2,-1,-1,193,-1,200,8448,528,57150720,53088,53088,0
2699017,shapes-mixed,examples,backprop,0,0.0030,8,2,2,181,192,197,196,200,9216,576,62346240,53088,53088,0
2699017,shapes-mixed,examples,backprop,0,0.0030,9,0,0,181,192,197,196,200,9216,576,62346240,53088,53088,0
2699017,shapes-mixed,examples,backprop,0,0.0030,9,1,0,193,-1,-1,-1,200,9472,592,64078080,53088,53088,0
2699017,shapes-mixed,examples,backprop,0,0.0030,9,2,0,195,186,197,189,200,10240,640,69273600,53088,53088,0
2699017,shapes-mixed,examples,backprop,0,0.0030,10,0,3,195,186,197,189,200,10240,640,69273600,53088,53088,0
2699017,shapes-mixed,examples,backprop,0,0.0030,10,1,3,-1,-1,-1,196,200,10496,656,71005440,53088,53088,0
2699017,shapes-mixed,examples,backprop,0,0.0030,10,2,3,197,180,196,195,200,11264,704,76200960,53088,53088,0
2699017,shapes-mixed,examples,backprop,0,0.0030,11,0,1,197,180,196,195,200,11264,704,76200960,53088,53088,0
2699017,shapes-mixed,examples,backprop,0,0.0030,11,1,1,-1,193,-1,-1,200,11520,720,77932800,53088,53088,0
2699017,shapes-mixed,examples,backprop,0,0.0030,11,2,1,193,195,197,196,200,12288,768,83128320,53088,53088,0
2699017,shapes-mixed,work,jayce,48,1.0000,0,0,0,50,50,50,50,200,0,0,0,16,98320,0
2699017,shapes-mixed,work,jayce,48,1.0000,0,1,0,197,-1,-1,-1,200,256,16,617472,98320,98320,192
2699017,shapes-mixed,work,jayce,48,1.0000,0,2,0,197,62,79,18,200,448,28,2433024,98320,98320,192
2699017,shapes-mixed,work,jayce,48,1.0000,1,0,1,197,62,79,18,200,448,28,2433024,98320,98320,192
2699017,shapes-mixed,work,jayce,48,1.0000,1,1,1,-1,132,-1,-1,200,512,32,3038208,98320,98320,192
2699017,shapes-mixed,work,jayce,48,1.0000,1,2,1,197,161,71,20,200,704,44,4853760,98320,98320,192
2699017,shapes-mixed,work,jayce,48,1.0000,2,0,2,197,161,71,20,200,704,44,4853760,98320,98320,192
2699017,shapes-mixed,work,jayce,48,1.0000,2,1,2,-1,-1,146,-1,200,768,48,5458944,98320,98320,192
2699017,shapes-mixed,work,jayce,48,1.0000,2,2,2,197,138,157,71,200,960,60,7274496,98320,98320,192
2699017,shapes-mixed,work,jayce,48,1.0000,3,0,3,197,138,157,71,200,960,60,7274496,98320,98320,192
2699017,shapes-mixed,work,jayce,48,1.0000,3,1,3,-1,-1,-1,128,200,1024,64,7879680,98320,98320,192
2699017,shapes-mixed,work,jayce,48,1.0000,3,2,3,197,119,154,169,200,1216,76,9695232,98320,98320,192
2699017,shapes-mixed,work,jayce,48,1.0000,4,0,0,197,119,154,169,200,1216,76,9695232,98320,98320,192
2699017,shapes-mixed,work,jayce,48,1.0000,4,1,0,197,-1,-1,-1,200,1280,80,10300416,98320,98320,192
2699017,shapes-mixed,work,jayce,48,1.0000,4,2,0,199,120,155,166,200,1472,92,12115968,98320,98320,192
2699017,shapes-mixed,work,jayce,48,1.0000,5,0,2,199,120,155,166,200,1472,92,12115968,98320,98320,192
2699017,shapes-mixed,work,jayce,48,1.0000,5,1,2,-1,-1,162,-1,200,1536,96,12721152,98320,98320,192
2699017,shapes-mixed,work,jayce,48,1.0000,5,2,2,199,117,166,166,200,1728,108,14536704,98320,98320,192
2699017,shapes-mixed,work,jayce,48,1.0000,6,0,1,199,117,166,166,200,1728,108,14536704,98320,98320,192
2699017,shapes-mixed,work,jayce,48,1.0000,6,1,1,-1,148,-1,-1,200,1792,112,15141888,98320,98320,192
2699017,shapes-mixed,work,jayce,48,1.0000,6,2,1,199,159,157,147,200,1984,124,16957440,98320,98320,192
2699017,shapes-mixed,work,jayce,48,1.0000,7,0,3,199,159,157,147,200,1984,124,16957440,98320,98320,192
2699017,shapes-mixed,work,jayce,48,1.0000,7,1,3,-1,-1,-1,156,200,2048,128,17562624,98320,98320,192
2699017,shapes-mixed,work,jayce,48,1.0000,7,2,3,198,159,159,170,200,2240,140,19378176,98320,98320,192
2699017,shapes-mixed,work,jayce,48,1.0000,8,0,2,198,159,159,170,200,2240,140,19378176,98320,98320,192
2699017,shapes-mixed,work,jayce,48,1.0000,8,1,2,-1,-1,164,-1,200,2304,144,19983360,98320,98320,192
2699017,shapes-mixed,work,jayce,48,1.0000,8,2,2,198,150,167,170,200,2496,156,21798912,98320,98320,192
2699017,shapes-mixed,work,jayce,48,1.0000,9,0,0,198,150,167,170,200,2496,156,21798912,98320,98320,192
2699017,shapes-mixed,work,jayce,48,1.0000,9,1,0,200,-1,-1,-1,200,2560,160,22404096,98320,98320,192
2699017,shapes-mixed,work,jayce,48,1.0000,9,2,0,198,151,167,172,200,2752,172,24219648,98320,98320,192
2699017,shapes-mixed,work,jayce,48,1.0000,10,0,3,198,151,167,172,200,2752,172,24219648,98320,98320,192
2699017,shapes-mixed,work,jayce,48,1.0000,10,1,3,-1,-1,-1,174,200,2816,176,24824832,98320,98320,192
2699017,shapes-mixed,work,jayce,48,1.0000,10,2,3,198,152,167,182,200,3008,188,26640384,98320,98320,192
2699017,shapes-mixed,work,jayce,48,1.0000,11,0,1,198,152,167,182,200,3008,188,26640384,98320,98320,192
2699017,shapes-mixed,work,jayce,48,1.0000,11,1,1,-1,164,-1,-1,200,3072,192,27245568,98320,98320,192
2699017,shapes-mixed,work,jayce,48,1.0000,11,2,1,198,163,159,174,200,3264,204,29061120,98320,98320,192
2699017,shapes-mixed,work,backprop,0,0.0100,0,0,0,48,37,58,37,200,0,0,0,53088,53088,0
2699017,shapes-mixed,work,backprop,0,0.0100,0,1,0,130,-1,-1,-1,200,80,5,541200,53088,53088,0
2699017,shapes-mixed,work,backprop,0,0.0100,0,2,0,188,50,94,33,200,368,23,2489520,53088,53088,0
2699017,shapes-mixed,work,backprop,0,0.0100,1,0,1,188,50,94,33,200,368,23,2489520,53088,53088,0
2699017,shapes-mixed,work,backprop,0,0.0100,1,1,1,-1,58,-1,-1,200,448,28,3030720,53088,53088,0
2699017,shapes-mixed,work,backprop,0,0.0100,1,2,1,85,149,26,65,200,736,46,4979040,53088,53088,0
2699017,shapes-mixed,work,backprop,0,0.0100,2,0,2,85,149,26,65,200,736,46,4979040,53088,53088,0
2699017,shapes-mixed,work,backprop,0,0.0100,2,1,2,-1,-1,51,-1,200,816,51,5520240,53088,53088,0
2699017,shapes-mixed,work,backprop,0,0.0100,2,2,2,95,149,171,58,200,1104,69,7468560,53088,53088,0
2699017,shapes-mixed,work,backprop,0,0.0100,3,0,3,95,149,171,58,200,1104,69,7468560,53088,53088,0
2699017,shapes-mixed,work,backprop,0,0.0100,3,1,3,-1,-1,-1,67,200,1184,74,8009760,53088,53088,0
2699017,shapes-mixed,work,backprop,0,0.0100,3,2,3,105,137,130,157,200,1472,92,9958080,53088,53088,0
2699017,shapes-mixed,work,backprop,0,0.0100,4,0,0,105,137,130,157,200,1472,92,9958080,53088,53088,0
2699017,shapes-mixed,work,backprop,0,0.0100,4,1,0,129,-1,-1,-1,200,1552,97,10499280,53088,53088,0
2699017,shapes-mixed,work,backprop,0,0.0100,4,2,0,190,137,121,134,200,1840,115,12447600,53088,53088,0
2699017,shapes-mixed,work,backprop,0,0.0100,5,0,2,190,137,121,134,200,1840,115,12447600,53088,53088,0
2699017,shapes-mixed,work,backprop,0,0.0100,5,1,2,-1,-1,169,-1,200,1920,120,12988800,53088,53088,0
2699017,shapes-mixed,work,backprop,0,0.0100,5,2,2,163,115,186,108,200,2208,138,14937120,53088,53088,0
2699017,shapes-mixed,work,backprop,0,0.0100,6,0,1,163,115,186,108,200,2208,138,14937120,53088,53088,0
2699017,shapes-mixed,work,backprop,0,0.0100,6,1,1,-1,145,-1,-1,200,2288,143,15478320,53088,53088,0
2699017,shapes-mixed,work,backprop,0,0.0100,6,2,1,188,180,190,136,200,2576,161,17426640,53088,53088,0
2699017,shapes-mixed,work,backprop,0,0.0100,7,0,3,188,180,190,136,200,2576,161,17426640,53088,53088,0
2699017,shapes-mixed,work,backprop,0,0.0100,7,1,3,-1,-1,-1,160,200,2656,166,17967840,53088,53088,0
2699017,shapes-mixed,work,backprop,0,0.0100,7,2,3,190,174,176,187,200,2944,184,19916160,53088,53088,0
2699017,shapes-mixed,work,backprop,0,0.0100,8,0,2,190,174,176,187,200,2944,184,19916160,53088,53088,0
2699017,shapes-mixed,work,backprop,0,0.0100,8,1,2,-1,-1,179,-1,200,3024,189,20457360,53088,53088,0
2699017,shapes-mixed,work,backprop,0,0.0100,8,2,2,187,178,196,175,200,3312,207,22405680,53088,53088,0
2699017,shapes-mixed,work,backprop,0,0.0100,9,0,0,187,178,196,175,200,3312,207,22405680,53088,53088,0
2699017,shapes-mixed,work,backprop,0,0.0100,9,1,0,183,-1,-1,-1,200,3392,212,22946880,53088,53088,0
2699017,shapes-mixed,work,backprop,0,0.0100,9,2,0,192,179,189,173,200,3680,230,24895200,53088,53088,0
2699017,shapes-mixed,work,backprop,0,0.0100,10,0,3,192,179,189,173,200,3680,230,24895200,53088,53088,0
2699017,shapes-mixed,work,backprop,0,0.0100,10,1,3,-1,-1,-1,178,200,3760,235,25436400,53088,53088,0
2699017,shapes-mixed,work,backprop,0,0.0100,10,2,3,191,174,188,194,200,4048,253,27384720,53088,53088,0
2699017,shapes-mixed,work,backprop,0,0.0100,11,0,1,191,174,188,194,200,4048,253,27384720,53088,53088,0
2699017,shapes-mixed,work,backprop,0,0.0100,11,1,1,-1,192,-1,-1,200,4128,258,27925920,53088,53088,0
2699017,shapes-mixed,work,backprop,0,0.0100,11,2,1,188,194,189,182,200,4416,276,29874240,53088,53088,0
2699017,shapes-mixed,memory,jayce,24,1.0000,0,0,0,50,50,50,50,200,0,0,0,16,49168,0
2699017,shapes-mixed,memory,jayce,24,1.0000,0,1,0,196,-1,-1,-1,200,256,16,777984,49168,49168,96
2699017,shapes-mixed,memory,jayce,24,1.0000,0,2,0,190,59,81,34,200,1024,64,4482816,49168,49168,96
2699017,shapes-mixed,memory,jayce,24,1.0000,1,0,1,190,59,81,34,200,1024,64,4482816,49168,49168,96
2699017,shapes-mixed,memory,jayce,24,1.0000,1,1,1,-1,161,-1,-1,200,1280,80,5717760,49168,49168,96
2699017,shapes-mixed,memory,jayce,24,1.0000,1,2,1,188,159,73,48,200,2048,128,9422592,49168,49168,96
2699017,shapes-mixed,memory,jayce,24,1.0000,2,0,2,188,159,73,48,200,2048,128,9422592,49168,49168,96
2699017,shapes-mixed,memory,jayce,24,1.0000,2,1,2,-1,-1,148,-1,200,2304,144,10657536,49168,49168,96
2699017,shapes-mixed,memory,jayce,24,1.0000,2,2,2,187,140,172,93,200,3072,192,14362368,49168,49168,96
2699017,shapes-mixed,memory,jayce,24,1.0000,3,0,3,187,140,172,93,200,3072,192,14362368,49168,49168,96
2699017,shapes-mixed,memory,jayce,24,1.0000,3,1,3,-1,-1,-1,166,200,3328,208,15597312,49168,49168,96
2699017,shapes-mixed,memory,jayce,24,1.0000,3,2,3,164,140,166,174,200,4096,256,19302144,49168,49168,96
2699017,shapes-mixed,memory,jayce,24,1.0000,4,0,0,164,140,166,174,200,4096,256,19302144,49168,49168,96
2699017,shapes-mixed,memory,jayce,24,1.0000,4,1,0,194,-1,-1,-1,200,4352,272,20537088,49168,49168,96
2699017,shapes-mixed,memory,jayce,24,1.0000,4,2,0,195,135,171,171,200,5120,320,24241920,49168,49168,96
2699017,shapes-mixed,memory,jayce,24,1.0000,5,0,2,195,135,171,171,200,5120,320,24241920,49168,49168,96
2699017,shapes-mixed,memory,jayce,24,1.0000,5,1,2,-1,-1,179,-1,200,5376,336,25476864,49168,49168,96
2699017,shapes-mixed,memory,jayce,24,1.0000,5,2,2,194,135,177,171,200,6144,384,29181696,49168,49168,96
2699017,shapes-mixed,memory,jayce,24,1.0000,6,0,1,194,135,177,171,200,6144,384,29181696,49168,49168,96
2699017,shapes-mixed,memory,jayce,24,1.0000,6,1,1,-1,163,-1,-1,200,6400,400,30416640,49168,49168,96
2699017,shapes-mixed,memory,jayce,24,1.0000,6,2,1,194,168,169,152,200,7168,448,34121472,49168,49168,96
2699017,shapes-mixed,memory,jayce,24,1.0000,7,0,3,194,168,169,152,200,7168,448,34121472,49168,49168,96
2699017,shapes-mixed,memory,jayce,24,1.0000,7,1,3,-1,-1,-1,173,200,7424,464,35356416,49168,49168,96
2699017,shapes-mixed,memory,jayce,24,1.0000,7,2,3,182,164,169,173,200,8192,512,39061248,49168,49168,96
2699017,shapes-mixed,memory,jayce,24,1.0000,8,0,2,182,164,169,173,200,8192,512,39061248,49168,49168,96
2699017,shapes-mixed,memory,jayce,24,1.0000,8,1,2,-1,-1,161,-1,200,8448,528,40296192,49168,49168,96
2699017,shapes-mixed,memory,jayce,24,1.0000,8,2,2,183,155,185,173,200,9216,576,44001024,49168,49168,96
2699017,shapes-mixed,memory,jayce,24,1.0000,9,0,0,183,155,185,173,200,9216,576,44001024,49168,49168,96
2699017,shapes-mixed,memory,jayce,24,1.0000,9,1,0,190,-1,-1,-1,200,9472,592,45235968,49168,49168,96
2699017,shapes-mixed,memory,jayce,24,1.0000,9,2,0,180,156,185,172,200,10240,640,48940800,49168,49168,96
2699017,shapes-mixed,memory,jayce,24,1.0000,10,0,3,180,156,185,172,200,10240,640,48940800,49168,49168,96
2699017,shapes-mixed,memory,jayce,24,1.0000,10,1,3,-1,-1,-1,186,200,10496,656,50175744,49168,49168,96
2699017,shapes-mixed,memory,jayce,24,1.0000,10,2,3,180,155,185,169,200,11264,704,53880576,49168,49168,96
2699017,shapes-mixed,memory,jayce,24,1.0000,11,0,1,180,155,185,169,200,11264,704,53880576,49168,49168,96
2699017,shapes-mixed,memory,jayce,24,1.0000,11,1,1,-1,163,-1,-1,200,11520,720,55115520,49168,49168,96
2699017,shapes-mixed,memory,jayce,24,1.0000,11,2,1,180,169,167,169,200,12288,768,58820352,49168,49168,96
2699017,shapes-mixed,memory,backprop,0,0.0030,0,0,0,48,37,58,37,200,0,0,0,53088,53088,0
2699017,shapes-mixed,memory,backprop,0,0.0030,0,1,0,141,-1,-1,-1,200,256,16,1731840,53088,53088,0
2699017,shapes-mixed,memory,backprop,0,0.0030,0,2,0,182,50,89,35,200,1024,64,6927360,53088,53088,0
2699017,shapes-mixed,memory,backprop,0,0.0030,1,0,1,182,50,89,35,200,1024,64,6927360,53088,53088,0
2699017,shapes-mixed,memory,backprop,0,0.0030,1,1,1,-1,112,-1,-1,200,1280,80,8659200,53088,53088,0
2699017,shapes-mixed,memory,backprop,0,0.0030,1,2,1,105,176,28,54,200,2048,128,13854720,53088,53088,0
2699017,shapes-mixed,memory,backprop,0,0.0030,2,0,2,105,176,28,54,200,2048,128,13854720,53088,53088,0
2699017,shapes-mixed,memory,backprop,0,0.0030,2,1,2,-1,-1,145,-1,200,2304,144,15586560,53088,53088,0
2699017,shapes-mixed,memory,backprop,0,0.0030,2,2,2,116,162,185,55,200,3072,192,20782080,53088,53088,0
2699017,shapes-mixed,memory,backprop,0,0.0030,3,0,3,116,162,185,55,200,3072,192,20782080,53088,53088,0
2699017,shapes-mixed,memory,backprop,0,0.0030,3,1,3,-1,-1,-1,101,200,3328,208,22513920,53088,53088,0
2699017,shapes-mixed,memory,backprop,0,0.0030,3,2,3,135,176,107,171,200,4096,256,27709440,53088,53088,0
2699017,shapes-mixed,memory,backprop,0,0.0030,4,0,0,135,176,107,171,200,4096,256,27709440,53088,53088,0
2699017,shapes-mixed,memory,backprop,0,0.0030,4,1,0,181,-1,-1,-1,200,4352,272,29441280,53088,53088,0
2699017,shapes-mixed,memory,backprop,0,0.0030,4,2,0,192,166,139,149,200,5120,320,34636800,53088,53088,0
2699017,shapes-mixed,memory,backprop,0,0.0030,5,0,2,192,166,139,149,200,5120,320,34636800,53088,53088,0
2699017,shapes-mixed,memory,backprop,0,0.0030,5,1,2,-1,-1,188,-1,200,5376,336,36368640,53088,53088,0
2699017,shapes-mixed,memory,backprop,0,0.0030,5,2,2,178,161,195,131,200,6144,384,41564160,53088,53088,0
2699017,shapes-mixed,memory,backprop,0,0.0030,6,0,1,178,161,195,131,200,6144,384,41564160,53088,53088,0
2699017,shapes-mixed,memory,backprop,0,0.0030,6,1,1,-1,182,-1,-1,200,6400,400,43296000,53088,53088,0
2699017,shapes-mixed,memory,backprop,0,0.0030,6,2,1,181,193,188,165,200,7168,448,48491520,53088,53088,0
2699017,shapes-mixed,memory,backprop,0,0.0030,7,0,3,181,193,188,165,200,7168,448,48491520,53088,53088,0
2699017,shapes-mixed,memory,backprop,0,0.0030,7,1,3,-1,-1,-1,186,200,7424,464,50223360,53088,53088,0
2699017,shapes-mixed,memory,backprop,0,0.0030,7,2,3,191,184,179,195,200,8192,512,55418880,53088,53088,0
2699017,shapes-mixed,memory,backprop,0,0.0030,8,0,2,191,184,179,195,200,8192,512,55418880,53088,53088,0
2699017,shapes-mixed,memory,backprop,0,0.0030,8,1,2,-1,-1,193,-1,200,8448,528,57150720,53088,53088,0
2699017,shapes-mixed,memory,backprop,0,0.0030,8,2,2,181,192,197,196,200,9216,576,62346240,53088,53088,0
2699017,shapes-mixed,memory,backprop,0,0.0030,9,0,0,181,192,197,196,200,9216,576,62346240,53088,53088,0
2699017,shapes-mixed,memory,backprop,0,0.0030,9,1,0,193,-1,-1,-1,200,9472,592,64078080,53088,53088,0
2699017,shapes-mixed,memory,backprop,0,0.0030,9,2,0,195,186,197,189,200,10240,640,69273600,53088,53088,0
2699017,shapes-mixed,memory,backprop,0,0.0030,10,0,3,195,186,197,189,200,10240,640,69273600,53088,53088,0
2699017,shapes-mixed,memory,backprop,0,0.0030,10,1,3,-1,-1,-1,196,200,10496,656,71005440,53088,53088,0
2699017,shapes-mixed,memory,backprop,0,0.0030,10,2,3,197,180,196,195,200,11264,704,76200960,53088,53088,0
2699017,shapes-mixed,memory,backprop,0,0.0030,11,0,1,197,180,196,195,200,11264,704,76200960,53088,53088,0
2699017,shapes-mixed,memory,backprop,0,0.0030,11,1,1,-1,193,-1,-1,200,11520,720,77932800,53088,53088,0
2699017,shapes-mixed,memory,backprop,0,0.0030,11,2,1,193,195,197,196,200,12288,768,83128320,53088,53088,0
2803746,shapes-mixed,examples,jayce,48,1.0000,0,0,0,50,50,50,50,200,0,0,0,16,98320,0
2803746,shapes-mixed,examples,jayce,48,1.0000,0,1,0,199,-1,-1,-1,200,256,16,617472,98320,98320,192
2803746,shapes-mixed,examples,jayce,48,1.0000,0,2,0,198,57,68,31,200,1024,64,7879680,98320,98320,192
2803746,shapes-mixed,examples,jayce,48,1.0000,1,0,1,198,57,68,31,200,1024,64,7879680,98320,98320,192
2803746,shapes-mixed,examples,jayce,48,1.0000,1,1,1,-1,157,-1,-1,200,1280,80,10300416,98320,98320,192
2803746,shapes-mixed,examples,jayce,48,1.0000,1,2,1,197,147,64,53,200,2048,128,17562624,98320,98320,192
2803746,shapes-mixed,examples,jayce,48,1.0000,2,0,2,197,147,64,53,200,2048,128,17562624,98320,98320,192
2803746,shapes-mixed,examples,jayce,48,1.0000,2,1,2,-1,-1,164,-1,200,2304,144,19983360,98320,98320,192
2803746,shapes-mixed,examples,jayce,48,1.0000,2,2,2,197,149,180,98,200,3072,192,27245568,98320,98320,192
2803746,shapes-mixed,examples,jayce,48,1.0000,3,0,3,197,149,180,98,200,3072,192,27245568,98320,98320,192
2803746,shapes-mixed,examples,jayce,48,1.0000,3,1,3,-1,-1,-1,165,200,3328,208,29666304,98320,98320,192
2803746,shapes-mixed,examples,jayce,48,1.0000,3,2,3,197,145,179,165,200,4096,256,36928512,98320,98320,192
2803746,shapes-mixed,examples,jayce,48,1.0000,4,0,0,197,145,179,165,200,4096,256,36928512,98320,98320,192
2803746,shapes-mixed,examples,jayce,48,1.0000,4,1,0,198,-1,-1,-1,200,4352,272,39349248,98320,98320,192
2803746,shapes-mixed,examples,jayce,48,1.0000,4,2,0,198,144,177,165,200,5120,320,46611456,98320,98320,192
2803746,shapes-mixed,examples,jayce,48,1.0000,5,0,2,198,144,177,165,200,5120,320,46611456,98320,98320,192
2803746,shapes-mixed,examples,jayce,48,1.0000,5,1,2,-1,-1,187,-1,200,5376,336,49032192,98320,98320,192
2803746,shapes-mixed,examples,jayce,48,1.0000,5,2,2,198,145,182,166,200,6144,384,56294400,98320,98320,192
2803746,shapes-mixed,examples,jayce,48,1.0000,6,0,1,198,145,182,166,200,6144,384,56294400,98320,98320,192
2803746,shapes-mixed,examples,jayce,48,1.0000,6,1,1,-1,163,-1,-1,200,6400,400,58715136,98320,98320,192
2803746,shapes-mixed,examples,jayce,48,1.0000,6,2,1,198,175,169,151,200,7168,448,65977344,98320,98320,192
2803746,shapes-mixed,examples,jayce,48,1.0000,7,0,3,198,175,169,151,200,7168,448,65977344,98320,98320,192
2803746,shapes-mixed,examples,jayce,48,1.0000,7,1,3,-1,-1,-1,172,200,7424,464,68398080,98320,98320,192
2803746,shapes-mixed,examples,jayce,48,1.0000,7,2,3,193,173,169,180,200,8192,512,75660288,98320,98320,192
2803746,shapes-mixed,examples,jayce,48,1.0000,8,0,2,193,173,169,180,200,8192,512,75660288,98320,98320,192
2803746,shapes-mixed,examples,jayce,48,1.0000,8,1,2,-1,-1,184,-1,200,8448,528,78081024,98320,98320,192
2803746,shapes-mixed,examples,jayce,48,1.0000,8,2,2,193,166,180,180,200,9216,576,85343232,98320,98320,192
2803746,shapes-mixed,examples,jayce,48,1.0000,9,0,0,193,166,180,180,200,9216,576,85343232,98320,98320,192
2803746,shapes-mixed,examples,jayce,48,1.0000,9,1,0,195,-1,-1,-1,200,9472,592,87763968,98320,98320,192
2803746,shapes-mixed,examples,jayce,48,1.0000,9,2,0,196,168,180,180,200,10240,640,95026176,98320,98320,192
2803746,shapes-mixed,examples,jayce,48,1.0000,10,0,3,196,168,180,180,200,10240,640,95026176,98320,98320,192
2803746,shapes-mixed,examples,jayce,48,1.0000,10,1,3,-1,-1,-1,182,200,10496,656,97446912,98320,98320,192
2803746,shapes-mixed,examples,jayce,48,1.0000,10,2,3,196,167,180,181,200,11264,704,104709120,98320,98320,192
2803746,shapes-mixed,examples,jayce,48,1.0000,11,0,1,196,167,180,181,200,11264,704,104709120,98320,98320,192
2803746,shapes-mixed,examples,jayce,48,1.0000,11,1,1,-1,165,-1,-1,200,11520,720,107129856,98320,98320,192
2803746,shapes-mixed,examples,jayce,48,1.0000,11,2,1,196,178,162,177,200,12288,768,114392064,98320,98320,192
2803746,shapes-mixed,examples,backprop,0,0.0030,0,0,0,45,50,22,46,200,0,0,0,53088,53088,0
2803746,shapes-mixed,examples,backprop,0,0.0030,0,1,0,131,-1,-1,-1,200,256,16,1731840,53088,53088,0
2803746,shapes-mixed,examples,backprop,0,0.0030,0,2,0,185,50,81,49,200,1024,64,6927360,53088,53088,0
2803746,shapes-mixed,examples,backprop,0,0.0030,1,0,1,185,50,81,49,200,1024,64,6927360,53088,53088,0
2803746,shapes-mixed,examples,backprop,0,0.0030,1,1,1,-1,91,-1,-1,200,1280,80,8659200,53088,53088,0
2803746,shapes-mixed,examples,backprop,0,0.0030,1,2,1,94,186,34,63,200,2048,128,13854720,53088,53088,0
2803746,shapes-mixed,examples,backprop,0,0.0030,2,0,2,94,186,34,63,200,2048,128,13854720,53088,53088,0
2803746,shapes-mixed,examples,backprop,0,0.0030,2,1,2,-1,-1,135,-1,200,2304,144,15586560,53088,53088,0
2803746,shapes-mixed,examples,backprop,0,0.0030,2,2,2,123,144,190,50,200,3072,192,20782080,53088,53088,0
2803746,shapes-mixed,examples,backprop,0,0.0030,3,0,3,123,144,190,50,200,3072,192,20782080,53088,53088,0
2803746,shapes-mixed,examples,backprop,0,0.0030,3,1,3,-1,-1,-1,125,200,3328,208,22513920,53088,53088,0
2803746,shapes-mixed,examples,backprop,0,0.0030,3,2,3,136,167,108,194,200,4096,256,27709440,53088,53088,0
2803746,shapes-mixed,examples,backprop,0,0.0030,4,0,0,136,167,108,194,200,4096,256,27709440,53088,53088,0
2803746,shapes-mixed,examples,backprop,0,0.0030,4,1,0,185,-1,-1,-1,200,4352,272,29441280,53088,53088,0
2803746,shapes-mixed,examples,backprop,0,0.0030,4,2,0,195,145,127,187,200,5120,320,34636800,53088,53088,0
2803746,shapes-mixed,examples,backprop,0,0.0030,5,0,2,195,145,127,187,200,5120,320,34636800,53088,53088,0
2803746,shapes-mixed,examples,backprop,0,0.0030,5,1,2,-1,-1,185,-1,200,5376,336,36368640,53088,53088,0
2803746,shapes-mixed,examples,backprop,0,0.0030,5,2,2,185,140,195,167,200,6144,384,41564160,53088,53088,0
2803746,shapes-mixed,examples,backprop,0,0.0030,6,0,1,185,140,195,167,200,6144,384,41564160,53088,53088,0
2803746,shapes-mixed,examples,backprop,0,0.0030,6,1,1,-1,178,-1,-1,200,6400,400,43296000,53088,53088,0
2803746,shapes-mixed,examples,backprop,0,0.0030,6,2,1,188,191,195,188,200,7168,448,48491520,53088,53088,0
2803746,shapes-mixed,examples,backprop,0,0.0030,7,0,3,188,191,195,188,200,7168,448,48491520,53088,53088,0
2803746,shapes-mixed,examples,backprop,0,0.0030,7,1,3,-1,-1,-1,195,200,7424,464,50223360,53088,53088,0
2803746,shapes-mixed,examples,backprop,0,0.0030,7,2,3,188,192,189,195,200,8192,512,55418880,53088,53088,0
2803746,shapes-mixed,examples,backprop,0,0.0030,8,0,2,188,192,189,195,200,8192,512,55418880,53088,53088,0
2803746,shapes-mixed,examples,backprop,0,0.0030,8,1,2,-1,-1,195,-1,200,8448,528,57150720,53088,53088,0
2803746,shapes-mixed,examples,backprop,0,0.0030,8,2,2,191,189,196,195,200,9216,576,62346240,53088,53088,0
2803746,shapes-mixed,examples,backprop,0,0.0030,9,0,0,191,189,196,195,200,9216,576,62346240,53088,53088,0
2803746,shapes-mixed,examples,backprop,0,0.0030,9,1,0,190,-1,-1,-1,200,9472,592,64078080,53088,53088,0
2803746,shapes-mixed,examples,backprop,0,0.0030,9,2,0,195,187,197,192,200,10240,640,69273600,53088,53088,0
2803746,shapes-mixed,examples,backprop,0,0.0030,10,0,3,195,187,197,192,200,10240,640,69273600,53088,53088,0
2803746,shapes-mixed,examples,backprop,0,0.0030,10,1,3,-1,-1,-1,197,200,10496,656,71005440,53088,53088,0
2803746,shapes-mixed,examples,backprop,0,0.0030,10,2,3,192,191,196,193,200,11264,704,76200960,53088,53088,0
2803746,shapes-mixed,examples,backprop,0,0.0030,11,0,1,192,191,196,193,200,11264,704,76200960,53088,53088,0
2803746,shapes-mixed,examples,backprop,0,0.0030,11,1,1,-1,191,-1,-1,200,11520,720,77932800,53088,53088,0
2803746,shapes-mixed,examples,backprop,0,0.0030,11,2,1,191,194,196,195,200,12288,768,83128320,53088,53088,0
2803746,shapes-mixed,work,jayce,48,1.0000,0,0,0,50,50,50,50,200,0,0,0,16,98320,0
2803746,shapes-mixed,work,jayce,48,1.0000,0,1,0,199,-1,-1,-1,200,256,16,617472,98320,98320,192
2803746,shapes-mixed,work,jayce,48,1.0000,0,2,0,197,61,66,41,200,448,28,2433024,98320,98320,192
2803746,shapes-mixed,work,jayce,48,1.0000,1,0,1,197,61,66,41,200,448,28,2433024,98320,98320,192
2803746,shapes-mixed,work,jayce,48,1.0000,1,1,1,-1,154,-1,-1,200,512,32,3038208,98320,98320,192
2803746,shapes-mixed,work,jayce,48,1.0000,1,2,1,197,161,67,47,200,704,44,4853760,98320,98320,192
2803746,shapes-mixed,work,jayce,48,1.0000,2,0,2,197,161,67,47,200,704,44,4853760,98320,98320,192
2803746,shapes-mixed,work,jayce,48,1.0000,2,1,2,-1,-1,165,-1,200,768,48,5458944,98320,98320,192
2803746,shapes-mixed,work,jayce,48,1.0000,2,2,2,197,149,165,96,200,960,60,7274496,98320,98320,192
2803746,shapes-mixed,work,jayce,48,1.0000,3,0,3,197,149,165,96,200,960,60,7274496,98320,98320,192
2803746,shapes-mixed,work,jayce,48,1.0000,3,1,3,-1,-1,-1,153,200,1024,64,7879680,98320,98320,192
2803746,shapes-mixed,work,jayce,48,1.0000,3,2,3,194,129,163,168,200,1216,76,9695232,98320,98320,192
2803746,shapes-mixed,work,jayce,48,1.0000,4,0,0,194,129,163,168,200,1216,76,9695232,98320,98320,192
2803746,shapes-mixed,work,jayce,48,1.0000,4,1,0,196,-1,-1,-1,200,1280,80,10300416,98320,98320,192
2803746,shapes-mixed,work,jayce,48,1.0000,4,2,0,197,133,164,168,200,1472,92,12115968,98320,98320,192
2803746,shapes-mixed,work,jayce,48,1.0000,5,0,2,197,133,164,168,200,1472,92,12115968,98320,98320,192
2803746,shapes-mixed,work,jayce,48,1.0000,5,1,2,-1,-1,165,-1,200,1536,96,12721152,98320,98320,192
2803746,shapes-mixed,work,jayce,48,1.0000,5,2,2,197,135,175,168,200,1728,108,14536704,98320,98320,192
2803746,shapes-mixed,work,jayce,48,1.0000,6,0,1,197,135,175,168,200,1728,108,14536704,98320,98320,192
2803746,shapes-mixed,work,jayce,48,1.0000,6,1,1,-1,164,-1,-1,200,1792,112,15141888,98320,98320,192
2803746,shapes-mixed,work,jayce,48,1.0000,6,2,1,197,153,164,165,200,1984,124,16957440,98320,98320,192
2803746,shapes-mixed,work,jayce,48,1.0000,7,0,3,197,153,164,165,200,1984,124,16957440,98320,98320,192
2803746,shapes-mixed,work,jayce,48,1.0000,7,1,3,-1,-1,-1,161,200,2048,128,17562624,98320,98320,192
2803746,shapes-mixed,work,jayce,48,1.0000,7,2,3,194,152,165,172,200,2240,140,19378176,98320,98320,192
2803746,shapes-mixed,work,jayce,48,1.0000,8,0,2,194,152,165,172,200,2240,140,19378176,98320,98320,192
2803746,shapes-mixed,work,jayce,48,1.0000,8,1,2,-1,-1,170,-1,200,2304,144,19983360,98320,98320,192
2803746,shapes-mixed,work,jayce,48,1.0000,8,2,2,194,143,173,172,200,2496,156,21798912,98320,98320,192
2803746,shapes-mixed,work,jayce,48,1.0000,9,0,0,194,143,173,172,200,2496,156,21798912,98320,98320,192
2803746,shapes-mixed,work,jayce,48,1.0000,9,1,0,190,-1,-1,-1,200,2560,160,22404096,98320,98320,192
2803746,shapes-mixed,work,jayce,48,1.0000,9,2,0,199,141,173,168,200,2752,172,24219648,98320,98320,192
2803746,shapes-mixed,work,jayce,48,1.0000,10,0,3,199,141,173,168,200,2752,172,24219648,98320,98320,192
2803746,shapes-mixed,work,jayce,48,1.0000,10,1,3,-1,-1,-1,165,200,2816,176,24824832,98320,98320,192
2803746,shapes-mixed,work,jayce,48,1.0000,10,2,3,199,140,172,178,200,3008,188,26640384,98320,98320,192
2803746,shapes-mixed,work,jayce,48,1.0000,11,0,1,199,140,172,178,200,3008,188,26640384,98320,98320,192
2803746,shapes-mixed,work,jayce,48,1.0000,11,1,1,-1,161,-1,-1,200,3072,192,27245568,98320,98320,192
2803746,shapes-mixed,work,jayce,48,1.0000,11,2,1,199,159,171,173,200,3264,204,29061120,98320,98320,192
2803746,shapes-mixed,work,backprop,0,0.0100,0,0,0,45,50,22,46,200,0,0,0,53088,53088,0
2803746,shapes-mixed,work,backprop,0,0.0100,0,1,0,131,-1,-1,-1,200,80,5,541200,53088,53088,0
2803746,shapes-mixed,work,backprop,0,0.0100,0,2,0,181,50,82,44,200,368,23,2489520,53088,53088,0
2803746,shapes-mixed,work,backprop,0,0.0100,1,0,1,181,50,82,44,200,368,23,2489520,53088,53088,0
2803746,shapes-mixed,work,backprop,0,0.0100,1,1,1,-1,50,-1,-1,200,448,28,3030720,53088,53088,0
2803746,shapes-mixed,work,backprop,0,0.0100,1,2,1,122,156,52,68,200,736,46,4979040,53088,53088,0
2803746,shapes-mixed,work,backprop,0,0.0100,2,0,2,122,156,52,68,200,736,46,4979040,53088,53088,0
2803746,shapes-mixed,work,backprop,0,0.0100,2,1,2,-1,-1,75,-1,200,816,51,5520240,53088,53088,0
2803746,shapes-mixed,work,backprop,0,0.0100,2,2,2,98,132,171,50,200,1104,69,7468560,53088,53088,0
2803746,shapes-mixed,work,backprop,0,0.0100,3,0,3,98,132,171,50,200,1104,69,7468560,53088,53088,0
2803746,shapes-mixed,work,backprop,0,0.0100,3,1,3,-1,-1,-1,82,200,1184,74,8009760,53088,53088,0
2803746,shapes-mixed,work,backprop,0,0.0100,3,2,3,113,151,122,177,200,1472,92,9958080,53088,53088,0
2803746,shapes-mixed,work,backprop,0,0.0100,4,0,0,113,151,122,177,200,1472,92,9958080,53088,53088,0
2803746,shapes-mixed,work,backprop,0,0.0100,4,1,0,144,-1,-1,-1,200,1552,97,10499280,53088,53088,0
2803746,shapes-mixed,work,backprop,0,0.0100,4,2,0,181,142,113,165,200,1840,115,12447600,53088,53088,0
2803746,shapes-mixed,work,backprop,0,0.0100,5,0,2,181,142,113,165,200,1840,115,12447600,53088,53088,0
2803746,shapes-mixed,work,backprop,0,0.0100,5,1,2,-1,-1,163,-1,200,1920,120,12988800,53088,53088,0
2803746,shapes-mixed,work,backprop,0,0.0100,5,2,2,168,107,179,131,200,2208,138,14937120,53088,53088,0
2803746,shapes-mixed,work,backprop,0,0.0100,6,0,1,168,107,179,131,200,2208,138,14937120,53088,53088,0
2803746,shapes-mixed,work,backprop,0,0.0100,6,1,1,-1,139,-1,-1,200,2288,143,15478320,53088,53088,0
2803746,shapes-mixed,work,backprop,0,0.0100,6,2,1,181,184,178,155,200,2576,161,17426640,53088,53088,0
2803746,shapes-mixed,work,backprop,0,0.0100,7,0,3,181,184,178,155,200,2576,161,17426640,53088,53088,0
2803746,shapes-mixed,work,backprop,0,0.0100,7,1,3,-1,-1,-1,175,200,2656,166,17967840,53088,53088,0
2803746,shapes-mixed,work,backprop,0,0.0100,7,2,3,176,186,187,184,200,2944,184,19916160,53088,53088,0
2803746,shapes-mixed,work,backprop,0,0.0100,8,0,2,176,186,187,184,200,2944,184,19916160,53088,53088,0
2803746,shapes-mixed,work,backprop,0,0.0100,8,1,2,-1,-1,193,-1,200,3024,189,20457360,53088,53088,0
2803746,shapes-mixed,work,backprop,0,0.0100,8,2,2,175,175,195,190,200,3312,207,22405680,53088,53088,0
2803746,shapes-mixed,work,backprop,0,0.0100,9,0,0,175,175,195,190,200,3312,207,22405680,53088,53088,0
2803746,shapes-mixed,work,backprop,0,0.0100,9,1,0,181,-1,-1,-1,200,3392,212,22946880,53088,53088,0
2803746,shapes-mixed,work,backprop,0,0.0100,9,2,0,193,171,195,192,200,3680,230,24895200,53088,53088,0
2803746,shapes-mixed,work,backprop,0,0.0100,10,0,3,193,171,195,192,200,3680,230,24895200,53088,53088,0
2803746,shapes-mixed,work,backprop,0,0.0100,10,1,3,-1,-1,-1,192,200,3760,235,25436400,53088,53088,0
2803746,shapes-mixed,work,backprop,0,0.0100,10,2,3,186,171,196,195,200,4048,253,27384720,53088,53088,0
2803746,shapes-mixed,work,backprop,0,0.0100,11,0,1,186,171,196,195,200,4048,253,27384720,53088,53088,0
2803746,shapes-mixed,work,backprop,0,0.0100,11,1,1,-1,172,-1,-1,200,4128,258,27925920,53088,53088,0
2803746,shapes-mixed,work,backprop,0,0.0100,11,2,1,175,186,189,185,200,4416,276,29874240,53088,53088,0
2803746,shapes-mixed,memory,jayce,24,1.0000,0,0,0,50,50,50,50,200,0,0,0,16,49168,0
2803746,shapes-mixed,memory,jayce,24,1.0000,0,1,0,192,-1,-1,-1,200,256,16,777984,49168,49168,96
2803746,shapes-mixed,memory,jayce,24,1.0000,0,2,0,198,57,61,45,200,1024,64,4482816,49168,49168,96
2803746,shapes-mixed,memory,jayce,24,1.0000,1,0,1,198,57,61,45,200,1024,64,4482816,49168,49168,96
2803746,shapes-mixed,memory,jayce,24,1.0000,1,1,1,-1,162,-1,-1,200,1280,80,5717760,49168,49168,96
2803746,shapes-mixed,memory,jayce,24,1.0000,1,2,1,191,147,60,68,200,2048,128,9422592,49168,49168,96
2803746,shapes-mixed,memory,jayce,24,1.0000,2,0,2,191,147,60,68,200,2048,128,9422592,49168,49168,96
2803746,shapes-mixed,memory,jayce,24,1.0000,2,1,2,-1,-1,164,-1,200,2304,144,10657536,49168,49168,96
2803746,shapes-mixed,memory,jayce,24,1.0000,2,2,2,193,148,177,114,200,3072,192,14362368,49168,49168,96
2803746,shapes-mixed,memory,jayce,24,1.0000,3,0,3,193,148,177,114,200,3072,192,14362368,49168,49168,96
2803746,shapes-mixed,memory,jayce,24,1.0000,3,1,3,-1,-1,-1,168,200,3328,208,15597312,49168,49168,96
2803746,shapes-mixed,memory,jayce,24,1.0000,3,2,3,179,142,174,168,200,4096,256,19302144,49168,49168,96
2803746,shapes-mixed,memory,jayce,24,1.0000,4,0,0,179,142,174,168,200,4096,256,19302144,49168,49168,96
2803746,shapes-mixed,memory,jayce,24,1.0000,4,1,0,196,-1,-1,-1,200,4352,272,20537088,49168,49168,96
2803746,shapes-mixed,memory,jayce,24,1.0000,4,2,0,193,141,173,168,200,5120,320,24241920,49168,49168,96
2803746,shapes-mixed,memory,jayce,24,1.0000,5,0,2,193,141,173,168,200,5120,320,24241920,49168,49168,96
2803746,shapes-mixed,memory,jayce,24,1.0000,5,1,2,-1,-1,175,-1,200,5376,336,25476864,49168,49168,96
2803746,shapes-mixed,memory,jayce,24,1.0000,5,2,2,188,138,177,168,200,6144,384,29181696,49168,49168,96
2803746,shapes-mixed,memory,jayce,24,1.0000,6,0,1,188,138,177,168,200,6144,384,29181696,49168,49168,96
2803746,shapes-mixed,memory,jayce,24,1.0000,6,1,1,-1,166,-1,-1,200,6400,400,30416640,49168,49168,96
2803746,shapes-mixed,memory,jayce,24,1.0000,6,2,1,188,168,160,165,200,7168,448,34121472,49168,49168,96
2803746,shapes-mixed,memory,jayce,24,1.0000,7,0,3,188,168,160,165,200,7168,448,34121472,49168,49168,96
2803746,shapes-mixed,memory,jayce,24,1.0000,7,1,3,-1,-1,-1,170,200,7424,464,35356416,49168,49168,96
2803746,shapes-mixed,memory,jayce,24,1.0000,7,2,3,186,151,159,176,200,8192,512,39061248,49168,49168,96
2803746,shapes-mixed,memory,jayce,24,1.0000,8,0,2,186,151,159,176,200,8192,512,39061248,49168,49168,96
2803746,shapes-mixed,memory,jayce,24,1.0000,8,1,2,-1,-1,174,-1,200,8448,528,40296192,49168,49168,96
2803746,shapes-mixed,memory,jayce,24,1.0000,8,2,2,188,155,168,176,200,9216,576,44001024,49168,49168,96
2803746,shapes-mixed,memory,jayce,24,1.0000,9,0,0,188,155,168,176,200,9216,576,44001024,49168,49168,96
2803746,shapes-mixed,memory,jayce,24,1.0000,9,1,0,191,-1,-1,-1,200,9472,592,45235968,49168,49168,96
2803746,shapes-mixed,memory,jayce,24,1.0000,9,2,0,194,154,166,176,200,10240,640,48940800,49168,49168,96
2803746,shapes-mixed,memory,jayce,24,1.0000,10,0,3,194,154,166,176,200,10240,640,48940800,49168,49168,96
2803746,shapes-mixed,memory,jayce,24,1.0000,10,1,3,-1,-1,-1,182,200,10496,656,50175744,49168,49168,96
2803746,shapes-mixed,memory,jayce,24,1.0000,10,2,3,189,158,166,183,200,11264,704,53880576,49168,49168,96
2803746,shapes-mixed,memory,jayce,24,1.0000,11,0,1,189,158,166,183,200,11264,704,53880576,49168,49168,96
2803746,shapes-mixed,memory,jayce,24,1.0000,11,1,1,-1,168,-1,-1,200,11520,720,55115520,49168,49168,96
2803746,shapes-mixed,memory,jayce,24,1.0000,11,2,1,189,178,154,178,200,12288,768,58820352,49168,49168,96
2803746,shapes-mixed,memory,backprop,0,0.0030,0,0,0,45,50,22,46,200,0,0,0,53088,53088,0
2803746,shapes-mixed,memory,backprop,0,0.0030,0,1,0,131,-1,-1,-1,200,256,16,1731840,53088,53088,0
2803746,shapes-mixed,memory,backprop,0,0.0030,0,2,0,185,50,81,49,200,1024,64,6927360,53088,53088,0
2803746,shapes-mixed,memory,backprop,0,0.0030,1,0,1,185,50,81,49,200,1024,64,6927360,53088,53088,0
2803746,shapes-mixed,memory,backprop,0,0.0030,1,1,1,-1,91,-1,-1,200,1280,80,8659200,53088,53088,0
2803746,shapes-mixed,memory,backprop,0,0.0030,1,2,1,94,186,34,63,200,2048,128,13854720,53088,53088,0
2803746,shapes-mixed,memory,backprop,0,0.0030,2,0,2,94,186,34,63,200,2048,128,13854720,53088,53088,0
2803746,shapes-mixed,memory,backprop,0,0.0030,2,1,2,-1,-1,135,-1,200,2304,144,15586560,53088,53088,0
2803746,shapes-mixed,memory,backprop,0,0.0030,2,2,2,123,144,190,50,200,3072,192,20782080,53088,53088,0
2803746,shapes-mixed,memory,backprop,0,0.0030,3,0,3,123,144,190,50,200,3072,192,20782080,53088,53088,0
2803746,shapes-mixed,memory,backprop,0,0.0030,3,1,3,-1,-1,-1,125,200,3328,208,22513920,53088,53088,0
2803746,shapes-mixed,memory,backprop,0,0.0030,3,2,3,136,167,108,194,200,4096,256,27709440,53088,53088,0
2803746,shapes-mixed,memory,backprop,0,0.0030,4,0,0,136,167,108,194,200,4096,256,27709440,53088,53088,0
2803746,shapes-mixed,memory,backprop,0,0.0030,4,1,0,185,-1,-1,-1,200,4352,272,29441280,53088,53088,0
2803746,shapes-mixed,memory,backprop,0,0.0030,4,2,0,195,145,127,187,200,5120,320,34636800,53088,53088,0
2803746,shapes-mixed,memory,backprop,0,0.0030,5,0,2,195,145,127,187,200,5120,320,34636800,53088,53088,0
2803746,shapes-mixed,memory,backprop,0,0.0030,5,1,2,-1,-1,185,-1,200,5376,336,36368640,53088,53088,0
2803746,shapes-mixed,memory,backprop,0,0.0030,5,2,2,185,140,195,167,200,6144,384,41564160,53088,53088,0
2803746,shapes-mixed,memory,backprop,0,0.0030,6,0,1,185,140,195,167,200,6144,384,41564160,53088,53088,0
2803746,shapes-mixed,memory,backprop,0,0.0030,6,1,1,-1,178,-1,-1,200,6400,400,43296000,53088,53088,0
2803746,shapes-mixed,memory,backprop,0,0.0030,6,2,1,188,191,195,188,200,7168,448,48491520,53088,53088,0
2803746,shapes-mixed,memory,backprop,0,0.0030,7,0,3,188,191,195,188,200,7168,448,48491520,53088,53088,0
2803746,shapes-mixed,memory,backprop,0,0.0030,7,1,3,-1,-1,-1,195,200,7424,464,50223360,53088,53088,0
2803746,shapes-mixed,memory,backprop,0,0.0030,7,2,3,188,192,189,195,200,8192,512,55418880,53088,53088,0
2803746,shapes-mixed,memory,backprop,0,0.0030,8,0,2,188,192,189,195,200,8192,512,55418880,53088,53088,0
2803746,shapes-mixed,memory,backprop,0,0.0030,8,1,2,-1,-1,195,-1,200,8448,528,57150720,53088,53088,0
2803746,shapes-mixed,memory,backprop,0,0.0030,8,2,2,191,189,196,195,200,9216,576,62346240,53088,53088,0
2803746,shapes-mixed,memory,backprop,0,0.0030,9,0,0,191,189,196,195,200,9216,576,62346240,53088,53088,0
2803746,shapes-mixed,memory,backprop,0,0.0030,9,1,0,190,-1,-1,-1,200,9472,592,64078080,53088,53088,0
2803746,shapes-mixed,memory,backprop,0,0.0030,9,2,0,195,187,197,192,200,10240,640,69273600,53088,53088,0
2803746,shapes-mixed,memory,backprop,0,0.0030,10,0,3,195,187,197,192,200,10240,640,69273600,53088,53088,0
2803746,shapes-mixed,memory,backprop,0,0.0030,10,1,3,-1,-1,-1,197,200,10496,656,71005440,53088,53088,0
2803746,shapes-mixed,memory,backprop,0,0.0030,10,2,3,192,191,196,193,200,11264,704,76200960,53088,53088,0
2803746,shapes-mixed,memory,backprop,0,0.0030,11,0,1,192,191,196,193,200,11264,704,76200960,53088,53088,0
2803746,shapes-mixed,memory,backprop,0,0.0030,11,1,1,-1,191,-1,-1,200,11520,720,77932800,53088,53088,0
2803746,shapes-mixed,memory,backprop,0,0.0030,11,2,1,191,194,196,195,200,12288,768,83128320,53088,53088,0
2908475,shapes-mixed,examples,jayce,48,1.0000,0,0,0,50,50,50,50,200,0,0,0,16,98320,0
2908475,shapes-mixed,examples,jayce,48,1.0000,0,1,0,197,-1,-1,-1,200,256,16,617472,98320,98320,192
2908475,shapes-mixed,examples,jayce,48,1.0000,0,2,0,198,57,85,37,200,1024,64,7879680,98320,98320,192
2908475,shapes-mixed,examples,jayce,48,1.0000,1,0,1,198,57,85,37,200,1024,64,7879680,98320,98320,192
2908475,shapes-mixed,examples,jayce,48,1.0000,1,1,1,-1,159,-1,-1,200,1280,80,10300416,98320,98320,192
2908475,shapes-mixed,examples,jayce,48,1.0000,1,2,1,198,171,65,44,200,2048,128,17562624,98320,98320,192
2908475,shapes-mixed,examples,jayce,48,1.0000,2,0,2,198,171,65,44,200,2048,128,17562624,98320,98320,192
2908475,shapes-mixed,examples,jayce,48,1.0000,2,1,2,-1,-1,174,-1,200,2304,144,19983360,98320,98320,192
2908475,shapes-mixed,examples,jayce,48,1.0000,2,2,2,199,158,177,95,200,3072,192,27245568,98320,98320,192
2908475,shapes-mixed,examples,jayce,48,1.0000,3,0,3,199,158,177,95,200,3072,192,27245568,98320,98320,192
2908475,shapes-mixed,examples,jayce,48,1.0000,3,1,3,-1,-1,-1,167,200,3328,208,29666304,98320,98320,192
2908475,shapes-mixed,examples,jayce,48,1.0000,3,2,3,196,141,172,174,200,4096,256,36928512,98320,98320,192
2908475,shapes-mixed,examples,jayce,48,1.0000,4,0,0,196,141,172,174,200,4096,256,36928512,98320,98320,192
2908475,shapes-mixed,examples,jayce,48,1.0000,4,1,0,199,-1,-1,-1,200,4352,272,39349248,98320,98320,192
2908475,shapes-mixed,examples,jayce,48,1.0000,4,2,0,196,141,172,173,200,5120,320,46611456,98320,98320,192
2908475,shapes-mixed,examples,jayce,48,1.0000,5,0,2,196,141,172,173,200,5120,320,46611456,98320,98320,192
2908475,shapes-mixed,examples,jayce,48,1.0000,5,1,2,-1,-1,179,-1,200,5376,336,49032192,98320,98320,192
2908475,shapes-mixed,examples,jayce,48,1.0000,5,2,2,196,142,191,173,200,6144,384,56294400,98320,98320,192
2908475,shapes-mixed,examples,jayce,48,1.0000,6,0,1,196,142,191,173,200,6144,384,56294400,98320,98320,192
2908475,shapes-mixed,examples,jayce,48,1.0000,6,1,1,-1,178,-1,-1,200,6400,400,58715136,98320,98320,192
2908475,shapes-mixed,examples,jayce,48,1.0000,6,2,1,196,184,170,167,200,7168,448,65977344,98320,98320,192
2908475,shapes-mixed,examples,jayce,48,1.0000,7,0,3,196,184,170,167,200,7168,448,65977344,98320,98320,192
2908475,shapes-mixed,examples,jayce,48,1.0000,7,1,3,-1,-1,-1,175,200,7424,464,68398080,98320,98320,192
2908475,shapes-mixed,examples,jayce,48,1.0000,7,2,3,194,173,171,183,200,8192,512,75660288,98320,98320,192
2908475,shapes-mixed,examples,jayce,48,1.0000,8,0,2,194,173,171,183,200,8192,512,75660288,98320,98320,192
2908475,shapes-mixed,examples,jayce,48,1.0000,8,1,2,-1,-1,180,-1,200,8448,528,78081024,98320,98320,192
2908475,shapes-mixed,examples,jayce,48,1.0000,8,2,2,194,162,183,183,200,9216,576,85343232,98320,98320,192
2908475,shapes-mixed,examples,jayce,48,1.0000,9,0,0,194,162,183,183,200,9216,576,85343232,98320,98320,192
2908475,shapes-mixed,examples,jayce,48,1.0000,9,1,0,195,-1,-1,-1,200,9472,592,87763968,98320,98320,192
2908475,shapes-mixed,examples,jayce,48,1.0000,9,2,0,198,162,183,183,200,10240,640,95026176,98320,98320,192
2908475,shapes-mixed,examples,jayce,48,1.0000,10,0,3,198,162,183,183,200,10240,640,95026176,98320,98320,192
2908475,shapes-mixed,examples,jayce,48,1.0000,10,1,3,-1,-1,-1,184,200,10496,656,97446912,98320,98320,192
2908475,shapes-mixed,examples,jayce,48,1.0000,10,2,3,198,160,183,187,200,11264,704,104709120,98320,98320,192
2908475,shapes-mixed,examples,jayce,48,1.0000,11,0,1,198,160,183,187,200,11264,704,104709120,98320,98320,192
2908475,shapes-mixed,examples,jayce,48,1.0000,11,1,1,-1,170,-1,-1,200,11520,720,107129856,98320,98320,192
2908475,shapes-mixed,examples,jayce,48,1.0000,11,2,1,198,165,163,186,200,12288,768,114392064,98320,98320,192
2908475,shapes-mixed,examples,backprop,0,0.0030,0,0,0,39,49,44,78,200,0,0,0,53088,53088,0
2908475,shapes-mixed,examples,backprop,0,0.0030,0,1,0,135,-1,-1,-1,200,256,16,1731840,53088,53088,0
2908475,shapes-mixed,examples,backprop,0,0.0030,0,2,0,183,52,79,44,200,1024,64,6927360,53088,53088,0
2908475,shapes-mixed,examples,backprop,0,0.0030,1,0,1,183,52,79,44,200,1024,64,6927360,53088,53088,0
2908475,shapes-mixed,examples,backprop,0,0.0030,1,1,1,-1,101,-1,-1,200,1280,80,8659200,53088,53088,0
2908475,shapes-mixed,examples,backprop,0,0.0030,1,2,1,124,186,39,77,200,2048,128,13854720,53088,53088,0
2908475,shapes-mixed,examples,backprop,0,0.0030,2,0,2,124,186,39,77,200,2048,128,13854720,53088,53088,0
2908475,shapes-mixed,examples,backprop,0,0.0030,2,1,2,-1,-1,134,-1,200,2304,144,15586560,53088,53088,0
2908475,shapes-mixed,examples,backprop,0,0.0030,2,2,2,119,160,187,63,200,3072,192,20782080,53088,53088,0
2908475,shapes-mixed,examples,backprop,0,0.0030,3,0,3,119,160,187,63,200,3072,192,20782080,53088,53088,0
2908475,shapes-mixed,examples,backprop,0,0.0030,3,1,3,-1,-1,-1,144,200,3328,208,22513920,53088,53088,0
2908475,shapes-mixed,examples,backprop,0,0.0030,3,2,3,132,173,145,191,200,4096,256,27709440,53088,53088,0
2908475,shapes-mixed,examples,backprop,0,0.0030,4,0,0,132,173,145,191,200,4096,256,27709440,53088,53088,0
2908475,shapes-mixed,examples,backprop,0,0.0030,4,1,0,182,-1,-1,-1,200,4352,272,29441280,53088,53088,0
2908475,shapes-mixed,examples,backprop,0,0.0030,4,2,0,194,178,164,184,200,5120,320,34636800,53088,53088,0
2908475,shapes-mixed,examples,backprop,0,0.0030,5,0,2,194,178,164,184,200,5120,320,34636800,53088,53088,0
2908475,shapes-mixed,examples,backprop,0,0.0030,5,1,2,-1,-1,189,-1,200,5376,336,36368640,53088,53088,0
2908475,shapes-mixed,examples,backprop,0,0.0030,5,2,2,189,164,196,175,200,6144,384,41564160,53088,53088,0
2908475,shapes-mixed,examples,backprop,0,0.0030,6,0,1,189,164,196,175,200,6144,384,41564160,53088,53088,0
2908475,shapes-mixed,examples,backprop,0,0.0030,6,1,1,-1,186,-1,-1,200,6400,400,43296000,53088,53088,0
2908475,shapes-mixed,examples,backprop,0,0.0030,6,2,1,188,195,193,185,200,7168,448,48491520,53088,53088,0
2908475,shapes-mixed,examples,backprop,0,0.0030,7,0,3,188,195,193,185,200,7168,448,48491520,53088,53088,0
2908475,shapes-mixed,examples,backprop,0,0.0030,7,1,3,-1,-1,-1,192,200,7424,464,50223360,53088,53088,0
2908475,shapes-mixed,examples,backprop,0,0.0030,7,2,3,186,196,192,198,200,8192,512,55418880,53088,53088,0
2908475,shapes-mixed,examples,backprop,0,0.0030,8,0,2,186,196,192,198,200,8192,512,55418880,53088,53088,0
2908475,shapes-mixed,examples,backprop,0,0.0030,8,1,2,-1,-1,197,-1,200,8448,528,57150720,53088,53088,0
2908475,shapes-mixed,examples,backprop,0,0.0030,8,2,2,194,194,199,198,200,9216,576,62346240,53088,53088,0
2908475,shapes-mixed,examples,backprop,0,0.0030,9,0,0,194,194,199,198,200,9216,576,62346240,53088,53088,0
2908475,shapes-mixed,examples,backprop,0,0.0030,9,1,0,195,-1,-1,-1,200,9472,592,64078080,53088,53088,0
2908475,shapes-mixed,examples,backprop,0,0.0030,9,2,0,193,195,199,192,200,10240,640,69273600,53088,53088,0
2908475,shapes-mixed,examples,backprop,0,0.0030,10,0,3,193,195,199,192,200,10240,640,69273600,53088,53088,0
2908475,shapes-mixed,examples,backprop,0,0.0030,10,1,3,-1,-1,-1,196,200,10496,656,71005440,53088,53088,0
2908475,shapes-mixed,examples,backprop,0,0.0030,10,2,3,194,195,199,199,200,11264,704,76200960,53088,53088,0
2908475,shapes-mixed,examples,backprop,0,0.0030,11,0,1,194,195,199,199,200,11264,704,76200960,53088,53088,0
2908475,shapes-mixed,examples,backprop,0,0.0030,11,1,1,-1,193,-1,-1,200,11520,720,77932800,53088,53088,0
2908475,shapes-mixed,examples,backprop,0,0.0030,11,2,1,195,198,199,199,200,12288,768,83128320,53088,53088,0
2908475,shapes-mixed,work,jayce,48,1.0000,0,0,0,50,50,50,50,200,0,0,0,16,98320,0
2908475,shapes-mixed,work,jayce,48,1.0000,0,1,0,197,-1,-1,-1,200,256,16,617472,98320,98320,192
2908475,shapes-mixed,work,jayce,48,1.0000,0,2,0,198,61,70,33,200,448,28,2433024,98320,98320,192
2908475,shapes-mixed,work,jayce,48,1.0000,1,0,1,198,61,70,33,200,448,28,2433024,98320,98320,192
2908475,shapes-mixed,work,jayce,48,1.0000,1,1,1,-1,148,-1,-1,200,512,32,3038208,98320,98320,192
2908475,shapes-mixed,work,jayce,48,1.0000,1,2,1,197,163,74,58,200,704,44,4853760,98320,98320,192
2908475,shapes-mixed,work,jayce,48,1.0000,2,0,2,197,163,74,58,200,704,44,4853760,98320,98320,192
2908475,shapes-mixed,work,jayce,48,1.0000,2,1,2,-1,-1,170,-1,200,768,48,5458944,98320,98320,192
2908475,shapes-mixed,work,jayce,48,1.0000,2,2,2,196,156,169,96,200,960,60,7274496,98320,98320,192
2908475,shapes-mixed,work,jayce,48,1.0000,3,0,3,196,156,169,96,200,960,60,7274496,98320,98320,192
2908475,shapes-mixed,work,jayce,48,1.0000,3,1,3,-1,-1,-1,161,200,1024,64,7879680,98320,98320,192
2908475,shapes-mixed,work,jayce,48,1.0000,3,2,3,196,138,165,169,200,1216,76,9695232,98320,98320,192
2908475,shapes-mixed,work,jayce,48,1.0000,4,0,0,196,138,165,169,200,1216,76,9695232,98320,98320,192
2908475,shapes-mixed,work,jayce,48,1.0000,4,1,0,200,-1,-1,-1,200,1280,80,10300416,98320,98320,192
2908475,shapes-mixed,work,jayce,48,1.0000,4,2,0,196,135,165,169,200,1472,92,12115968,98320,98320,192
2908475,shapes-mixed,work,jayce,48,1.0000,5,0,2,196,135,165,169,200,1472,92,12115968,98320,98320,192
2908475,shapes-mixed,work,jayce,48,1.0000,5,1,2,-1,-1,149,-1,200,1536,96,12721152,98320,98320,192
2908475,shapes-mixed,work,jayce,48,1.0000,5,2,2,196,138,171,169,200,1728,108,14536704,98320,98320,192
2908475,shapes-mixed,work,jayce,48,1.0000,6,0,1,196,138,171,169,200,1728,108,14536704,98320,98320,192
2908475,shapes-mixed,work,jayce,48,1.0000,6,1,1,-1,162,-1,-1,200,1792,112,15141888,98320,98320,192
2908475,shapes-mixed,work,jayce,48,1.0000,6,2,1,196,171,152,149,200,1984,124,16957440,98320,98320,192
2908475,shapes-mixed,work,jayce,48,1.0000,7,0,3,196,171,152,149,200,1984,124,16957440,98320,98320,192
2908475,shapes-mixed,work,jayce,48,1.0000,7,1,3,-1,-1,-1,175,200,2048,128,17562624,98320,98320,192
2908475,shapes-mixed,work,jayce,48,1.0000,7,2,3,196,157,152,182,200,2240,140,19378176,98320,98320,192
2908475,shapes-mixed,work,jayce,48,1.0000,8,0,2,196,157,152,182,200,2240,140,19378176,98320,98320,192
2908475,shapes-mixed,work,jayce,48,1.0000,8,1,2,-1,-1,168,-1,200,2304,144,19983360,98320,98320,192
2908475,shapes-mixed,work,jayce,48,1.0000,8,2,2,196,147,174,182,200,2496,156,21798912,98320,98320,192
2908475,shapes-mixed,work,jayce,48,1.0000,9,0,0,196,147,174,182,200,2496,156,21798912,98320,98320,192
2908475,shapes-mixed,work,jayce,48,1.0000,9,1,0,192,-1,-1,-1,200,2560,160,22404096,98320,98320,192
2908475,shapes-mixed,work,jayce,48,1.0000,9,2,0,198,147,174,182,200,2752,172,24219648,98320,98320,192
2908475,shapes-mixed,work,jayce,48,1.0000,10,0,3,198,147,174,182,200,2752,172,24219648,98320,98320,192
2908475,shapes-mixed,work,jayce,48,1.0000,10,1,3,-1,-1,-1,172,200,2816,176,24824832,98320,98320,192
2908475,shapes-mixed,work,jayce,48,1.0000,10,2,3,198,152,174,177,200,3008,188,26640384,98320,98320,192
2908475,shapes-mixed,work,jayce,48,1.0000,11,0,1,198,152,174,177,200,3008,188,26640384,98320,98320,192
2908475,shapes-mixed,work,jayce,48,1.0000,11,1,1,-1,149,-1,-1,200,3072,192,27245568,98320,98320,192
2908475,shapes-mixed,work,jayce,48,1.0000,11,2,1,198,167,174,154,200,3264,204,29061120,98320,98320,192
2908475,shapes-mixed,work,backprop,0,0.0100,0,0,0,39,49,44,78,200,0,0,0,53088,53088,0
2908475,shapes-mixed,work,backprop,0,0.0100,0,1,0,132,-1,-1,-1,200,80,5,541200,53088,53088,0
2908475,shapes-mixed,work,backprop,0,0.0100,0,2,0,182,50,78,33,200,368,23,2489520,53088,53088,0
2908475,shapes-mixed,work,backprop,0,0.0100,1,0,1,182,50,78,33,200,368,23,2489520,53088,53088,0
2908475,shapes-mixed,work,backprop,0,0.0100,1,1,1,-1,56,-1,-1,200,448,28,3030720,53088,53088,0
2908475,shapes-mixed,work,backprop,0,0.0100,1,2,1,118,165,28,85,200,736,46,4979040,53088,53088,0
2908475,shapes-mixed,work,backprop,0,0.0100,2,0,2,118,165,28,85,200,736,46,4979040,53088,53088,0
2908475,shapes-mixed,work,backprop,0,0.0100,2,1,2,-1,-1,76,-1,200,816,51,5520240,53088,53088,0
2908475,shapes-mixed,work,backprop,0,0.0100,2,2,2,93,126,177,52,200,1104,69,7468560,53088,53088,0
2908475,shapes-mixed,work,backprop,0,0.0100,3,0,3,93,126,177,52,200,1104,69,7468560,53088,53088,0
2908475,shapes-mixed,work,backprop,0,0.0100,3,1,3,-1,-1,-1,93,200,1184,74,8009760,53088,53088,0
2908475,shapes-mixed,work,backprop,0,0.0100,3,2,3,119,155,144,171,200,1472,92,9958080,53088,53088,0
2908475,shapes-mixed,work,backprop,0,0.0100,4,0,0,119,155,144,171,200,1472,92,9958080,53088,53088,0
2908475,shapes-mixed,work,backprop,0,0.0100,4,1,0,152,-1,-1,-1,200,1552,97,10499280,53088,53088,0
2908475,shapes-mixed,work,backprop,0,0.0100,4,2,0,185,140,136,171,200,1840,115,12447600,53088,53088,0
2908475,shapes-mixed,work,backprop,0,0.0100,5,0,2,185,140,136,171,200,1840,115,12447600,53088,53088,0
2908475,shapes-mixed,work,backprop,0,0.0100,5,1,2,-1,-1,173,-1,200,1920,120,12988800,53088,53088,0
2908475,shapes-mixed,work,backprop,0,0.0100,5,2,2,178,132,186,143,200,2208,138,14937120,53088,53088,0
2908475,shapes-mixed,work,backprop,0,0.0100,6,0,1,178,132,186,143,200,2208,138,14937120,53088,53088,0
2908475,shapes-mixed,work,backprop,0,0.0100,6,1,1,-1,147,-1,-1,200,2288,143,15478320,53088,53088,0
2908475,shapes-mixed,work,backprop,0,0.0100,6,2,1,169,184,186,150,200,2576,161,17426640,53088,53088,0
2908475,shapes-mixed,work,backprop,0,0.0100,7,0,3,169,184,186,150,200,2576,161,17426640,53088,53088,0
2908475,shapes-mixed,work,backprop,0,0.0100,7,1,3,-1,-1,-1,188,200,2656,166,17967840,53088,53088,0
2908475,shapes-mixed,work,backprop,0,0.0100,7,2,3,176,182,167,193,200,2944,184,19916160,53088,53088,0
2908475,shapes-mixed,work,backprop,0,0.0100,8,0,2,176,182,167,193,200,2944,184,19916160,53088,53088,0
2908475,shapes-mixed,work,backprop,0,0.0100,8,1,2,-1,-1,171,-1,200,3024,189,20457360,53088,53088,0
2908475,shapes-mixed,work,backprop,0,0.0100,8,2,2,185,185,194,194,200,3312,207,22405680,53088,53088,0
2908475,shapes-mixed,work,backprop,0,0.0100,9,0,0,185,185,194,194,200,3312,207,22405680,53088,53088,0
2908475,shapes-mixed,work,backprop,0,0.0100,9,1,0,182,-1,-1,-1,200,3392,212,22946880,53088,53088,0
2908475,shapes-mixed,work,backprop,0,0.0100,9,2,0,196,182,176,192,200,3680,230,24895200,53088,53088,0
2908475,shapes-mixed,work,backprop,0,0.0100,10,0,3,196,182,176,192,200,3680,230,24895200,53088,53088,0
2908475,shapes-mixed,work,backprop,0,0.0100,10,1,3,-1,-1,-1,195,200,3760,235,25436400,53088,53088,0
2908475,shapes-mixed,work,backprop,0,0.0100,10,2,3,187,183,181,197,200,4048,253,27384720,53088,53088,0
2908475,shapes-mixed,work,backprop,0,0.0100,11,0,1,187,183,181,197,200,4048,253,27384720,53088,53088,0
2908475,shapes-mixed,work,backprop,0,0.0100,11,1,1,-1,188,-1,-1,200,4128,258,27925920,53088,53088,0
2908475,shapes-mixed,work,backprop,0,0.0100,11,2,1,188,198,188,193,200,4416,276,29874240,53088,53088,0
2908475,shapes-mixed,memory,jayce,24,1.0000,0,0,0,50,50,50,50,200,0,0,0,16,49168,0
2908475,shapes-mixed,memory,jayce,24,1.0000,0,1,0,197,-1,-1,-1,200,256,16,777984,49168,49168,96
2908475,shapes-mixed,memory,jayce,24,1.0000,0,2,0,198,57,101,51,200,1024,64,4482816,49168,49168,96
2908475,shapes-mixed,memory,jayce,24,1.0000,1,0,1,198,57,101,51,200,1024,64,4482816,49168,49168,96
2908475,shapes-mixed,memory,jayce,24,1.0000,1,1,1,-1,167,-1,-1,200,1280,80,5717760,49168,49168,96
2908475,shapes-mixed,memory,jayce,24,1.0000,1,2,1,198,173,61,56,200,2048,128,9422592,49168,49168,96
2908475,shapes-mixed,memory,jayce,24,1.0000,2,0,2,198,173,61,56,200,2048,128,9422592,49168,49168,96
2908475,shapes-mixed,memory,jayce,24,1.0000,2,1,2,-1,-1,169,-1,200,2304,144,10657536,49168,49168,96
2908475,shapes-mixed,memory,jayce,24,1.0000,2,2,2,194,142,176,99,200,3072,192,14362368,49168,49168,96
2908475,shapes-mixed,memory,jayce,24,1.0000,3,0,3,194,142,176,99,200,3072,192,14362368,49168,49168,96
2908475,shapes-mixed,memory,jayce,24,1.0000,3,1,3,-1,-1,-1,165,200,3328,208,15597312,49168,49168,96
2908475,shapes-mixed,memory,jayce,24,1.0000,3,2,3,184,131,170,176,200,4096,256,19302144,49168,49168,96
2908475,shapes-mixed,memory,jayce,24,1.0000,4,0,0,184,131,170,176,200,4096,256,19302144,49168,49168,96
2908475,shapes-mixed,memory,jayce,24,1.0000,4,1,0,193,-1,-1,-1,200,4352,272,20537088,49168,49168,96
2908475,shapes-mixed,memory,jayce,24,1.0000,4,2,0,178,131,168,177,200,5120,320,24241920,49168,49168,96
2908475,shapes-mixed,memory,jayce,24,1.0000,5,0,2,178,131,168,177,200,5120,320,24241920,49168,49168,96
2908475,shapes-mixed,memory,jayce,24,1.0000,5,1,2,-1,-1,169,-1,200,5376,336,25476864,49168,49168,96
2908475,shapes-mixed,memory,jayce,24,1.0000,5,2,2,177,128,184,177,200,6144,384,29181696,49168,49168,96
2908475,shapes-mixed,memory,jayce,24,1.0000,6,0,1,177,128,184,177,200,6144,384,29181696,49168,49168,96
2908475,shapes-mixed,memory,jayce,24,1.0000,6,1,1,-1,172,-1,-1,200,6400,400,30416640,49168,49168,96
2908475,shapes-mixed,memory,jayce,24,1.0000,6,2,1,176,185,168,160,200,7168,448,34121472,49168,49168,96
2908475,shapes-mixed,memory,jayce,24,1.0000,7,0,3,176,185,168,160,200,7168,448,34121472,49168,49168,96
2908475,shapes-mixed,memory,jayce,24,1.0000,7,1,3,-1,-1,-1,170,200,7424,464,35356416,49168,49168,96
2908475,shapes-mixed,memory,jayce,24,1.0000,7,2,3,169,174,168,184,200,8192,512,39061248,49168,49168,96
2908475,shapes-mixed,memory,jayce,24,1.0000,8,0,2,169,174,168,184,200,8192,512,39061248,49168,49168,96
2908475,shapes-mixed,memory,jayce,24,1.0000,8,1,2,-1,-1,167,-1,200,8448,528,40296192,49168,49168,96
2908475,shapes-mixed,memory,jayce,24,1.0000,8,2,2,169,157,174,184,200,9216,576,44001024,49168,49168,96
2908475,shapes-mixed,memory,jayce,24,1.0000,9,0,0,169,157,174,184,200,9216,576,44001024,49168,49168,96
2908475,shapes-mixed,memory,jayce,24,1.0000,9,1,0,174,-1,-1,-1,200,9472,592,45235968,49168,49168,96
2908475,shapes-mixed,memory,jayce,24,1.0000,9,2,0,189,155,172,183,200,10240,640,48940800,49168,49168,96
2908475,shapes-mixed,memory,jayce,24,1.0000,10,0,3,189,155,172,183,200,10240,640,48940800,49168,49168,96
2908475,shapes-mixed,memory,jayce,24,1.0000,10,1,3,-1,-1,-1,182,200,10496,656,50175744,49168,49168,96
2908475,shapes-mixed,memory,jayce,24,1.0000,10,2,3,189,154,172,184,200,11264,704,53880576,49168,49168,96
2908475,shapes-mixed,memory,jayce,24,1.0000,11,0,1,189,154,172,184,200,11264,704,53880576,49168,49168,96
2908475,shapes-mixed,memory,jayce,24,1.0000,11,1,1,-1,167,-1,-1,200,11520,720,55115520,49168,49168,96
2908475,shapes-mixed,memory,jayce,24,1.0000,11,2,1,189,162,152,170,200,12288,768,58820352,49168,49168,96
2908475,shapes-mixed,memory,backprop,0,0.0030,0,0,0,39,49,44,78,200,0,0,0,53088,53088,0
2908475,shapes-mixed,memory,backprop,0,0.0030,0,1,0,135,-1,-1,-1,200,256,16,1731840,53088,53088,0
2908475,shapes-mixed,memory,backprop,0,0.0030,0,2,0,183,52,79,44,200,1024,64,6927360,53088,53088,0
2908475,shapes-mixed,memory,backprop,0,0.0030,1,0,1,183,52,79,44,200,1024,64,6927360,53088,53088,0
2908475,shapes-mixed,memory,backprop,0,0.0030,1,1,1,-1,101,-1,-1,200,1280,80,8659200,53088,53088,0
2908475,shapes-mixed,memory,backprop,0,0.0030,1,2,1,124,186,39,77,200,2048,128,13854720,53088,53088,0
2908475,shapes-mixed,memory,backprop,0,0.0030,2,0,2,124,186,39,77,200,2048,128,13854720,53088,53088,0
2908475,shapes-mixed,memory,backprop,0,0.0030,2,1,2,-1,-1,134,-1,200,2304,144,15586560,53088,53088,0
2908475,shapes-mixed,memory,backprop,0,0.0030,2,2,2,119,160,187,63,200,3072,192,20782080,53088,53088,0
2908475,shapes-mixed,memory,backprop,0,0.0030,3,0,3,119,160,187,63,200,3072,192,20782080,53088,53088,0
2908475,shapes-mixed,memory,backprop,0,0.0030,3,1,3,-1,-1,-1,144,200,3328,208,22513920,53088,53088,0
2908475,shapes-mixed,memory,backprop,0,0.0030,3,2,3,132,173,145,191,200,4096,256,27709440,53088,53088,0
2908475,shapes-mixed,memory,backprop,0,0.0030,4,0,0,132,173,145,191,200,4096,256,27709440,53088,53088,0
2908475,shapes-mixed,memory,backprop,0,0.0030,4,1,0,182,-1,-1,-1,200,4352,272,29441280,53088,53088,0
2908475,shapes-mixed,memory,backprop,0,0.0030,4,2,0,194,178,164,184,200,5120,320,34636800,53088,53088,0
2908475,shapes-mixed,memory,backprop,0,0.0030,5,0,2,194,178,164,184,200,5120,320,34636800,53088,53088,0
2908475,shapes-mixed,memory,backprop,0,0.0030,5,1,2,-1,-1,189,-1,200,5376,336,36368640,53088,53088,0
2908475,shapes-mixed,memory,backprop,0,0.0030,5,2,2,189,164,196,175,200,6144,384,41564160,53088,53088,0
2908475,shapes-mixed,memory,backprop,0,0.0030,6,0,1,189,164,196,175,200,6144,384,41564160,53088,53088,0
2908475,shapes-mixed,memory,backprop,0,0.0030,6,1,1,-1,186,-1,-1,200,6400,400,43296000,53088,53088,0
2908475,shapes-mixed,memory,backprop,0,0.0030,6,2,1,188,195,193,185,200,7168,448,48491520,53088,53088,0
2908475,shapes-mixed,memory,backprop,0,0.0030,7,0,3,188,195,193,185,200,7168,448,48491520,53088,53088,0
2908475,shapes-mixed,memory,backprop,0,0.0030,7,1,3,-1,-1,-1,192,200,7424,464,50223360,53088,53088,0
2908475,shapes-mixed,memory,backprop,0,0.0030,7,2,3,186,196,192,198,200,8192,512,55418880,53088,53088,0
2908475,shapes-mixed,memory,backprop,0,0.0030,8,0,2,186,196,192,198,200,8192,512,55418880,53088,53088,0
2908475,shapes-mixed,memory,backprop,0,0.0030,8,1,2,-1,-1,197,-1,200,8448,528,57150720,53088,53088,0
2908475,shapes-mixed,memory,backprop,0,0.0030,8,2,2,194,194,199,198,200,9216,576,62346240,53088,53088,0
2908475,shapes-mixed,memory,backprop,0,0.0030,9,0,0,194,194,199,198,200,9216,576,62346240,53088,53088,0
2908475,shapes-mixed,memory,backprop,0,0.0030,9,1,0,195,-1,-1,-1,200,9472,592,64078080,53088,53088,0
2908475,shapes-mixed,memory,backprop,0,0.0030,9,2,0,193,195,199,192,200,10240,640,69273600,53088,53088,0
2908475,shapes-mixed,memory,backprop,0,0.0030,10,0,3,193,195,199,192,200,10240,640,69273600,53088,53088,0
2908475,shapes-mixed,memory,backprop,0,0.0030,10,1,3,-1,-1,-1,196,200,10496,656,71005440,53088,53088,0
2908475,shapes-mixed,memory,backprop,0,0.0030,10,2,3,194,195,199,199,200,11264,704,76200960,53088,53088,0
2908475,shapes-mixed,memory,backprop,0,0.0030,11,0,1,194,195,199,199,200,11264,704,76200960,53088,53088,0
2908475,shapes-mixed,memory,backprop,0,0.0030,11,1,1,-1,193,-1,-1,200,11520,720,77932800,53088,53088,0
2908475,shapes-mixed,memory,backprop,0,0.0030,11,2,1,195,198,199,199,200,12288,768,83128320,53088,53088,0
3013204,shapes-mixed,examples,jayce,48,1.0000,0,0,0,50,50,50,50,200,0,0,0,16,98320,0
3013204,shapes-mixed,examples,jayce,48,1.0000,0,1,0,195,-1,-1,-1,200,256,16,617472,98320,98320,192
3013204,shapes-mixed,examples,jayce,48,1.0000,0,2,0,198,63,76,24,200,1024,64,7879680,98320,98320,192
3013204,shapes-mixed,examples,jayce,48,1.0000,1,0,1,198,63,76,24,200,1024,64,7879680,98320,98320,192
3013204,shapes-mixed,examples,jayce,48,1.0000,1,1,1,-1,158,-1,-1,200,1280,80,10300416,98320,98320,192
3013204,shapes-mixed,examples,jayce,48,1.0000,1,2,1,197,151,68,28,200,2048,128,17562624,98320,98320,192
3013204,shapes-mixed,examples,jayce,48,1.0000,2,0,2,197,151,68,28,200,2048,128,17562624,98320,98320,192
3013204,shapes-mixed,examples,jayce,48,1.0000,2,1,2,-1,-1,166,-1,200,2304,144,19983360,98320,98320,192
3013204,shapes-mixed,examples,jayce,48,1.0000,2,2,2,197,148,174,79,200,3072,192,27245568,98320,98320,192
3013204,shapes-mixed,examples,jayce,48,1.0000,3,0,3,197,148,174,79,200,3072,192,27245568,98320,98320,192
3013204,shapes-mixed,examples,jayce,48,1.0000,3,1,3,-1,-1,-1,176,200,3328,208,29666304,98320,98320,192
3013204,shapes-mixed,examples,jayce,48,1.0000,3,2,3,195,141,172,178,200,4096,256,36928512,98320,98320,192
3013204,shapes-mixed,examples,jayce,48,1.0000,4,0,0,195,141,172,178,200,4096,256,36928512,98320,98320,192
3013204,shapes-mixed,examples,jayce,48,1.0000,4,1,0,198,-1,-1,-1,200,4352,272,39349248,98320,98320,192
3013204,shapes-mixed,examples,jayce,48,1.0000,4,2,0,199,141,172,178,200,5120,320,46611456,98320,98320,192
3013204,shapes-mixed,examples,jayce,48,1.0000,5,0,2,199,141,172,178,200,5120,320,46611456,98320,98320,192
3013204,shapes-mixed,examples,jayce,48,1.0000,5,1,2,-1,-1,186,-1,200,5376,336,49032192,98320,98320,192
3013204,shapes-mixed,examples,jayce,48,1.0000,5,2,2,199,130,175,178,200,6144,384,56294400,98320,98320,192
3013204,shapes-mixed,examples,jayce,48,1.0000,6,0,1,199,130,175,178,200,6144,384,56294400,98320,98320,192
3013204,shapes-mixed,examples,jayce,48,1.0000,6,1,1,-1,162,-1,-1,200,6400,400,58715136,98320,98320,192
3013204,shapes-mixed,examples,jayce,48,1.0000,6,2,1,199,172,171,165,200,7168,448,65977344,98320,98320,192
3013204,shapes-mixed,examples,jayce,48,1.0000,7,0,3,199,172,171,165,200,7168,448,65977344,98320,98320,192
3013204,shapes-mixed,examples,jayce,48,1.0000,7,1,3,-1,-1,-1,181,200,7424,464,68398080,98320,98320,192
3013204,shapes-mixed,examples,jayce,48,1.0000,7,2,3,199,172,171,179,200,8192,512,75660288,98320,98320,192
3013204,shapes-mixed,examples,jayce,48,1.0000,8,0,2,199,172,171,179,200,8192,512,75660288,98320,98320,192
3013204,shapes-mixed,examples,jayce,48,1.0000,8,1,2,-1,-1,174,-1,200,8448,528,78081024,98320,98320,192
3013204,shapes-mixed,examples,jayce,48,1.0000,8,2,2,196,170,185,179,200,9216,576,85343232,98320,98320,192
3013204,shapes-mixed,examples,jayce,48,1.0000,9,0,0,196,170,185,179,200,9216,576,85343232,98320,98320,192
3013204,shapes-mixed,examples,jayce,48,1.0000,9,1,0,198,-1,-1,-1,200,9472,592,87763968,98320,98320,192
3013204,shapes-mixed,examples,jayce,48,1.0000,9,2,0,194,172,185,181,200,10240,640,95026176,98320,98320,192
3013204,shapes-mixed,examples,jayce,48,1.0000,10,0,3,194,172,185,181,200,10240,640,95026176,98320,98320,192
3013204,shapes-mixed,examples,jayce,48,1.0000,10,1,3,-1,-1,-1,190,200,10496,656,97446912,98320,98320,192
3013204,shapes-mixed,examples,jayce,48,1.0000,10,2,3,190,164,185,184,200,11264,704,104709120,98320,98320,192
3013204,shapes-mixed,examples,jayce,48,1.0000,11,0,1,190,164,185,184,200,11264,704,104709120,98320,98320,192
3013204,shapes-mixed,examples,jayce,48,1.0000,11,1,1,-1,178,-1,-1,200,11520,720,107129856,98320,98320,192
3013204,shapes-mixed,examples,jayce,48,1.0000,11,2,1,190,181,175,183,200,12288,768,114392064,98320,98320,192
3013204,shapes-mixed,examples,backprop,0,0.0030,0,0,0,50,52,69,40,200,0,0,0,53088,53088,0
3013204,shapes-mixed,examples,backprop,0,0.0030,0,1,0,127,-1,-1,-1,200,256,16,1731840,53088,53088,0
3013204,shapes-mixed,examples,backprop,0,0.0030,0,2,0,190,52,93,30,200,1024,64,6927360,53088,53088,0
3013204,shapes-mixed,examples,backprop,0,0.0030,1,0,1,190,52,93,30,200,1024,64,6927360,53088,53088,0
3013204,shapes-mixed,examples,backprop,0,0.0030,1,1,1,-1,103,-1,-1,200,1280,80,8659200,53088,53088,0
3013204,shapes-mixed,examples,backprop,0,0.0030,1,2,1,102,181,70,58,200,2048,128,13854720,53088,53088,0
3013204,shapes-mixed,examples,backprop,0,0.0030,2,0,2,102,181,70,58,200,2048,128,13854720,53088,53088,0
3013204,shapes-mixed,examples,backprop,0,0.0030,2,1,2,-1,-1,137,-1,200,2304,144,15586560,53088,53088,0
3013204,shapes-mixed,examples,backprop,0,0.0030,2,2,2,105,166,184,57,200,3072,192,20782080,53088,53088,0
3013204,shapes-mixed,examples,backprop,0,0.0030,3,0,3,105,166,184,57,200,3072,192,20782080,53088,53088,0
3013204,shapes-mixed,examples,backprop,0,0.0030,3,1,3,-1,-1,-1,139,200,3328,208,22513920,53088,53088,0
3013204,shapes-mixed,examples,backprop,0,0.0030,3,2,3,119,177,105,191,200,4096,256,27709440,53088,53088,0
3013204,shapes-mixed,examples,backprop,0,0.0030,4,0,0,119,177,105,191,200,4096,256,27709440,53088,53088,0
3013204,shapes-mixed,examples,backprop,0,0.0030,4,1,0,185,-1,-1,-1,200,4352,272,29441280,53088,53088,0
3013204,shapes-mixed,examples,backprop,0,0.0030,4,2,0,196,161,141,173,200,5120,320,34636800,53088,53088,0
3013204,shapes-mixed,examples,backprop,0,0.0030,5,0,2,196,161,141,173,200,5120,320,34636800,53088,53088,0
3013204,shapes-mixed,examples,backprop,0,0.0030,5,1,2,-1,-1,180,-1,200,5376,336,36368640,53088,53088,0
3013204,shapes-mixed,examples,backprop,0,0.0030,5,2,2,194,155,194,163,200,6144,384,41564160,53088,53088,0
3013204,shapes-mixed,examples,backprop,0,0.0030,6,0,1,194,155,194,163,200,6144,384,41564160,53088,53088,0
3013204,shapes-mixed,examples,backprop,0,0.0030,6,1,1,-1,177,-1,-1,200,6400,400,43296000,53088,53088,0
3013204,shapes-mixed,examples,backprop,0,0.0030,6,2,1,190,198,193,185,200,7168,448,48491520,53088,53088,0
3013204,shapes-mixed,examples,backprop,0,0.0030,7,0,3,190,198,193,185,200,7168,448,48491520,53088,53088,0
3013204,shapes-mixed,examples,backprop,0,0.0030,7,1,3,-1,-1,-1,191,200,7424,464,50223360,53088,53088,0
3013204,shapes-mixed,examples,backprop,0,0.0030,7,2,3,172,193,191,198,200,8192,512,55418880,53088,53088,0
3013204,shapes-mixed,examples,backprop,0,0.0030,8,0,2,172,193,191,198,200,8192,512,55418880,53088,53088,0
3013204,shapes-mixed,examples,backprop,0,0.0030,8,1,2,-1,-1,195,-1,200,8448,528,57150720,53088,53088,0
3013204,shapes-mixed,examples,backprop,0,0.0030,8,2,2,192,195,198,197,200,9216,576,62346240,53088,53088,0
3013204,shapes-mixed,examples,backprop,0,0.0030,9,0,0,192,195,198,197,200,9216,576,62346240,53088,53088,0
3013204,shapes-mixed,examples,backprop,0,0.0030,9,1,0,196,-1,-1,-1,200,9472,592,64078080,53088,53088,0
3013204,shapes-mixed,examples,backprop,0,0.0030,9,2,0,198,191,194,195,200,10240,640,69273600,53088,53088,0
3013204,shapes-mixed,examples,backprop,0,0.0030,10,0,3,198,191,194,195,200,10240,640,69273600,53088,53088,0
3013204,shapes-mixed,examples,backprop,0,0.0030,10,1,3,-1,-1,-1,197,200,10496,656,71005440,53088,53088,0
3013204,shapes-mixed,examples,backprop,0,0.0030,10,2,3,181,192,196,199,200,11264,704,76200960,53088,53088,0
3013204,shapes-mixed,examples,backprop,0,0.0030,11,0,1,181,192,196,199,200,11264,704,76200960,53088,53088,0
3013204,shapes-mixed,examples,backprop,0,0.0030,11,1,1,-1,194,-1,-1,200,11520,720,77932800,53088,53088,0
3013204,shapes-mixed,examples,backprop,0,0.0030,11,2,1,183,198,197,195,200,12288,768,83128320,53088,53088,0
3013204,shapes-mixed,work,jayce,48,1.0000,0,0,0,50,50,50,50,200,0,0,0,16,98320,0
3013204,shapes-mixed,work,jayce,48,1.0000,0,1,0,195,-1,-1,-1,200,256,16,617472,98320,98320,192
3013204,shapes-mixed,work,jayce,48,1.0000,0,2,0,200,60,70,36,200,448,28,2433024,98320,98320,192
3013204,shapes-mixed,work,jayce,48,1.0000,1,0,1,200,60,70,36,200,448,28,2433024,98320,98320,192
3013204,shapes-mixed,work,jayce,48,1.0000,1,1,1,-1,169,-1,-1,200,512,32,3038208,98320,98320,192
3013204,shapes-mixed,work,jayce,48,1.0000,1,2,1,200,158,74,42,200,704,44,4853760,98320,98320,192
3013204,shapes-mixed,work,jayce,48,1.0000,2,0,2,200,158,74,42,200,704,44,4853760,98320,98320,192
3013204,shapes-mixed,work,jayce,48,1.0000,2,1,2,-1,-1,161,-1,200,768,48,5458944,98320,98320,192
3013204,shapes-mixed,work,jayce,48,1.0000,2,2,2,200,152,165,93,200,960,60,7274496,98320,98320,192
3013204,shapes-mixed,work,jayce,48,1.0000,3,0,3,200,152,165,93,200,960,60,7274496,98320,98320,192
3013204,shapes-mixed,work,jayce,48,1.0000,3,1,3,-1,-1,-1,163,200,1024,64,7879680,98320,98320,192
3013204,shapes-mixed,work,jayce,48,1.0000,3,2,3,196,122,165,174,200,1216,76,9695232,98320,98320,192
3013204,shapes-mixed,work,jayce,48,1.0000,4,0,0,196,122,165,174,200,1216,76,9695232,98320,98320,192
3013204,shapes-mixed,work,jayce,48,1.0000,4,1,0,196,-1,-1,-1,200,1280,80,10300416,98320,98320,192
3013204,shapes-mixed,work,jayce,48,1.0000,4,2,0,199,125,165,174,200,1472,92,12115968,98320,98320,192
3013204,shapes-mixed,work,jayce,48,1.0000,5,0,2,199,125,165,174,200,1472,92,12115968,98320,98320,192
3013204,shapes-mixed,work,jayce,48,1.0000,5,1,2,-1,-1,159,-1,200,1536,96,12721152,98320,98320,192
3013204,shapes-mixed,work,jayce,48,1.0000,5,2,2,199,128,170,174,200,1728,108,14536704,98320,98320,192
3013204,shapes-mixed,work,jayce,48,1.0000,6,0,1,199,128,170,174,200,1728,108,14536704,98320,98320,192
3013204,shapes-mixed,work,jayce,48,1.0000,6,1,1,-1,158,-1,-1,200,1792,112,15141888,98320,98320,192
3013204,shapes-mixed,work,jayce,48,1.0000,6,2,1,199,158,157,161,200,1984,124,16957440,98320,98320,192
3013204,shapes-mixed,work,jayce,48,1.0000,7,0,3,199,158,157,161,200,1984,124,16957440,98320,98320,192
3013204,shapes-mixed,work,jayce,48,1.0000,7,1,3,-1,-1,-1,163,200,2048,128,17562624,98320,98320,192
3013204,shapes-mixed,work,jayce,48,1.0000,7,2,3,199,154,157,167,200,2240,140,19378176,98320,98320,192
3013204,shapes-mixed,work,jayce,48,1.0000,8,0,2,199,154,157,167,200,2240,140,19378176,98320,98320,192
3013204,shapes-mixed,work,jayce,48,1.0000,8,1,2,-1,-1,166,-1,200,2304,144,19983360,98320,98320,192
3013204,shapes-mixed,work,jayce,48,1.0000,8,2,2,199,152,167,165,200,2496,156,21798912,98320,98320,192
3013204,shapes-mixed,work,jayce,48,1.0000,9,0,0,199,152,167,165,200,2496,156,21798912,98320,98320,192
3013204,shapes-mixed,work,jayce,48,1.0000,9,1,0,200,-1,-1,-1,200,2560,160,22404096,98320,98320,192
3013204,shapes-mixed,work,jayce,48,1.0000,9,2,0,200,154,167,163,200,2752,172,24219648,98320,98320,192
3013204,shapes-mixed,work,jayce,48,1.0000,10,0,3,200,154,167,163,200,2752,172,24219648,98320,98320,192
3013204,shapes-mixed,work,jayce,48,1.0000,10,1,3,-1,-1,-1,156,200,2816,176,24824832,98320,98320,192
3013204,shapes-mixed,work,jayce,48,1.0000,10,2,3,192,154,166,186,200,3008,188,26640384,98320,98320,192
3013204,shapes-mixed,work,jayce,48,1.0000,11,0,1,192,154,166,186,200,3008,188,26640384,98320,98320,192
3013204,shapes-mixed,work,jayce,48,1.0000,11,1,1,-1,166,-1,-1,200,3072,192,27245568,98320,98320,192
3013204,shapes-mixed,work,jayce,48,1.0000,11,2,1,192,178,165,174,200,3264,204,29061120,98320,98320,192
3013204,shapes-mixed,work,backprop,0,0.0100,0,0,0,50,52,69,40,200,0,0,0,53088,53088,0
3013204,shapes-mixed,work,backprop,0,0.0100,0,1,0,123,-1,-1,-1,200,80,5,541200,53088,53088,0
3013204,shapes-mixed,work,backprop,0,0.0100,0,2,0,186,50,87,33,200,368,23,2489520,53088,53088,0
3013204,shapes-mixed,work,backprop,0,0.0100,1,0,1,186,50,87,33,200,368,23,2489520,53088,53088,0
3013204,shapes-mixed,work,backprop,0,0.0100,1,1,1,-1,53,-1,-1,200,448,28,3030720,53088,53088,0
3013204,shapes-mixed,work,backprop,0,0.0100,1,2,1,109,151,60,61,200,736,46,4979040,53088,53088,0
3013204,shapes-mixed,work,backprop,0,0.0100,2,0,2,109,151,60,61,200,736,46,4979040,53088,53088,0
3013204,shapes-mixed,work,backprop,0,0.0100,2,1,2,-1,-1,73,-1,200,816,51,5520240,53088,53088,0
3013204,shapes-mixed,work,backprop,0,0.0100,2,2,2,91,128,179,57,200,1104,69,7468560,53088,53088,0
3013204,shapes-mixed,work,backprop,0,0.0100,3,0,3,91,128,179,57,200,1104,69,7468560,53088,53088,0
3013204,shapes-mixed,work,backprop,0,0.0100,3,1,3,-1,-1,-1,81,200,1184,74,8009760,53088,53088,0
3013204,shapes-mixed,work,backprop,0,0.0100,3,2,3,95,154,120,172,200,1472,92,9958080,53088,53088,0
3013204,shapes-mixed,work,backprop,0,0.0100,4,0,0,95,154,120,172,200,1472,92,9958080,53088,53088,0
3013204,shapes-mixed,work,backprop,0,0.0100,4,1,0,133,-1,-1,-1,200,1552,97,10499280,53088,53088,0
3013204,shapes-mixed,work,backprop,0,0.0100,4,2,0,192,126,136,153,200,1840,115,12447600,53088,53088,0
3013204,shapes-mixed,work,backprop,0,0.0100,5,0,2,192,126,136,153,200,1840,115,12447600,53088,53088,0
3013204,shapes-mixed,work,backprop,0,0.0100,5,1,2,-1,-1,155,-1,200,1920,120,12988800,53088,53088,0
3013204,shapes-mixed,work,backprop,0,0.0100,5,2,2,186,118,187,124,200,2208,138,14937120,53088,53088,0
3013204,shapes-mixed,work,backprop,0,0.0100,6,0,1,186,118,187,124,200,2208,138,14937120,53088,53088,0
3013204,shapes-mixed,work,backprop,0,0.0100,6,1,1,-1,147,-1,-1,200,2288,143,15478320,53088,53088,0
3013204,shapes-mixed,work,backprop,0,0.0100,6,2,1,158,184,171,111,200,2576,161,17426640,53088,53088,0
3013204,shapes-mixed,work,backprop,0,0.0100,7,0,3,158,184,171,111,200,2576,161,17426640,53088,53088,0
3013204,shapes-mixed,work,backprop,0,0.0100,7,1,3,-1,-1,-1,163,200,2656,166,17967840,53088,53088,0
3013204,shapes-mixed,work,backprop,0,0.0100,7,2,3,167,189,170,192,200,2944,184,19916160,53088,53088,0
3013204,shapes-mixed,work,backprop,0,0.0100,8,0,2,167,189,170,192,200,2944,184,19916160,53088,53088,0
3013204,shapes-mixed,work,backprop,0,0.0100,8,1,2,-1,-1,189,-1,200,3024,189,20457360,53088,53088,0
3013204,shapes-mixed,work,backprop,0,0.0100,8,2,2,169,189,197,195,200,3312,207,22405680,53088,53088,0
3013204,shapes-mixed,work,backprop,0,0.0100,9,0,0,169,189,197,195,200,3312,207,22405680,53088,53088,0
3013204,shapes-mixed,work,backprop,0,0.0100,9,1,0,189,-1,-1,-1,200,3392,212,22946880,53088,53088,0
3013204,shapes-mixed,work,backprop,0,0.0100,9,2,0,197,179,190,186,200,3680,230,24895200,53088,53088,0
3013204,shapes-mixed,work,backprop,0,0.0100,10,0,3,197,179,190,186,200,3680,230,24895200,53088,53088,0
3013204,shapes-mixed,work,backprop,0,0.0100,10,1,3,-1,-1,-1,193,200,3760,235,25436400,53088,53088,0
3013204,shapes-mixed,work,backprop,0,0.0100,10,2,3,189,181,193,196,200,4048,253,27384720,53088,53088,0
3013204,shapes-mixed,work,backprop,0,0.0100,11,0,1,189,181,193,196,200,4048,253,27384720,53088,53088,0
3013204,shapes-mixed,work,backprop,0,0.0100,11,1,1,-1,188,-1,-1,200,4128,258,27925920,53088,53088,0
3013204,shapes-mixed,work,backprop,0,0.0100,11,2,1,178,192,198,195,200,4416,276,29874240,53088,53088,0
3013204,shapes-mixed,memory,jayce,24,1.0000,0,0,0,50,50,50,50,200,0,0,0,16,49168,0
3013204,shapes-mixed,memory,jayce,24,1.0000,0,1,0,191,-1,-1,-1,200,256,16,777984,49168,49168,96
3013204,shapes-mixed,memory,jayce,24,1.0000,0,2,0,199,56,71,16,200,1024,64,4482816,49168,49168,96
3013204,shapes-mixed,memory,jayce,24,1.0000,1,0,1,199,56,71,16,200,1024,64,4482816,49168,49168,96
3013204,shapes-mixed,memory,jayce,24,1.0000,1,1,1,-1,157,-1,-1,200,1280,80,5717760,49168,49168,96
3013204,shapes-mixed,memory,jayce,24,1.0000,1,2,1,199,148,68,23,200,2048,128,9422592,49168,49168,96
3013204,shapes-mixed,memory,jayce,24,1.0000,2,0,2,199,148,68,23,200,2048,128,9422592,49168,49168,96
3013204,shapes-mixed,memory,jayce,24,1.0000,2,1,2,-1,-1,170,-1,200,2304,144,10657536,49168,49168,96
3013204,shapes-mixed,memory,jayce,24,1.0000,2,2,2,188,141,161,76,200,3072,192,14362368,49168,49168,96
3013204,shapes-mixed,memory,jayce,24,1.0000,3,0,3,188,141,161,76,200,3072,192,14362368,49168,49168,96
3013204,shapes-mixed,memory,jayce,24,1.0000,3,1,3,-1,-1,-1,186,200,3328,208,15597312,49168,49168,96
3013204,shapes-mixed,memory,jayce,24,1.0000,3,2,3,173,131,159,180,200,4096,256,19302144,49168,49168,96
3013204,shapes-mixed,memory,jayce,24,1.0000,4,0,0,173,131,159,180,200,4096,256,19302144,49168,49168,96
3013204,shapes-mixed,memory,jayce,24,1.0000,4,1,0,194,-1,-1,-1,200,4352,272,20537088,49168,49168,96
3013204,shapes-mixed,memory,jayce,24,1.0000,4,2,0,198,132,160,179,200,5120,320,24241920,49168,49168,96
3013204,shapes-mixed,memory,jayce,24,1.0000,5,0,2,198,132,160,179,200,5120,320,24241920,49168,49168,96
3013204,shapes-mixed,memory,jayce,24,1.0000,5,1,2,-1,-1,181,-1,200,5376,336,25476864,49168,49168,96
3013204,shapes-mixed,memory,jayce,24,1.0000,5,2,2,198,120,177,179,200,6144,384,29181696,49168,49168,96
3013204,shapes-mixed,memory,jayce,24,1.0000,6,0,1,198,120,177,179,200,6144,384,29181696,49168,49168,96
3013204,shapes-mixed,memory,jayce,24,1.0000,6,1,1,-1,163,-1,-1,200,6400,400,30416640,49168,49168,96
3013204,shapes-mixed,memory,jayce,24,1.0000,6,2,1,198,173,160,164,200,7168,448,34121472,49168,49168,96
3013204,shapes-mixed,memory,jayce,24,1.0000,7,0,3,198,173,160,164,200,7168,448,34121472,49168,49168,96
3013204,shapes-mixed,memory,jayce,24,1.0000,7,1,3,-1,-1,-1,178,200,7424,464,35356416,49168,49168,96
3013204,shapes-mixed,memory,jayce,24,1.0000,7,2,3,196,165,160,179,200,8192,512,39061248,49168,49168,96
3013204,shapes-mixed,memory,jayce,24,1.0000,8,0,2,196,165,160,179,200,8192,512,39061248,49168,49168,96
3013204,shapes-mixed,memory,jayce,24,1.0000,8,1,2,-1,-1,179,-1,200,8448,528,40296192,49168,49168,96
3013204,shapes-mixed,memory,jayce,24,1.0000,8,2,2,196,165,181,179,200,9216,576,44001024,49168,49168,96
3013204,shapes-mixed,memory,jayce,24,1.0000,9,0,0,196,165,181,179,200,9216,576,44001024,49168,49168,96
3013204,shapes-mixed,memory,jayce,24,1.0000,9,1,0,189,-1,-1,-1,200,9472,592,45235968,49168,49168,96
3013204,shapes-mixed,memory,jayce,24,1.0000,9,2,0,194,166,178,180,200,10240,640,48940800,49168,49168,96
3013204,shapes-mixed,memory,jayce,24,1.0000,10,0,3,194,166,178,180,200,10240,640,48940800,49168,49168,96
3013204,shapes-mixed,memory,jayce,24,1.0000,10,1,3,-1,-1,-1,181,200,10496,656,50175744,49168,49168,96
3013204,shapes-mixed,memory,jayce,24,1.0000,10,2,3,188,161,178,177,200,11264,704,53880576,49168,49168,96
3013204,shapes-mixed,memory,jayce,24,1.0000,11,0,1,188,161,178,177,200,11264,704,53880576,49168,49168,96
3013204,shapes-mixed,memory,jayce,24,1.0000,11,1,1,-1,174,-1,-1,200,11520,720,55115520,49168,49168,96
3013204,shapes-mixed,memory,jayce,24,1.0000,11,2,1,188,186,163,175,200,12288,768,58820352,49168,49168,96
3013204,shapes-mixed,memory,backprop,0,0.0030,0,0,0,50,52,69,40,200,0,0,0,53088,53088,0
3013204,shapes-mixed,memory,backprop,0,0.0030,0,1,0,127,-1,-1,-1,200,256,16,1731840,53088,53088,0
3013204,shapes-mixed,memory,backprop,0,0.0030,0,2,0,190,52,93,30,200,1024,64,6927360,53088,53088,0
3013204,shapes-mixed,memory,backprop,0,0.0030,1,0,1,190,52,93,30,200,1024,64,6927360,53088,53088,0
3013204,shapes-mixed,memory,backprop,0,0.0030,1,1,1,-1,103,-1,-1,200,1280,80,8659200,53088,53088,0
3013204,shapes-mixed,memory,backprop,0,0.0030,1,2,1,102,181,70,58,200,2048,128,13854720,53088,53088,0
3013204,shapes-mixed,memory,backprop,0,0.0030,2,0,2,102,181,70,58,200,2048,128,13854720,53088,53088,0
3013204,shapes-mixed,memory,backprop,0,0.0030,2,1,2,-1,-1,137,-1,200,2304,144,15586560,53088,53088,0
3013204,shapes-mixed,memory,backprop,0,0.0030,2,2,2,105,166,184,57,200,3072,192,20782080,53088,53088,0
3013204,shapes-mixed,memory,backprop,0,0.0030,3,0,3,105,166,184,57,200,3072,192,20782080,53088,53088,0
3013204,shapes-mixed,memory,backprop,0,0.0030,3,1,3,-1,-1,-1,139,200,3328,208,22513920,53088,53088,0
3013204,shapes-mixed,memory,backprop,0,0.0030,3,2,3,119,177,105,191,200,4096,256,27709440,53088,53088,0
3013204,shapes-mixed,memory,backprop,0,0.0030,4,0,0,119,177,105,191,200,4096,256,27709440,53088,53088,0
3013204,shapes-mixed,memory,backprop,0,0.0030,4,1,0,185,-1,-1,-1,200,4352,272,29441280,53088,53088,0
3013204,shapes-mixed,memory,backprop,0,0.0030,4,2,0,196,161,141,173,200,5120,320,34636800,53088,53088,0
3013204,shapes-mixed,memory,backprop,0,0.0030,5,0,2,196,161,141,173,200,5120,320,34636800,53088,53088,0
3013204,shapes-mixed,memory,backprop,0,0.0030,5,1,2,-1,-1,180,-1,200,5376,336,36368640,53088,53088,0
3013204,shapes-mixed,memory,backprop,0,0.0030,5,2,2,194,155,194,163,200,6144,384,41564160,53088,53088,0
3013204,shapes-mixed,memory,backprop,0,0.0030,6,0,1,194,155,194,163,200,6144,384,41564160,53088,53088,0
3013204,shapes-mixed,memory,backprop,0,0.0030,6,1,1,-1,177,-1,-1,200,6400,400,43296000,53088,53088,0
3013204,shapes-mixed,memory,backprop,0,0.0030,6,2,1,190,198,193,185,200,7168,448,48491520,53088,53088,0
3013204,shapes-mixed,memory,backprop,0,0.0030,7,0,3,190,198,193,185,200,7168,448,48491520,53088,53088,0
3013204,shapes-mixed,memory,backprop,0,0.0030,7,1,3,-1,-1,-1,191,200,7424,464,50223360,53088,53088,0
3013204,shapes-mixed,memory,backprop,0,0.0030,7,2,3,172,193,191,198,200,8192,512,55418880,53088,53088,0
3013204,shapes-mixed,memory,backprop,0,0.0030,8,0,2,172,193,191,198,200,8192,512,55418880,53088,53088,0
3013204,shapes-mixed,memory,backprop,0,0.0030,8,1,2,-1,-1,195,-1,200,8448,528,57150720,53088,53088,0
3013204,shapes-mixed,memory,backprop,0,0.0030,8,2,2,192,195,198,197,200,9216,576,62346240,53088,53088,0
3013204,shapes-mixed,memory,backprop,0,0.0030,9,0,0,192,195,198,197,200,9216,576,62346240,53088,53088,0
3013204,shapes-mixed,memory,backprop,0,0.0030,9,1,0,196,-1,-1,-1,200,9472,592,64078080,53088,53088,0
3013204,shapes-mixed,memory,backprop,0,0.0030,9,2,0,198,191,194,195,200,10240,640,69273600,53088,53088,0
3013204,shapes-mixed,memory,backprop,0,0.0030,10,0,3,198,191,194,195,200,10240,640,69273600,53088,53088,0
3013204,shapes-mixed,memory,backprop,0,0.0030,10,1,3,-1,-1,-1,197,200,10496,656,71005440,53088,53088,0
3013204,shapes-mixed,memory,backprop,0,0.0030,10,2,3,181,192,196,199,200,11264,704,76200960,53088,53088,0
3013204,shapes-mixed,memory,backprop,0,0.0030,11,0,1,181,192,196,199,200,11264,704,76200960,53088,53088,0
3013204,shapes-mixed,memory,backprop,0,0.0030,11,1,1,-1,194,-1,-1,200,11520,720,77932800,53088,53088,0
3013204,shapes-mixed,memory,backprop,0,0.0030,11,2,1,183,198,197,195,200,12288,768,83128320,53088,53088,0
3117933,shapes-mixed,examples,jayce,48,1.0000,0,0,0,50,50,50,50,200,0,0,0,16,98320,0
3117933,shapes-mixed,examples,jayce,48,1.0000,0,1,0,197,-1,-1,-1,200,256,16,617472,98320,98320,192
3117933,shapes-mixed,examples,jayce,48,1.0000,0,2,0,196,61,75,29,200,1024,64,7879680,98320,98320,192
3117933,shapes-mixed,examples,jayce,48,1.0000,1,0,1,196,61,75,29,200,1024,64,7879680,98320,98320,192
3117933,shapes-mixed,examples,jayce,48,1.0000,1,1,1,-1,147,-1,-1,200,1280,80,10300416,98320,98320,192
3117933,shapes-mixed,examples,jayce,48,1.0000,1,2,1,196,154,73,37,200,2048,128,17562624,98320,98320,192
3117933,shapes-mixed,examples,jayce,48,1.0000,2,0,2,196,154,73,37,200,2048,128,17562624,98320,98320,192
3117933,shapes-mixed,examples,jayce,48,1.0000,2,1,2,-1,-1,178,-1,200,2304,144,19983360,98320,98320,192
3117933,shapes-mixed,examples,jayce,48,1.0000,2,2,2,194,152,172,84,200,3072,192,27245568,98320,98320,192
3117933,shapes-mixed,examples,jayce,48,1.0000,3,0,3,194,152,172,84,200,3072,192,27245568,98320,98320,192
3117933,shapes-mixed,examples,jayce,48,1.0000,3,1,3,-1,-1,-1,177,200,3328,208,29666304,98320,98320,192
3117933,shapes-mixed,examples,jayce,48,1.0000,3,2,3,192,144,172,168,200,4096,256,36928512,98320,98320,192
3117933,shapes-mixed,examples,jayce,48,1.0000,4,0,0,192,144,172,168,200,4096,256,36928512,98320,98320,192
3117933,shapes-mixed,examples,jayce,48,1.0000,4,1,0,195,-1,-1,-1,200,4352,272,39349248,98320,98320,192
3117933,shapes-mixed,examples,jayce,48,1.0000,4,2,0,196,141,172,168,200,5120,320,46611456,98320,98320,192
3117933,shapes-mixed,examples,jayce,48,1.0000,5,0,2,196,141,172,168,200,5120,320,46611456,98320,98320,192
3117933,shapes-mixed,examples,jayce,48,1.0000,5,1,2,-1,-1,172,-1,200,5376,336,49032192,98320,98320,192
3117933,shapes-mixed,examples,jayce,48,1.0000,5,2,2,196,141,180,168,200,6144,384,56294400,98320,98320,192
3117933,shapes-mixed,examples,jayce,48,1.0000,6,0,1,196,141,180,168,200,6144,384,56294400,98320,98320,192
3117933,shapes-mixed,examples,jayce,48,1.0000,6,1,1,-1,168,-1,-1,200,6400,400,58715136,98320,98320,192
3117933,shapes-mixed,examples,jayce,48,1.0000,6,2,1,196,155,176,144,200,7168,448,65977344,98320,98320,192
3117933,shapes-mixed,examples,jayce,48,1.0000,7,0,3,196,155,176,144,200,7168,448,65977344,98320,98320,192
3117933,shapes-mixed,examples,jayce,48,1.0000,7,1,3,-1,-1,-1,166,200,7424,464,68398080,98320,98320,192
3117933,shapes-mixed,examples,jayce,48,1.0000,7,2,3,195,151,176,180,200,8192,512,75660288,98320,98320,192
3117933,shapes-mixed,examples,jayce,48,1.0000,8,0,2,195,151,176,180,200,8192,512,75660288,98320,98320,192
3117933,shapes-mixed,examples,jayce,48,1.0000,8,1,2,-1,-1,175,-1,200,8448,528,78081024,98320,98320,192
3117933,shapes-mixed,examples,jayce,48,1.0000,8,2,2,195,151,172,179,200,9216,576,85343232,98320,98320,192
3117933,shapes-mixed,examples,jayce,48,1.0000,9,0,0,195,151,172,179,200,9216,576,85343232,98320,98320,192
3117933,shapes-mixed,examples,jayce,48,1.0000,9,1,0,196,-1,-1,-1,200,9472,592,87763968,98320,98320,192
3117933,shapes-mixed,examples,jayce,48,1.0000,9,2,0,196,150,172,179,200,10240,640,95026176,98320,98320,192
3117933,shapes-mixed,examples,jayce,48,1.0000,10,0,3,196,150,172,179,200,10240,640,95026176,98320,98320,192
3117933,shapes-mixed,examples,jayce,48,1.0000,10,1,3,-1,-1,-1,169,200,10496,656,97446912,98320,98320,192
3117933,shapes-mixed,examples,jayce,48,1.0000,10,2,3,196,145,172,171,200,11264,704,104709120,98320,98320,192
3117933,shapes-mixed,examples,jayce,48,1.0000,11,0,1,196,145,172,171,200,11264,704,104709120,98320,98320,192
3117933,shapes-mixed,examples,jayce,48,1.0000,11,1,1,-1,178,-1,-1,200,11520,720,107129856,98320,98320,192
3117933,shapes-mixed,examples,jayce,48,1.0000,11,2,1,196,180,170,150,200,12288,768,114392064,98320,98320,192
3117933,shapes-mixed,examples,backprop,0,0.0030,0,0,0,28,32,89,30,200,0,0,0,53088,53088,0
3117933,shapes-mixed,examples,backprop,0,0.0030,0,1,0,123,-1,-1,-1,200,256,16,1731840,53088,53088,0
3117933,shapes-mixed,examples,backprop,0,0.0030,0,2,0,177,49,97,28,200,1024,64,6927360,53088,53088,0
3117933,shapes-mixed,examples,backprop,0,0.0030,1,0,1,177,49,97,28,200,1024,64,6927360,53088,53088,0
3117933,shapes-mixed,examples,backprop,0,0.0030,1,1,1,-1,87,-1,-1,200,1280,80,8659200,53088,53088,0
3117933,shapes-mixed,examples,backprop,0,0.0030,1,2,1,96,182,42,63,200,2048,128,13854720,53088,53088,0
3117933,shapes-mixed,examples,backprop,0,0.0030,2,0,2,96,182,42,63,200,2048,128,13854720,53088,53088,0
3117933,shapes-mixed,examples,backprop,0,0.0030,2,1,2,-1,-1,136,-1,200,2304,144,15586560,53088,53088,0
3117933,shapes-mixed,examples,backprop,0,0.0030,2,2,2,104,161,183,55,200,3072,192,20782080,53088,53088,0
3117933,shapes-mixed,examples,backprop,0,0.0030,3,0,3,104,161,183,55,200,3072,192,20782080,53088,53088,0
3117933,shapes-mixed,examples,backprop,0,0.0030,3,1,3,-1,-1,-1,116,200,3328,208,22513920,53088,53088,0
3117933,shapes-mixed,examples,backprop,0,0.0030,3,2,3,115,178,108,178,200,4096,256,27709440,53088,53088,0
3117933,shapes-mixed,examples,backprop,0,0.0030,4,0,0,115,178,108,178,200,4096,256,27709440,53088,53088,0
3117933,shapes-mixed,examples,backprop,0,0.0030,4,1,0,169,-1,-1,-1,200,4352,272,29441280,53088,53088,0
3117933,shapes-mixed,examples,backprop,0,0.0030,4,2,0,191,141,123,166,200,5120,320,34636800,53088,53088,0
3117933,shapes-mixed,examples,backprop,0,0.0030,5,0,2,191,141,123,166,200,5120,320,34636800,53088,53088,0
3117933,shapes-mixed,examples,backprop,0,0.0030,5,1,2,-1,-1,181,-1,200,5376,336,36368640,53088,53088,0
3117933,shapes-mixed,examples,backprop,0,0.0030,5,2,2,184,159,181,144,200,6144,384,41564160,53088,53088,0
3117933,shapes-mixed,examples,backprop,0,0.0030,6,0,1,184,159,181,144,200,6144,384,41564160,53088,53088,0
3117933,shapes-mixed,examples,backprop,0,0.0030,6,1,1,-1,186,-1,-1,200,6400,400,43296000,53088,53088,0
3117933,shapes-mixed,examples,backprop,0,0.0030,6,2,1,184,192,188,170,200,7168,448,48491520,53088,53088,0
3117933,shapes-mixed,examples,backprop,0,0.0030,7,0,3,184,192,188,170,200,7168,448,48491520,53088,53088,0
3117933,shapes-mixed,examples,backprop,0,0.0030,7,1,3,-1,-1,-1,178,200,7424,464,50223360,53088,53088,0
3117933,shapes-mixed,examples,backprop,0,0.0030,7,2,3,172,191,184,191,200,8192,512,55418880,53088,53088,0
3117933,shapes-mixed,examples,backprop,0,0.0030,8,0,2,172,191,184,191,200,8192,512,55418880,53088,53088,0
3117933,shapes-mixed,examples,backprop,0,0.0030,8,1,2,-1,-1,189,-1,200,8448,528,57150720,53088,53088,0
3117933,shapes-mixed,examples,backprop,0,0.0030,8,2,2,178,188,194,187,200,9216,576,62346240,53088,53088,0
3117933,shapes-mixed,examples,backprop,0,0.0030,9,0,0,178,188,194,187,200,9216,576,62346240,53088,53088,0
3117933,shapes-mixed,examples,backprop,0,0.0030,9,1,0,194,-1,-1,-1,200,9472,592,64078080,53088,53088,0
3117933,shapes-mixed,examples,backprop,0,0.0030,9,2,0,194,187,188,190,200,10240,640,69273600,53088,53088,0
3117933,shapes-mixed,examples,backprop,0,0.0030,10,0,3,194,187,188,190,200,10240,640,69273600,53088,53088,0
3117933,shapes-mixed,examples,backprop,0,0.0030,10,1,3,-1,-1,-1,190,200,10496,656,71005440,53088,53088,0
3117933,shapes-mixed,examples,backprop,0,0.0030,10,2,3,193,189,187,193,200,11264,704,76200960,53088,53088,0
3117933,shapes-mixed,examples,backprop,0,0.0030,11,0,1,193,189,187,193,200,11264,704,76200960,53088,53088,0
3117933,shapes-mixed,examples,backprop,0,0.0030,11,1,1,-1,192,-1,-1,200,11520,720,77932800,53088,53088,0
3117933,shapes-mixed,examples,backprop,0,0.0030,11,2,1,183,193,188,192,200,12288,768,83128320,53088,53088,0
3117933,shapes-mixed,work,jayce,48,1.0000,0,0,0,50,50,50,50,200,0,0,0,16,98320,0
3117933,shapes-mixed,work,jayce,48,1.0000,0,1,0,197,-1,-1,-1,200,256,16,617472,98320,98320,192
3117933,shapes-mixed,work,jayce,48,1.0000,0,2,0,194,59,76,38,200,448,28,2433024,98320,98320,192
3117933,shapes-mixed,work,jayce,48,1.0000,1,0,1,194,59,76,38,200,448,28,2433024,98320,98320,192
3117933,shapes-mixed,work,jayce,48,1.0000,1,1,1,-1,148,-1,-1,200,512,32,3038208,98320,98320,192
3117933,shapes-mixed,work,jayce,48,1.0000,1,2,1,193,146,72,43,200,704,44,4853760,98320,98320,192
3117933,shapes-mixed,work,jayce,48,1.0000,2,0,2,193,146,72,43,200,704,44,4853760,98320,98320,192
3117933,shapes-mixed,work,jayce,48,1.0000,2,1,2,-1,-1,152,-1,200,768,48,5458944,98320,98320,192
3117933,shapes-mixed,work,jayce,48,1.0000,2,2,2,193,139,165,92,200,960,60,7274496,98320,98320,192
3117933,shapes-mixed,work,jayce,48,1.0000,3,0,3,193,139,165,92,200,960,60,7274496,98320,98320,192
3117933,shapes-mixed,work,jayce,48,1.0000,3,1,3,-1,-1,-1,149,200,1024,64,7879680,98320,98320,192
3117933,shapes-mixed,work,jayce,48,1.0000,3,2,3,193,139,165,181,200,1216,76,9695232,98320,98320,192
3117933,shapes-mixed,work,jayce,48,1.0000,4,0,0,193,139,165,181,200,1216,76,9695232,98320,98320,192
3117933,shapes-mixed,work,jayce,48,1.0000,4,1,0,196,-1,-1,-1,200,1280,80,10300416,98320,98320,192
3117933,shapes-mixed,work,jayce,48,1.0000,4,2,0,194,134,165,181,200,1472,92,12115968,98320,98320,192
3117933,shapes-mixed,work,jayce,48,1.0000,5,0,2,194,134,165,181,200,1472,92,12115968,98320,98320,192
3117933,shapes-mixed,work,jayce,48,1.0000,5,1,2,-1,-1,177,-1,200,1536,96,12721152,98320,98320,192
3117933,shapes-mixed,work,jayce,48,1.0000,5,2,2,193,130,166,181,200,1728,108,14536704,98320,98320,192
3117933,shapes-mixed,work,jayce,48,1.0000,6,0,1,193,130,166,181,200,1728,108,14536704,98320,98320,192
3117933,shapes-mixed,work,jayce,48,1.0000,6,1,1,-1,160,-1,-1,200,1792,112,15141888,98320,98320,192
3117933,shapes-mixed,work,jayce,48,1.0000,6,2,1,192,160,159,165,200,1984,124,16957440,98320,98320,192
3117933,shapes-mixed,work,jayce,48,1.0000,7,0,3,192,160,159,165,200,1984,124,16957440,98320,98320,192
3117933,shapes-mixed,work,jayce,48,1.0000,7,1,3,-1,-1,-1,163,200,2048,128,17562624,98320,98320,192
3117933,shapes-mixed,work,jayce,48,1.0000,7,2,3,187,157,159,164,200,2240,140,19378176,98320,98320,192
3117933,shapes-mixed,work,jayce,48,1.0000,8,0,2,187,157,159,164,200,2240,140,19378176,98320,98320,192
3117933,shapes-mixed,work,jayce,48,1.0000,8,1,2,-1,-1,173,-1,200,2304,144,19983360,98320,98320,192
3117933,shapes-mixed,work,jayce,48,1.0000,8,2,2,186,159,172,164,200,2496,156,21798912,98320,98320,192
3117933,shapes-mixed,work,jayce,48,1.0000,9,0,0,186,159,172,164,200,2496,156,21798912,98320,98320,192
3117933,shapes-mixed,work,jayce,48,1.0000,9,1,0,196,-1,-1,-1,200,2560,160,22404096,98320,98320,192
3117933,shapes-mixed,work,jayce,48,1.0000,9,2,0,195,158,171,166,200,2752,172,24219648,98320,98320,192
3117933,shapes-mixed,work,jayce,48,1.0000,10,0,3,195,158,171,166,200,2752,172,24219648,98320,98320,192
3117933,shapes-mixed,work,jayce,48,1.0000,10,1,3,-1,-1,-1,166,200,2816,176,24824832,98320,98320,192
3117933,shapes-mixed,work,jayce,48,1.0000,10,2,3,195,160,171,162,200,3008,188,26640384,98320,98320,192
3117933,shapes-mixed,work,jayce,48,1.0000,11,0,1,195,160,171,162,200,3008,188,26640384,98320,98320,192
3117933,shapes-mixed,work,jayce,48,1.0000,11,1,1,-1,154,-1,-1,200,3072,192,27245568,98320,98320,192
3117933,shapes-mixed,work,jayce,48,1.0000,11,2,1,195,171,169,152,200,3264,204,29061120,98320,98320,192
3117933,shapes-mixed,work,backprop,0,0.0100,0,0,0,28,32,89,30,200,0,0,0,53088,53088,0
3117933,shapes-mixed,work,backprop,0,0.0100,0,1,0,117,-1,-1,-1,200,80,5,541200,53088,53088,0
3117933,shapes-mixed,work,backprop,0,0.0100,0,2,0,177,50,91,25,200,368,23,2489520,53088,53088,0
3117933,shapes-mixed,work,backprop,0,0.0100,1,0,1,177,50,91,25,200,368,23,2489520,53088,53088,0
3117933,shapes-mixed,work,backprop,0,0.0100,1,1,1,-1,53,-1,-1,200,448,28,3030720,53088,53088,0
3117933,shapes-mixed,work,backprop,0,0.0100,1,2,1,101,163,63,59,200,736,46,4979040,53088,53088,0
3117933,shapes-mixed,work,backprop,0,0.0100,2,0,2,101,163,63,59,200,736,46,4979040,53088,53088,0
3117933,shapes-mixed,work,backprop,0,0.0100,2,1,2,-1,-1,82,-1,200,816,51,5520240,53088,53088,0
3117933,shapes-mixed,work,backprop,0,0.0100,2,2,2,93,162,173,66,200,1104,69,7468560,53088,53088,0
3117933,shapes-mixed,work,backprop,0,0.0100,3,0,3,93,162,173,66,200,1104,69,7468560,53088,53088,0
3117933,shapes-mixed,work,backprop,0,0.0100,3,1,3,-1,-1,-1,72,200,1184,74,8009760,53088,53088,0
3117933,shapes-mixed,work,backprop,0,0.0100,3,2,3,95,155,101,158,200,1472,92,9958080,53088,53088,0
3117933,shapes-mixed,work,backprop,0,0.0100,4,0,0,95,155,101,158,200,1472,92,9958080,53088,53088,0
3117933,shapes-mixed,work,backprop,0,0.0100,4,1,0,114,-1,-1,-1,200,1552,97,10499280,53088,53088,0
3117933,shapes-mixed,work,backprop,0,0.0100,4,2,0,188,121,101,150,200,1840,115,12447600,53088,53088,0
3117933,shapes-mixed,work,backprop,0,0.0100,5,0,2,188,121,101,150,200,1840,115,12447600,53088,53088,0
3117933,shapes-mixed,work,backprop,0,0.0100,5,1,2,-1,-1,167,-1,200,1920,120,12988800,53088,53088,0
3117933,shapes-mixed,work,backprop,0,0.0100,5,2,2,176,105,175,90,200,2208,138,14937120,53088,53088,0
3117933,shapes-mixed,work,backprop,0,0.0100,6,0,1,176,105,175,90,200,2208,138,14937120,53088,53088,0
3117933,shapes-mixed,work,backprop,0,0.0100,6,1,1,-1,139,-1,-1,200,2288,143,15478320,53088,53088,0
3117933,shapes-mixed,work,backprop,0,0.0100,6,2,1,174,183,181,118,200,2576,161,17426640,53088,53088,0
3117933,shapes-mixed,work,backprop,0,0.0100,7,0,3,174,183,181,118,200,2576,161,17426640,53088,53088,0
3117933,shapes-mixed,work,backprop,0,0.0100,7,1,3,-1,-1,-1,149,200,2656,166,17967840,53088,53088,0
3117933,shapes-mixed,work,backprop,0,0.0100,7,2,3,169,185,170,172,200,2944,184,19916160,53088,53088,0
3117933,shapes-mixed,work,backprop,0,0.0100,8,0,2,169,185,170,172,200,2944,184,19916160,53088,53088,0
3117933,shapes-mixed,work,backprop,0,0.0100,8,1,2,-1,-1,183,-1,200,3024,189,20457360,53088,53088,0
3117933,shapes-mixed,work,backprop,0,0.0100,8,2,2,175,182,190,179,200,3312,207,22405680,53088,53088,0
3117933,shapes-mixed,work,backprop,0,0.0100,9,0,0,175,182,190,179,200,3312,207,22405680,53088,53088,0
3117933,shapes-mixed,work,backprop,0,0.0100,9,1,0,183,-1,-1,-1,200,3392,212,22946880,53088,53088,0
3117933,shapes-mixed,work,backprop,0,0.0100,9,2,0,187,187,184,170,200,3680,230,24895200,53088,53088,0
3117933,shapes-mixed,work,backprop,0,0.0100,10,0,3,187,187,184,170,200,3680,230,24895200,53088,53088,0
3117933,shapes-mixed,work,backprop,0,0.0100,10,1,3,-1,-1,-1,182,200,3760,235,25436400,53088,53088,0
3117933,shapes-mixed,work,backprop,0,0.0100,10,2,3,172,186,181,186,200,4048,253,27384720,53088,53088,0
3117933,shapes-mixed,work,backprop,0,0.0100,11,0,1,172,186,181,186,200,4048,253,27384720,53088,53088,0
3117933,shapes-mixed,work,backprop,0,0.0100,11,1,1,-1,189,-1,-1,200,4128,258,27925920,53088,53088,0
3117933,shapes-mixed,work,backprop,0,0.0100,11,2,1,167,190,187,182,200,4416,276,29874240,53088,53088,0
3117933,shapes-mixed,memory,jayce,24,1.0000,0,0,0,50,50,50,50,200,0,0,0,16,49168,0
3117933,shapes-mixed,memory,jayce,24,1.0000,0,1,0,195,-1,-1,-1,200,256,16,777984,49168,49168,96
3117933,shapes-mixed,memory,jayce,24,1.0000,0,2,0,195,68,82,28,200,1024,64,4482816,49168,49168,96
3117933,shapes-mixed,memory,jayce,24,1.0000,1,0,1,195,68,82,28,200,1024,64,4482816,49168,49168,96
3117933,shapes-mixed,memory,jayce,24,1.0000,1,1,1,-1,147,-1,-1,200,1280,80,5717760,49168,49168,96
3117933,shapes-mixed,memory,jayce,24,1.0000,1,2,1,194,154,63,45,200,2048,128,9422592,49168,49168,96
3117933,shapes-mixed,memory,jayce,24,1.0000,2,0,2,194,154,63,45,200,2048,128,9422592,49168,49168,96
3117933,shapes-mixed,memory,jayce,24,1.0000,2,1,2,-1,-1,156,-1,200,2304,144,10657536,49168,49168,96
3117933,shapes-mixed,memory,jayce,24,1.0000,2,2,2,190,159,164,95,200,3072,192,14362368,49168,49168,96
3117933,shapes-mixed,memory,jayce,24,1.0000,3,0,3,190,159,164,95,200,3072,192,14362368,49168,49168,96
3117933,shapes-mixed,memory,jayce,24,1.0000,3,1,3,-1,-1,-1,178,200,3328,208,15597312,49168,49168,96
3117933,shapes-mixed,memory,jayce,24,1.0000,3,2,3,180,143,165,170,200,4096,256,19302144,49168,49168,96
3117933,shapes-mixed,memory,jayce,24,1.0000,4,0,0,180,143,165,170,200,4096,256,19302144,49168,49168,96
3117933,shapes-mixed,memory,jayce,24,1.0000,4,1,0,185,-1,-1,-1,200,4352,272,20537088,49168,49168,96
3117933,shapes-mixed,memory,jayce,24,1.0000,4,2,0,191,142,163,170,200,5120,320,24241920,49168,49168,96
3117933,shapes-mixed,memory,jayce,24,1.0000,5,0,2,191,142,163,170,200,5120,320,24241920,49168,49168,96
3117933,shapes-mixed,memory,jayce,24,1.0000,5,1,2,-1,-1,166,-1,200,5376,336,25476864,49168,49168,96
3117933,shapes-mixed,memory,jayce,24,1.0000,5,2,2,186,141,176,160,200,6144,384,29181696,49168,49168,96
3117933,shapes-mixed,memory,jayce,24,1.0000,6,0,1,186,141,176,160,200,6144,384,29181696,49168,49168,96
3117933,shapes-mixed,memory,jayce,24,1.0000,6,1,1,-1,167,-1,-1,200,6400,400,30416640,49168,49168,96
3117933,shapes-mixed,memory,jayce,24,1.0000,6,2,1,186,158,168,146,200,7168,448,34121472,49168,49168,96
3117933,shapes-mixed,memory,jayce,24,1.0000,7,0,3,186,158,168,146,200,7168,448,34121472,49168,49168,96
3117933,shapes-mixed,memory,jayce,24,1.0000,7,1,3,-1,-1,-1,163,200,7424,464,35356416,49168,49168,96
3117933,shapes-mixed,memory,jayce,24,1.0000,7,2,3,181,147,168,180,200,8192,512,39061248,49168,49168,96
3117933,shapes-mixed,memory,jayce,24,1.0000,8,0,2,181,147,168,180,200,8192,512,39061248,49168,49168,96
3117933,shapes-mixed,memory,jayce,24,1.0000,8,1,2,-1,-1,171,-1,200,8448,528,40296192,49168,49168,96
3117933,shapes-mixed,memory,jayce,24,1.0000,8,2,2,180,145,156,179,200,9216,576,44001024,49168,49168,96
3117933,shapes-mixed,memory,jayce,24,1.0000,9,0,0,180,145,156,179,200,9216,576,44001024,49168,49168,96
3117933,shapes-mixed,memory,jayce,24,1.0000,9,1,0,194,-1,-1,-1,200,9472,592,45235968,49168,49168,96
3117933,shapes-mixed,memory,jayce,24,1.0000,9,2,0,185,145,155,179,200,10240,640,48940800,49168,49168,96
3117933,shapes-mixed,memory,jayce,24,1.0000,10,0,3,185,145,155,179,200,10240,640,48940800,49168,49168,96
3117933,shapes-mixed,memory,jayce,24,1.0000,10,1,3,-1,-1,-1,169,200,10496,656,50175744,49168,49168,96
3117933,shapes-mixed,memory,jayce,24,1.0000,10,2,3,183,145,150,173,200,11264,704,53880576,49168,49168,96
3117933,shapes-mixed,memory,jayce,24,1.0000,11,0,1,183,145,150,173,200,11264,704,53880576,49168,49168,96
3117933,shapes-mixed,memory,jayce,24,1.0000,11,1,1,-1,169,-1,-1,200,11520,720,55115520,49168,49168,96
3117933,shapes-mixed,memory,jayce,24,1.0000,11,2,1,183,181,154,167,200,12288,768,58820352,49168,49168,96
3117933,shapes-mixed,memory,backprop,0,0.0030,0,0,0,28,32,89,30,200,0,0,0,53088,53088,0
3117933,shapes-mixed,memory,backprop,0,0.0030,0,1,0,123,-1,-1,-1,200,256,16,1731840,53088,53088,0
3117933,shapes-mixed,memory,backprop,0,0.0030,0,2,0,177,49,97,28,200,1024,64,6927360,53088,53088,0
3117933,shapes-mixed,memory,backprop,0,0.0030,1,0,1,177,49,97,28,200,1024,64,6927360,53088,53088,0
3117933,shapes-mixed,memory,backprop,0,0.0030,1,1,1,-1,87,-1,-1,200,1280,80,8659200,53088,53088,0
3117933,shapes-mixed,memory,backprop,0,0.0030,1,2,1,96,182,42,63,200,2048,128,13854720,53088,53088,0
3117933,shapes-mixed,memory,backprop,0,0.0030,2,0,2,96,182,42,63,200,2048,128,13854720,53088,53088,0
3117933,shapes-mixed,memory,backprop,0,0.0030,2,1,2,-1,-1,136,-1,200,2304,144,15586560,53088,53088,0
3117933,shapes-mixed,memory,backprop,0,0.0030,2,2,2,104,161,183,55,200,3072,192,20782080,53088,53088,0
3117933,shapes-mixed,memory,backprop,0,0.0030,3,0,3,104,161,183,55,200,3072,192,20782080,53088,53088,0
3117933,shapes-mixed,memory,backprop,0,0.0030,3,1,3,-1,-1,-1,116,200,3328,208,22513920,53088,53088,0
3117933,shapes-mixed,memory,backprop,0,0.0030,3,2,3,115,178,108,178,200,4096,256,27709440,53088,53088,0
3117933,shapes-mixed,memory,backprop,0,0.0030,4,0,0,115,178,108,178,200,4096,256,27709440,53088,53088,0
3117933,shapes-mixed,memory,backprop,0,0.0030,4,1,0,169,-1,-1,-1,200,4352,272,29441280,53088,53088,0
3117933,shapes-mixed,memory,backprop,0,0.0030,4,2,0,191,141,123,166,200,5120,320,34636800,53088,53088,0
3117933,shapes-mixed,memory,backprop,0,0.0030,5,0,2,191,141,123,166,200,5120,320,34636800,53088,53088,0
3117933,shapes-mixed,memory,backprop,0,0.0030,5,1,2,-1,-1,181,-1,200,5376,336,36368640,53088,53088,0
3117933,shapes-mixed,memory,backprop,0,0.0030,5,2,2,184,159,181,144,200,6144,384,41564160,53088,53088,0
3117933,shapes-mixed,memory,backprop,0,0.0030,6,0,1,184,159,181,144,200,6144,384,41564160,53088,53088,0
3117933,shapes-mixed,memory,backprop,0,0.0030,6,1,1,-1,186,-1,-1,200,6400,400,43296000,53088,53088,0
3117933,shapes-mixed,memory,backprop,0,0.0030,6,2,1,184,192,188,170,200,7168,448,48491520,53088,53088,0
3117933,shapes-mixed,memory,backprop,0,0.0030,7,0,3,184,192,188,170,200,7168,448,48491520,53088,53088,0
3117933,shapes-mixed,memory,backprop,0,0.0030,7,1,3,-1,-1,-1,178,200,7424,464,50223360,53088,53088,0
3117933,shapes-mixed,memory,backprop,0,0.0030,7,2,3,172,191,184,191,200,8192,512,55418880,53088,53088,0
3117933,shapes-mixed,memory,backprop,0,0.0030,8,0,2,172,191,184,191,200,8192,512,55418880,53088,53088,0
3117933,shapes-mixed,memory,backprop,0,0.0030,8,1,2,-1,-1,189,-1,200,8448,528,57150720,53088,53088,0
3117933,shapes-mixed,memory,backprop,0,0.0030,8,2,2,178,188,194,187,200,9216,576,62346240,53088,53088,0
3117933,shapes-mixed,memory,backprop,0,0.0030,9,0,0,178,188,194,187,200,9216,576,62346240,53088,53088,0
3117933,shapes-mixed,memory,backprop,0,0.0030,9,1,0,194,-1,-1,-1,200,9472,592,64078080,53088,53088,0
3117933,shapes-mixed,memory,backprop,0,0.0030,9,2,0,194,187,188,190,200,10240,640,69273600,53088,53088,0
3117933,shapes-mixed,memory,backprop,0,0.0030,10,0,3,194,187,188,190,200,10240,640,69273600,53088,53088,0
3117933,shapes-mixed,memory,backprop,0,0.0030,10,1,3,-1,-1,-1,190,200,10496,656,71005440,53088,53088,0
3117933,shapes-mixed,memory,backprop,0,0.0030,10,2,3,193,189,187,193,200,11264,704,76200960,53088,53088,0
3117933,shapes-mixed,memory,backprop,0,0.0030,11,0,1,193,189,187,193,200,11264,704,76200960,53088,53088,0
3117933,shapes-mixed,memory,backprop,0,0.0030,11,1,1,-1,192,-1,-1,200,11520,720,77932800,53088,53088,0
3117933,shapes-mixed,memory,backprop,0,0.0030,11,2,1,183,193,188,192,200,12288,768,83128320,53088,53088,0
3222662,shapes-mixed,examples,jayce,48,1.0000,0,0,0,50,50,50,50,200,0,0,0,16,98320,0
3222662,shapes-mixed,examples,jayce,48,1.0000,0,1,0,200,-1,-1,-1,200,256,16,617472,98320,98320,192
3222662,shapes-mixed,examples,jayce,48,1.0000,0,2,0,199,54,73,29,200,1024,64,7879680,98320,98320,192
3222662,shapes-mixed,examples,jayce,48,1.0000,1,0,1,199,54,73,29,200,1024,64,7879680,98320,98320,192
3222662,shapes-mixed,examples,jayce,48,1.0000,1,1,1,-1,174,-1,-1,200,1280,80,10300416,98320,98320,192
3222662,shapes-mixed,examples,jayce,48,1.0000,1,2,1,199,153,67,44,200,2048,128,17562624,98320,98320,192
3222662,shapes-mixed,examples,jayce,48,1.0000,2,0,2,199,153,67,44,200,2048,128,17562624,98320,98320,192
3222662,shapes-mixed,examples,jayce,48,1.0000,2,1,2,-1,-1,168,-1,200,2304,144,19983360,98320,98320,192
3222662,shapes-mixed,examples,jayce,48,1.0000,2,2,2,199,157,177,90,200,3072,192,27245568,98320,98320,192
3222662,shapes-mixed,examples,jayce,48,1.0000,3,0,3,199,157,177,90,200,3072,192,27245568,98320,98320,192
3222662,shapes-mixed,examples,jayce,48,1.0000,3,1,3,-1,-1,-1,169,200,3328,208,29666304,98320,98320,192
3222662,shapes-mixed,examples,jayce,48,1.0000,3,2,3,193,122,177,182,200,4096,256,36928512,98320,98320,192
3222662,shapes-mixed,examples,jayce,48,1.0000,4,0,0,193,122,177,182,200,4096,256,36928512,98320,98320,192
3222662,shapes-mixed,examples,jayce,48,1.0000,4,1,0,198,-1,-1,-1,200,4352,272,39349248,98320,98320,192
3222662,shapes-mixed,examples,jayce,48,1.0000,4,2,0,195,123,177,182,200,5120,320,46611456,98320,98320,192
3222662,shapes-mixed,examples,jayce,48,1.0000,5,0,2,195,123,177,182,200,5120,320,46611456,98320,98320,192
3222662,shapes-mixed,examples,jayce,48,1.0000,5,1,2,-1,-1,182,-1,200,5376,336,49032192,98320,98320,192
3222662,shapes-mixed,examples,jayce,48,1.0000,5,2,2,195,123,174,182,200,6144,384,56294400,98320,98320,192
3222662,shapes-mixed,examples,jayce,48,1.0000,6,0,1,195,123,174,182,200,6144,384,56294400,98320,98320,192
3222662,shapes-mixed,examples,jayce,48,1.0000,6,1,1,-1,165,-1,-1,200,6400,400,58715136,98320,98320,192
3222662,shapes-mixed,examples,jayce,48,1.0000,6,2,1,195,182,178,160,200,7168,448,65977344,98320,98320,192
3222662,shapes-mixed,examples,jayce,48,1.0000,7,0,3,195,182,178,160,200,7168,448,65977344,98320,98320,192
3222662,shapes-mixed,examples,jayce,48,1.0000,7,1,3,-1,-1,-1,168,200,7424,464,68398080,98320,98320,192
3222662,shapes-mixed,examples,jayce,48,1.0000,7,2,3,195,178,178,177,200,8192,512,75660288,98320,98320,192
3222662,shapes-mixed,examples,jayce,48,1.0000,8,0,2,195,178,178,177,200,8192,512,75660288,98320,98320,192
3222662,shapes-mixed,examples,jayce,48,1.0000,8,1,2,-1,-1,181,-1,200,8448,528,78081024,98320,98320,192
3222662,shapes-mixed,examples,jayce,48,1.0000,8,2,2,194,174,182,176,200,9216,576,85343232,98320,98320,192
3222662,shapes-mixed,examples,jayce,48,1.0000,9,0,0,194,174,182,176,200,9216,576,85343232,98320,98320,192
3222662,shapes-mixed,examples,jayce,48,1.0000,9,1,0,197,-1,-1,-1,200,9472,592,87763968,98320,98320,192
3222662,shapes-mixed,examples,jayce,48,1.0000,9,2,0,199,173,182,175,200,10240,640,95026176,98320,98320,192
3222662,shapes-mixed,examples,jayce,48,1.0000,10,0,3,199,173,182,175,200,10240,640,95026176,98320,98320,192
3222662,shapes-mixed,examples,jayce,48,1.0000,10,1,3,-1,-1,-1,175,200,10496,656,97446912,98320,98320,192
3222662,shapes-mixed,examples,jayce,48,1.0000,10,2,3,197,172,182,177,200,11264,704,104709120,98320,98320,192
3222662,shapes-mixed,examples,jayce,48,1.0000,11,0,1,197,172,182,177,200,11264,704,104709120,98320,98320,192
3222662,shapes-mixed,examples,jayce,48,1.0000,11,1,1,-1,169,-1,-1,200,11520,720,107129856,98320,98320,192
3222662,shapes-mixed,examples,jayce,48,1.0000,11,2,1,197,179,176,171,200,12288,768,114392064,98320,98320,192
3222662,shapes-mixed,examples,backprop,0,0.0030,0,0,0,45,37,55,44,200,0,0,0,53088,53088,0
3222662,shapes-mixed,examples,backprop,0,0.0030,0,1,0,150,-1,-1,-1,200,256,16,1731840,53088,53088,0
3222662,shapes-mixed,examples,backprop,0,0.0030,0,2,0,182,50,85,39,200,1024,64,6927360,53088,53088,0
3222662,shapes-mixed,examples,backprop,0,0.0030,1,0,1,182,50,85,39,200,1024,64,6927360,53088,53088,0
3222662,shapes-mixed,examples,backprop,0,0.0030,1,1,1,-1,82,-1,-1,200,1280,80,8659200,53088,53088,0
3222662,shapes-mixed,examples,backprop,0,0.0030,1,2,1,94,178,23,79,200,2048,128,13854720,53088,53088,0
3222662,shapes-mixed,examples,backprop,0,0.0030,2,0,2,94,178,23,79,200,2048,128,13854720,53088,53088,0
3222662,shapes-mixed,examples,backprop,0,0.0030,2,1,2,-1,-1,127,-1,200,2304,144,15586560,53088,53088,0
3222662,shapes-mixed,examples,backprop,0,0.0030,2,2,2,114,149,189,56,200,3072,192,20782080,53088,53088,0
3222662,shapes-mixed,examples,backprop,0,0.0030,3,0,3,114,149,189,56,200,3072,192,20782080,53088,53088,0
3222662,shapes-mixed,examples,backprop,0,0.0030,3,1,3,-1,-1,-1,144,200,3328,208,22513920,53088,53088,0
3222662,shapes-mixed,examples,backprop,0,0.0030,3,2,3,104,173,134,184,200,4096,256,27709440,53088,53088,0
3222662,shapes-mixed,examples,backprop,0,0.0030,4,0,0,104,173,134,184,200,4096,256,27709440,53088,53088,0
3222662,shapes-mixed,examples,backprop,0,0.0030,4,1,0,181,-1,-1,-1,200,4352,272,29441280,53088,53088,0
3222662,shapes-mixed,examples,backprop,0,0.0030,4,2,0,197,133,159,180,200,5120,320,34636800,53088,53088,0
3222662,shapes-mixed,examples,backprop,0,0.0030,5,0,2,197,133,159,180,200,5120,320,34636800,53088,53088,0
3222662,shapes-mixed,examples,backprop,0,0.0030,5,1,2,-1,-1,184,-1,200,5376,336,36368640,53088,53088,0
3222662,shapes-mixed,examples,backprop,0,0.0030,5,2,2,185,126,195,162,200,6144,384,41564160,53088,53088,0
3222662,shapes-mixed,examples,backprop,0,0.0030,6,0,1,185,126,195,162,200,6144,384,41564160,53088,53088,0
3222662,shapes-mixed,examples,backprop,0,0.0030,6,1,1,-1,177,-1,-1,200,6400,400,43296000,53088,53088,0
3222662,shapes-mixed,examples,backprop,0,0.0030,6,2,1,182,199,195,177,200,7168,448,48491520,53088,53088,0
3222662,shapes-mixed,examples,backprop,0,0.0030,7,0,3,182,199,195,177,200,7168,448,48491520,53088,53088,0
3222662,shapes-mixed,examples,backprop,0,0.0030,7,1,3,-1,-1,-1,190,200,7424,464,50223360,53088,53088,0
3222662,shapes-mixed,examples,backprop,0,0.0030,7,2,3,190,191,194,197,200,8192,512,55418880,53088,53088,0
3222662,shapes-mixed,examples,backprop,0,0.0030,8,0,2,190,191,194,197,200,8192,512,55418880,53088,53088,0
3222662,shapes-mixed,examples,backprop,0,0.0030,8,1,2,-1,-1,192,-1,200,8448,528,57150720,53088,53088,0
3222662,shapes-mixed,examples,backprop,0,0.0030,8,2,2,185,191,200,198,200,9216,576,62346240,53088,53088,0
3222662,shapes-mixed,examples,backprop,0,0.0030,9,0,0,185,191,200,198,200,9216,576,62346240,53088,53088,0
3222662,shapes-mixed,examples,backprop,0,0.0030,9,1,0,192,-1,-1,-1,200,9472,592,64078080,53088,53088,0
3222662,shapes-mixed,examples,backprop,0,0.0030,9,2,0,195,186,197,194,200,10240,640,69273600,53088,53088,0
3222662,shapes-mixed,examples,backprop,0,0.0030,10,0,3,195,186,197,194,200,10240,640,69273600,53088,53088,0
3222662,shapes-mixed,examples,backprop,0,0.0030,10,1,3,-1,-1,-1,198,200,10496,656,71005440,53088,53088,0
3222662,shapes-mixed,examples,backprop,0,0.0030,10,2,3,189,187,199,198,200,11264,704,76200960,53088,53088,0
3222662,shapes-mixed,examples,backprop,0,0.0030,11,0,1,189,187,199,198,200,11264,704,76200960,53088,53088,0
3222662,shapes-mixed,examples,backprop,0,0.0030,11,1,1,-1,193,-1,-1,200,11520,720,77932800,53088,53088,0
3222662,shapes-mixed,examples,backprop,0,0.0030,11,2,1,191,199,200,196,200,12288,768,83128320,53088,53088,0
3222662,shapes-mixed,work,jayce,48,1.0000,0,0,0,50,50,50,50,200,0,0,0,16,98320,0
3222662,shapes-mixed,work,jayce,48,1.0000,0,1,0,200,-1,-1,-1,200,256,16,617472,98320,98320,192
3222662,shapes-mixed,work,jayce,48,1.0000,0,2,0,200,55,84,44,200,448,28,2433024,98320,98320,192
3222662,shapes-mixed,work,jayce,48,1.0000,1,0,1,200,55,84,44,200,448,28,2433024,98320,98320,192
3222662,shapes-mixed,work,jayce,48,1.0000,1,1,1,-1,147,-1,-1,200,512,32,3038208,98320,98320,192
3222662,shapes-mixed,work,jayce,48,1.0000,1,2,1,200,174,74,49,200,704,44,4853760,98320,98320,192
3222662,shapes-mixed,work,jayce,48,1.0000,2,0,2,200,174,74,49,200,704,44,4853760,98320,98320,192
3222662,shapes-mixed,work,jayce,48,1.0000,2,1,2,-1,-1,149,-1,200,768,48,5458944,98320,98320,192
3222662,shapes-mixed,work,jayce,48,1.0000,2,2,2,194,158,164,93,200,960,60,7274496,98320,98320,192
3222662,shapes-mixed,work,jayce,48,1.0000,3,0,3,194,158,164,93,200,960,60,7274496,98320,98320,192
3222662,shapes-mixed,work,jayce,48,1.0000,3,1,3,-1,-1,-1,149,200,1024,64,7879680,98320,98320,192
3222662,shapes-mixed,work,jayce,48,1.0000,3,2,3,194,120,164,174,200,1216,76,9695232,98320,98320,192
3222662,shapes-mixed,work,jayce,48,1.0000,4,0,0,194,120,164,174,200,1216,76,9695232,98320,98320,192
3222662,shapes-mixed,work,jayce,48,1.0000,4,1,0,199,-1,-1,-1,200,1280,80,10300416,98320,98320,192
3222662,shapes-mixed,work,jayce,48,1.0000,4,2,0,196,120,166,173,200,1472,92,12115968,98320,98320,192
3222662,shapes-mixed,work,jayce,48,1.0000,5,0,2,196,120,166,173,200,1472,92,12115968,98320,98320,192
3222662,shapes-mixed,work,jayce,48,1.0000,5,1,2,-1,-1,165,-1,200,1536,96,12721152,98320,98320,192
3222662,shapes-mixed,work,jayce,48,1.0000,5,2,2,196,131,176,173,200,1728,108,14536704,98320,98320,192
3222662,shapes-mixed,work,jayce,48,1.0000,6,0,1,196,131,176,173,200,1728,108,14536704,98320,98320,192
3222662,shapes-mixed,work,jayce,48,1.0000,6,1,1,-1,150,-1,-1,200,1792,112,15141888,98320,98320,192
3222662,shapes-mixed,work,jayce,48,1.0000,6,2,1,196,168,170,144,200,1984,124,16957440,98320,98320,192
3222662,shapes-mixed,work,jayce,48,1.0000,7,0,3,196,168,170,144,200,1984,124,16957440,98320,98320,192
3222662,shapes-mixed,work,jayce,48,1.0000,7,1,3,-1,-1,-1,161,200,2048,128,17562624,98320,98320,192
3222662,shapes-mixed,work,jayce,48,1.0000,7,2,3,193,153,170,153,200,2240,140,19378176,98320,98320,192
3222662,shapes-mixed,work,jayce,48,1.0000,8,0,2,193,153,170,153,200,2240,140,19378176,98320,98320,192
3222662,shapes-mixed,work,jayce,48,1.0000,8,1,2,-1,-1,182,-1,200,2304,144,19983360,98320,98320,192
3222662,shapes-mixed,work,jayce,48,1.0000,8,2,2,190,152,177,153,200,2496,156,21798912,98320,98320,192
3222662,shapes-mixed,work,jayce,48,1.0000,9,0,0,190,152,177,153,200,2496,156,21798912,98320,98320,192
3222662,shapes-mixed,work,jayce,48,1.0000,9,1,0,198,-1,-1,-1,200,2560,160,22404096,98320,98320,192
3222662,shapes-mixed,work,jayce,48,1.0000,9,2,0,196,156,177,153,200,2752,172,24219648,98320,98320,192
3222662,shapes-mixed,work,jayce,48,1.0000,10,0,3,196,156,177,153,200,2752,172,24219648,98320,98320,192
3222662,shapes-mixed,work,jayce,48,1.0000,10,1,3,-1,-1,-1,164,200,2816,176,24824832,98320,98320,192
3222662,shapes-mixed,work,jayce,48,1.0000,10,2,3,196,153,177,172,200,3008,188,26640384,98320,98320,192
3222662,shapes-mixed,work,jayce,48,1.0000,11,0,1,196,153,177,172,200,3008,188,26640384,98320,98320,192
3222662,shapes-mixed,work,jayce,48,1.0000,11,1,1,-1,177,-1,-1,200,3072,192,27245568,98320,98320,192
3222662,shapes-mixed,work,jayce,48,1.0000,11,2,1,196,161,176,150,200,3264,204,29061120,98320,98320,192
3222662,shapes-mixed,work,backprop,0,0.0100,0,0,0,45,37,55,44,200,0,0,0,53088,53088,0
3222662,shapes-mixed,work,backprop,0,0.0100,0,1,0,140,-1,-1,-1,200,80,5,541200,53088,53088,0
3222662,shapes-mixed,work,backprop,0,0.0100,0,2,0,169,50,77,37,200,368,23,2489520,53088,53088,0
3222662,shapes-mixed,work,backprop,0,0.0100,1,0,1,169,50,77,37,200,368,23,2489520,53088,53088,0
3222662,shapes-mixed,work,backprop,0,0.0100,1,1,1,-1,51,-1,-1,200,448,28,3030720,53088,53088,0
3222662,shapes-mixed,work,backprop,0,0.0100,1,2,1,107,146,36,78,200,736,46,4979040,53088,53088,0
3222662,shapes-mixed,work,backprop,0,0.0100,2,0,2,107,146,36,78,200,736,46,4979040,53088,53088,0
3222662,shapes-mixed,work,backprop,0,0.0100,2,1,2,-1,-1,62,-1,200,816,51,5520240,53088,53088,0
3222662,shapes-mixed,work,backprop,0,0.0100,2,2,2,107,144,174,59,200,1104,69,7468560,53088,53088,0
3222662,shapes-mixed,work,backprop,0,0.0100,3,0,3,107,144,174,59,200,1104,69,7468560,53088,53088,0
3222662,shapes-mixed,work,backprop,0,0.0100,3,1,3,-1,-1,-1,87,200,1184,74,8009760,53088,53088,0
3222662,shapes-mixed,work,backprop,0,0.0100,3,2,3,86,158,129,174,200,1472,92,9958080,53088,53088,0
3222662,shapes-mixed,work,backprop,0,0.0100,4,0,0,86,158,129,174,200,1472,92,9958080,53088,53088,0
3222662,shapes-mixed,work,backprop,0,0.0100,4,1,0,151,-1,-1,-1,200,1552,97,10499280,53088,53088,0
3222662,shapes-mixed,work,backprop,0,0.0100,4,2,0,197,113,128,158,200,1840,115,12447600,53088,53088,0
3222662,shapes-mixed,work,backprop,0,0.0100,5,0,2,197,113,128,158,200,1840,115,12447600,53088,53088,0
3222662,shapes-mixed,work,backprop,0,0.0100,5,1,2,-1,-1,152,-1,200,1920,120,12988800,53088,53088,0
3222662,shapes-mixed,work,backprop,0,0.0100,5,2,2,173,96,184,131,200,2208,138,14937120,53088,53088,0
3222662,shapes-mixed,work,backprop,0,0.0100,6,0,1,173,96,184,131,200,2208,138,14937120,53088,53088,0
3222662,shapes-mixed,work,backprop,0,0.0100,6,1,1,-1,120,-1,-1,200,2288,143,15478320,53088,53088,0
3222662,shapes-mixed,work,backprop,0,0.0100,6,2,1,167,185,191,170,200,2576,161,17426640,53088,53088,0
3222662,shapes-mixed,work,backprop,0,0.0100,7,0,3,167,185,191,170,200,2576,161,17426640,53088,53088,0
3222662,shapes-mixed,work,backprop,0,0.0100,7,1,3,-1,-1,-1,179,200,2656,166,17967840,53088,53088,0
3222662,shapes-mixed,work,backprop,0,0.0100,7,2,3,156,179,169,183,200,2944,184,19916160,53088,53088,0
3222662,shapes-mixed,work,backprop,0,0.0100,8,0,2,156,179,169,183,200,2944,184,19916160,53088,53088,0
3222662,shapes-mixed,work,backprop,0,0.0100,8,1,2,-1,-1,187,-1,200,3024,189,20457360,53088,53088,0
3222662,shapes-mixed,work,backprop,0,0.0100,8,2,2,174,186,199,182,200,3312,207,22405680,53088,53088,0
3222662,shapes-mixed,work,backprop,0,0.0100,9,0,0,174,186,199,182,200,3312,207,22405680,53088,53088,0
3222662,shapes-mixed,work,backprop,0,0.0100,9,1,0,180,-1,-1,-1,200,3392,212,22946880,53088,53088,0
3222662,shapes-mixed,work,backprop,0,0.0100,9,2,0,197,186,191,185,200,3680,230,24895200,53088,53088,0
3222662,shapes-mixed,work,backprop,0,0.0100,10,0,3,197,186,191,185,200,3680,230,24895200,53088,53088,0
3222662,shapes-mixed,work,backprop,0,0.0100,10,1,3,-1,-1,-1,187,200,3760,235,25436400,53088,53088,0
3222662,shapes-mixed,work,backprop,0,0.0100,10,2,3,174,187,191,197,200,4048,253,27384720,53088,53088,0
3222662,shapes-mixed,work,backprop,0,0.0100,11,0,1,174,187,191,197,200,4048,253,27384720,53088,53088,0
3222662,shapes-mixed,work,backprop,0,0.0100,11,1,1,-1,191,-1,-1,200,4128,258,27925920,53088,53088,0
3222662,shapes-mixed,work,backprop,0,0.0100,11,2,1,177,197,196,188,200,4416,276,29874240,53088,53088,0
3222662,shapes-mixed,memory,jayce,24,1.0000,0,0,0,50,50,50,50,200,0,0,0,16,49168,0
3222662,shapes-mixed,memory,jayce,24,1.0000,0,1,0,198,-1,-1,-1,200,256,16,777984,49168,49168,96
3222662,shapes-mixed,memory,jayce,24,1.0000,0,2,0,194,51,67,28,200,1024,64,4482816,49168,49168,96
3222662,shapes-mixed,memory,jayce,24,1.0000,1,0,1,194,51,67,28,200,1024,64,4482816,49168,49168,96
3222662,shapes-mixed,memory,jayce,24,1.0000,1,1,1,-1,174,-1,-1,200,1280,80,5717760,49168,49168,96
3222662,shapes-mixed,memory,jayce,24,1.0000,1,2,1,192,153,48,54,200,2048,128,9422592,49168,49168,96
3222662,shapes-mixed,memory,jayce,24,1.0000,2,0,2,192,153,48,54,200,2048,128,9422592,49168,49168,96
3222662,shapes-mixed,memory,jayce,24,1.0000,2,1,2,-1,-1,165,-1,200,2304,144,10657536,49168,49168,96
3222662,shapes-mixed,memory,jayce,24,1.0000,2,2,2,197,157,173,101,200,3072,192,14362368,49168,49168,96
3222662,shapes-mixed,memory,jayce,24,1.0000,3,0,3,197,157,173,101,200,3072,192,14362368,49168,49168,96
3222662,shapes-mixed,memory,jayce,24,1.0000,3,1,3,-1,-1,-1,171,200,3328,208,15597312,49168,49168,96
3222662,shapes-mixed,memory,jayce,24,1.0000,3,2,3,184,134,173,186,200,4096,256,19302144,49168,49168,96
3222662,shapes-mixed,memory,jayce,24,1.0000,4,0,0,184,134,173,186,200,4096,256,19302144,49168,49168,96
3222662,shapes-mixed,memory,jayce,24,1.0000,4,1,0,189,-1,-1,-1,200,4352,272,20537088,49168,49168,96
3222662,shapes-mixed,memory,jayce,24,1.0000,4,2,0,193,129,173,186,200,5120,320,24241920,49168,49168,96
3222662,shapes-mixed,memory,jayce,24,1.0000,5,0,2,193,129,173,186,200,5120,320,24241920,49168,49168,96
3222662,shapes-mixed,memory,jayce,24,1.0000,5,1,2,-1,-1,174,-1,200,5376,336,25476864,49168,49168,96
3222662,shapes-mixed,memory,jayce,24,1.0000,5,2,2,194,130,169,186,200,6144,384,29181696,49168,49168,96
3222662,shapes-mixed,memory,jayce,24,1.0000,6,0,1,194,130,169,186,200,6144,384,29181696,49168,49168,96
3222662,shapes-mixed,memory,jayce,24,1.0000,6,1,1,-1,172,-1,-1,200,6400,400,30416640,49168,49168,96
3222662,shapes-mixed,memory,jayce,24,1.0000,6,2,1,186,183,170,161,200,7168,448,34121472,49168,49168,96
3222662,shapes-mixed,memory,jayce,24,1.0000,7,0,3,186,183,170,161,200,7168,448,34121472,49168,49168,96
3222662,shapes-mixed,memory,jayce,24,1.0000,7,1,3,-1,-1,-1,172,200,7424,464,35356416,49168,49168,96
3222662,shapes-mixed,memory,jayce,24,1.0000,7,2,3,170,183,170,165,200,8192,512,39061248,49168,49168,96
3222662,shapes-mixed,memory,jayce,24,1.0000,8,0,2,170,183,170,165,200,8192,512,39061248,49168,49168,96
3222662,shapes-mixed,memory,jayce,24,1.0000,8,1,2,-1,-1,178,-1,200,8448,528,40296192,49168,49168,96
3222662,shapes-mixed,memory,jayce,24,1.0000,8,2,2,163,176,187,164,200,9216,576,44001024,49168,49168,96
3222662,shapes-mixed,memory,jayce,24,1.0000,9,0,0,163,176,187,164,200,9216,576,44001024,49168,49168,96
3222662,shapes-mixed,memory,jayce,24,1.0000,9,1,0,196,-1,-1,-1,200,9472,592,45235968,49168,49168,96
3222662,shapes-mixed,memory,jayce,24,1.0000,9,2,0,195,176,184,163,200,10240,640,48940800,49168,49168,96
3222662,shapes-mixed,memory,jayce,24,1.0000,10,0,3,195,176,184,163,200,10240,640,48940800,49168,49168,96
3222662,shapes-mixed,memory,jayce,24,1.0000,10,1,3,-1,-1,-1,178,200,10496,656,50175744,49168,49168,96
3222662,shapes-mixed,memory,jayce,24,1.0000,10,2,3,188,176,184,182,200,11264,704,53880576,49168,49168,96
3222662,shapes-mixed,memory,jayce,24,1.0000,11,0,1,188,176,184,182,200,11264,704,53880576,49168,49168,96
3222662,shapes-mixed,memory,jayce,24,1.0000,11,1,1,-1,168,-1,-1,200,11520,720,55115520,49168,49168,96
3222662,shapes-mixed,memory,jayce,24,1.0000,11,2,1,188,171,175,177,200,12288,768,58820352,49168,49168,96
3222662,shapes-mixed,memory,backprop,0,0.0030,0,0,0,45,37,55,44,200,0,0,0,53088,53088,0
3222662,shapes-mixed,memory,backprop,0,0.0030,0,1,0,150,-1,-1,-1,200,256,16,1731840,53088,53088,0
3222662,shapes-mixed,memory,backprop,0,0.0030,0,2,0,182,50,85,39,200,1024,64,6927360,53088,53088,0
3222662,shapes-mixed,memory,backprop,0,0.0030,1,0,1,182,50,85,39,200,1024,64,6927360,53088,53088,0
3222662,shapes-mixed,memory,backprop,0,0.0030,1,1,1,-1,82,-1,-1,200,1280,80,8659200,53088,53088,0
3222662,shapes-mixed,memory,backprop,0,0.0030,1,2,1,94,178,23,79,200,2048,128,13854720,53088,53088,0
3222662,shapes-mixed,memory,backprop,0,0.0030,2,0,2,94,178,23,79,200,2048,128,13854720,53088,53088,0
3222662,shapes-mixed,memory,backprop,0,0.0030,2,1,2,-1,-1,127,-1,200,2304,144,15586560,53088,53088,0
3222662,shapes-mixed,memory,backprop,0,0.0030,2,2,2,114,149,189,56,200,3072,192,20782080,53088,53088,0
3222662,shapes-mixed,memory,backprop,0,0.0030,3,0,3,114,149,189,56,200,3072,192,20782080,53088,53088,0
3222662,shapes-mixed,memory,backprop,0,0.0030,3,1,3,-1,-1,-1,144,200,3328,208,22513920,53088,53088,0
3222662,shapes-mixed,memory,backprop,0,0.0030,3,2,3,104,173,134,184,200,4096,256,27709440,53088,53088,0
3222662,shapes-mixed,memory,backprop,0,0.0030,4,0,0,104,173,134,184,200,4096,256,27709440,53088,53088,0
3222662,shapes-mixed,memory,backprop,0,0.0030,4,1,0,181,-1,-1,-1,200,4352,272,29441280,53088,53088,0
3222662,shapes-mixed,memory,backprop,0,0.0030,4,2,0,197,133,159,180,200,5120,320,34636800,53088,53088,0
3222662,shapes-mixed,memory,backprop,0,0.0030,5,0,2,197,133,159,180,200,5120,320,34636800,53088,53088,0
3222662,shapes-mixed,memory,backprop,0,0.0030,5,1,2,-1,-1,184,-1,200,5376,336,36368640,53088,53088,0
3222662,shapes-mixed,memory,backprop,0,0.0030,5,2,2,185,126,195,162,200,6144,384,41564160,53088,53088,0
3222662,shapes-mixed,memory,backprop,0,0.0030,6,0,1,185,126,195,162,200,6144,384,41564160,53088,53088,0
3222662,shapes-mixed,memory,backprop,0,0.0030,6,1,1,-1,177,-1,-1,200,6400,400,43296000,53088,53088,0
3222662,shapes-mixed,memory,backprop,0,0.0030,6,2,1,182,199,195,177,200,7168,448,48491520,53088,53088,0
3222662,shapes-mixed,memory,backprop,0,0.0030,7,0,3,182,199,195,177,200,7168,448,48491520,53088,53088,0
3222662,shapes-mixed,memory,backprop,0,0.0030,7,1,3,-1,-1,-1,190,200,7424,464,50223360,53088,53088,0
3222662,shapes-mixed,memory,backprop,0,0.0030,7,2,3,190,191,194,197,200,8192,512,55418880,53088,53088,0
3222662,shapes-mixed,memory,backprop,0,0.0030,8,0,2,190,191,194,197,200,8192,512,55418880,53088,53088,0
3222662,shapes-mixed,memory,backprop,0,0.0030,8,1,2,-1,-1,192,-1,200,8448,528,57150720,53088,53088,0
3222662,shapes-mixed,memory,backprop,0,0.0030,8,2,2,185,191,200,198,200,9216,576,62346240,53088,53088,0
3222662,shapes-mixed,memory,backprop,0,0.0030,9,0,0,185,191,200,198,200,9216,576,62346240,53088,53088,0
3222662,shapes-mixed,memory,backprop,0,0.0030,9,1,0,192,-1,-1,-1,200,9472,592,64078080,53088,53088,0
3222662,shapes-mixed,memory,backprop,0,0.0030,9,2,0,195,186,197,194,200,10240,640,69273600,53088,53088,0
3222662,shapes-mixed,memory,backprop,0,0.0030,10,0,3,195,186,197,194,200,10240,640,69273600,53088,53088,0
3222662,shapes-mixed,memory,backprop,0,0.0030,10,1,3,-1,-1,-1,198,200,10496,656,71005440,53088,53088,0
3222662,shapes-mixed,memory,backprop,0,0.0030,10,2,3,189,187,199,198,200,11264,704,76200960,53088,53088,0
3222662,shapes-mixed,memory,backprop,0,0.0030,11,0,1,189,187,199,198,200,11264,704,76200960,53088,53088,0
3222662,shapes-mixed,memory,backprop,0,0.0030,11,1,1,-1,193,-1,-1,200,11520,720,77932800,53088,53088,0
3222662,shapes-mixed,memory,backprop,0,0.0030,11,2,1,191,199,200,196,200,12288,768,83128320,53088,53088,0
2280101,mnist-rotations,examples,jayce,48,0.1000,0,0,0,50,50,50,50,500,0,0,0,40,752680,0
2280101,mnist-rotations,examples,jayce,48,0.1000,0,1,0,408,-1,-1,-1,500,256,16,50176,401448,752680,256
2280101,mnist-rotations,examples,jayce,48,0.1000,0,2,0,437,408,392,301,500,1024,64,15793920,752680,752680,480
2280101,mnist-rotations,examples,jayce,48,0.1000,1,0,1,437,408,392,301,500,1024,64,15793920,752680,752680,480
2280101,mnist-rotations,examples,jayce,48,0.1000,1,1,1,-1,418,-1,-1,500,1280,80,23182080,752680,752680,480
2280101,mnist-rotations,examples,jayce,48,0.1000,1,2,1,439,432,372,400,500,2048,128,45346560,752680,752680,480
2280101,mnist-rotations,examples,jayce,48,0.1000,2,0,2,439,432,372,400,500,2048,128,45346560,752680,752680,480
2280101,mnist-rotations,examples,jayce,48,0.1000,2,1,2,-1,-1,390,-1,500,2304,144,52734720,752680,752680,480
2280101,mnist-rotations,examples,jayce,48,0.1000,2,2,2,439,420,427,378,500,3072,192,74899200,752680,752680,480
2280101,mnist-rotations,examples,jayce,48,0.1000,3,0,3,439,420,427,378,500,3072,192,74899200,752680,752680,480
2280101,mnist-rotations,examples,jayce,48,0.1000,3,1,3,-1,-1,-1,404,500,3328,208,82287360,752680,752680,480
2280101,mnist-rotations,examples,jayce,48,0.1000,3,2,3,442,427,416,424,500,4096,256,104451840,752680,752680,480
2280101,mnist-rotations,examples,jayce,48,0.1000,4,0,0,442,427,416,424,500,4096,256,104451840,752680,752680,480
2280101,mnist-rotations,examples,jayce,48,0.1000,4,1,0,445,-1,-1,-1,500,4352,272,111840000,752680,752680,480
2280101,mnist-rotations,examples,jayce,48,0.1000,4,2,0,449,436,425,416,500,5120,320,134004480,752680,752680,480
2280101,mnist-rotations,examples,jayce,48,0.1000,5,0,2,449,436,425,416,500,5120,320,134004480,752680,752680,480
2280101,mnist-rotations,examples,jayce,48,0.1000,5,1,2,-1,-1,429,-1,500,5376,336,141392640,752680,752680,480
2280101,mnist-rotations,examples,jayce,48,0.1000,5,2,2,449,437,443,405,500,6144,384,163557120,752680,752680,480
2280101,mnist-rotations,examples,jayce,48,0.1000,6,0,1,449,437,443,405,500,6144,384,163557120,752680,752680,480
2280101,mnist-rotations,examples,jayce,48,0.1000,6,1,1,-1,437,-1,-1,500,6400,400,170945280,752680,752680,480
2280101,mnist-rotations,examples,jayce,48,0.1000,6,2,1,453,451,436,419,500,7168,448,193109760,752680,752680,480
2280101,mnist-rotations,examples,jayce,48,0.1000,7,0,3,453,451,436,419,500,7168,448,193109760,752680,752680,480
2280101,mnist-rotations,examples,jayce,48,0.1000,7,1,3,-1,-1,-1,425,500,7424,464,200497920,752680,752680,480
2280101,mnist-rotations,examples,jayce,48,0.1000,7,2,3,444,447,430,434,500,8192,512,222662400,752680,752680,480
2280101,mnist-rotations,examples,jayce,48,0.1000,8,0,2,444,447,430,434,500,8192,512,222662400,752680,752680,480
2280101,mnist-rotations,examples,jayce,48,0.1000,8,1,2,-1,-1,439,-1,500,8448,528,230050560,752680,752680,480
2280101,mnist-rotations,examples,jayce,48,0.1000,8,2,2,445,437,438,433,500,9216,576,252215040,752680,752680,480
2280101,mnist-rotations,examples,jayce,48,0.1000,9,0,0,445,437,438,433,500,9216,576,252215040,752680,752680,480
2280101,mnist-rotations,examples,jayce,48,0.1000,9,1,0,447,-1,-1,-1,500,9472,592,259603200,752680,752680,480
2280101,mnist-rotations,examples,jayce,48,0.1000,9,2,0,449,442,447,428,500,10240,640,281767680,752680,752680,480
2280101,mnist-rotations,examples,jayce,48,0.1000,10,0,3,449,442,447,428,500,10240,640,281767680,752680,752680,480
2280101,mnist-rotations,examples,jayce,48,0.1000,10,1,3,-1,-1,-1,437,500,10496,656,289155840,752680,752680,480
2280101,mnist-rotations,examples,jayce,48,0.1000,10,2,3,442,443,440,436,500,11264,704,311320320,752680,752680,480
2280101,mnist-rotations,examples,jayce,48,0.1000,11,0,1,442,443,440,436,500,11264,704,311320320,752680,752680,480
2280101,mnist-rotations,examples,jayce,48,0.1000,11,1,1,-1,444,-1,-1,500,11520,720,318708480,752680,752680,480
2280101,mnist-rotations,examples,jayce,48,0.1000,11,2,1,445,443,435,440,500,12288,768,340872960,752680,752680,480
2280101,mnist-rotations,examples,backprop,0,0.0030,0,0,0,58,64,40,75,500,0,0,0,477168,477168,0
2280101,mnist-rotations,examples,backprop,0,0.0030,0,1,0,235,-1,-1,-1,500,256,16,15513856,477168,477168,0
2280101,mnist-rotations,examples,backprop,0,0.0030,0,2,0,405,370,335,242,500,1024,64,62055424,477168,477168,0
2280101,mnist-rotations,examples,backprop,0,0.0030,1,0,1,405,370,335,242,500,1024,64,62055424,477168,477168,0
2280101,mnist-rotations,examples,backprop,0,0.0030,1,1,1,-1,382,-1,-1,500,1280,80,77569280,477168,477168,0
2280101,mnist-rotations,examples,backprop,0,0.0030,1,2,1,389,401,284,363,500,2048,128,124110848,477168,477168,0
2280101,mnist-rotations,examples,backprop,0,0.0030,2,0,2,389,401,284,363,500,2048,128,124110848,477168,477168,0
2280101,mnist-rotations,examples,backprop,0,0.0030,2,1,2,-1,-1,349,-1,500,2304,144,139624704,477168,477168,0
2280101,mnist-rotations,examples,backprop,0,0.0030,2,2,2,430,397,413,288,500,3072,192,186166272,477168,477168,0
2280101,mnist-rotations,examples,backprop,0,0.0030,3,0,3,430,397,413,288,500,3072,192,186166272,477168,477168,0
2280101,mnist-rotations,examples,backprop,0,0.0030,3,1,3,-1,-1,-1,318,500,3328,208,201680128,477168,477168,0
2280101,mnist-rotations,examples,backprop,0,0.0030,3,2,3,405,421,355,397,500,4096,256,248221696,477168,477168,0
2280101,mnist-rotations,examples,backprop,0,0.0030,4,0,0,405,421,355,397,500,4096,256,248221696,477168,477168,0
2280101,mnist-rotations,examples,backprop,0,0.0030,4,1,0,395,-1,-1,-1,500,4352,272,263735552,477168,477168,0
2280101,mnist-rotations,examples,backprop,0,0.0030,4,2,0,427,410,387,342,500,5120,320,310277120,477168,477168,0
2280101,mnist-rotations,examples,backprop,0,0.0030,5,0,2,427,410,387,342,500,5120,320,310277120,477168,477168,0
2280101,mnist-rotations,examples,backprop,0,0.0030,5,1,2,-1,-1,383,-1,500,5376,336,325790976,477168,477168,0
2280101,mnist-rotations,examples,backprop,0,0.0030,5,2,2,435,397,418,328,500,6144,384,372332544,477168,477168,0
2280101,mnist-rotations,examples,backprop,0,0.0030,6,0,1,435,397,418,328,500,6144,384,372332544,477168,477168,0
2280101,mnist-rotations,examples,backprop,0,0.0030,6,1,1,-1,397,-1,-1,500,6400,400,387846400,477168,477168,0
2280101,mnist-rotations,examples,backprop,0,0.0030,6,2,1,430,434,401,378,500,7168,448,434387968,477168,477168,0
2280101,mnist-rotations,examples,backprop,0,0.0030,7,0,3,430,434,401,378,500,7168,448,434387968,477168,477168,0
2280101,mnist-rotations,examples,backprop,0,0.0030,7,1,3,-1,-1,-1,390,500,7424,464,449901824,477168,477168,0
2280101,mnist-rotations,examples,backprop,0,0.0030,7,2,3,399,425,317,418,500,8192,512,496443392,477168,477168,0
2280101,mnist-rotations,examples,backprop,0,0.0030,8,0,2,399,425,317,418,500,8192,512,496443392,477168,477168,0
2280101,mnist-rotations,examples,backprop,0,0.0030,8,1,2,-1,-1,379,-1,500,8448,528,511957248,477168,477168,0
2280101,mnist-rotations,examples,backprop,0,0.0030,8,2,2,434,418,411,356,500,9216,576,558498816,477168,477168,0
2280101,mnist-rotations,examples,backprop,0,0.0030,9,0,0,434,418,411,356,500,9216,576,558498816,477168,477168,0
2280101,mnist-rotations,examples,backprop,0,0.0030,9,1,0,433,-1,-1,-1,500,9472,592,574012672,477168,477168,0
2280101,mnist-rotations,examples,backprop,0,0.0030,9,2,0,434,421,412,363,500,10240,640,620554240,477168,477168,0
2280101,mnist-rotations,examples,backprop,0,0.0030,10,0,3,434,421,412,363,500,10240,640,620554240,477168,477168,0
2280101,mnist-rotations,examples,backprop,0,0.0030,10,1,3,-1,-1,-1,393,500,10496,656,636068096,477168,477168,0
2280101,mnist-rotations,examples,backprop,0,0.0030,10,2,3,404,429,340,424,500,11264,704,682609664,477168,477168,0
2280101,mnist-rotations,examples,backprop,0,0.0030,11,0,1,404,429,340,424,500,11264,704,682609664,477168,477168,0
2280101,mnist-rotations,examples,backprop,0,0.0030,11,1,1,-1,429,-1,-1,500,11520,720,698123520,477168,477168,0
2280101,mnist-rotations,examples,backprop,0,0.0030,11,2,1,416,428,345,408,500,12288,768,744665088,477168,477168,0
2280101,mnist-rotations,work,jayce,24,0.1000,0,0,0,50,50,50,50,500,0,0,0,40,376360,0
2280101,mnist-rotations,work,jayce,24,0.1000,0,1,0,426,-1,-1,-1,500,496,31,3816384,376360,376360,240
2280101,mnist-rotations,work,jayce,24,0.1000,0,2,0,443,411,397,284,500,1312,82,15831168,376360,376360,240
2280101,mnist-rotations,work,jayce,24,0.1000,1,0,1,443,411,397,284,500,1312,82,15831168,376360,376360,240
2280101,mnist-rotations,work,jayce,24,0.1000,1,1,1,-1,424,-1,-1,500,1568,98,19600512,376360,376360,240
2280101,mnist-rotations,work,jayce,24,0.1000,1,2,1,441,436,378,397,500,2384,149,31615296,376360,376360,240
2280101,mnist-rotations,work,jayce,24,0.1000,2,0,2,441,436,378,397,500,2384,149,31615296,376360,376360,240
2280101,mnist-rotations,work,jayce,24,0.1000,2,1,2,-1,-1,399,-1,500,2640,165,35384640,376360,376360,240
2280101,mnist-rotations,work,jayce,24,0.1000,2,2,2,433,422,425,363,500,3456,216,47399424,376360,376360,240
2280101,mnist-rotations,work,jayce,24,0.1000,3,0,3,433,422,425,363,500,3456,216,47399424,376360,376360,240
2280101,mnist-rotations,work,jayce,24,0.1000,3,1,3,-1,-1,-1,407,500,3712,232,51168768,376360,376360,240
2280101,mnist-rotations,work,jayce,24,0.1000,3,2,3,429,420,407,425,500,4528,283,63183552,376360,376360,240
2280101,mnist-rotations,work,jayce,24,0.1000,4,0,0,429,420,407,425,500,4528,283,63183552,376360,376360,240
2280101,mnist-rotations,work,jayce,24,0.1000,4,1,0,439,-1,-1,-1,500,4784,299,66952896,376360,376360,240
2280101,mnist-rotations,work,jayce,24,0.1000,4,2,0,448,428,414,413,500,5600,350,78967680,376360,376360,240
2280101,mnist-rotations,work,jayce,24,0.1000,5,0,2,448,428,414,413,500,5600,350,78967680,376360,376360,240
2280101,mnist-rotations,work,jayce,24,0.1000,5,1,2,-1,-1,422,-1,500,5856,366,82737024,376360,376360,240
2280101,mnist-rotations,work,jayce,24,0.1000,5,2,2,455,422,439,405,500,6672,417,94751808,376360,376360,240
2280101,mnist-rotations,work,jayce,24,0.1000,6,0,1,455,422,439,405,500,6672,417,94751808,376360,376360,240
2280101,mnist-rotations,work,jayce,24,0.1000,6,1,1,-1,426,-1,-1,500,6928,433,98521152,376360,376360,240
2280101,mnist-rotations,work,jayce,24,0.1000,6,2,1,452,443,430,421,500,7744,484,110535936,376360,376360,240
2280101,mnist-rotations,work,jayce,24,0.1000,7,0,3,452,443,430,421,500,7744,484,110535936,376360,376360,240
2280101,mnist-rotations,work,jayce,24,0.1000,7,1,3,-1,-1,-1,434,500,8000,500,114305280,376360,376360,240
2280101,mnist-rotations,work,jayce,24,0.1000,7,2,3,434,432,424,439,500,8816,551,126320064,376360,376360,240
2280101,mnist-rotations,work,jayce,24,0.1000,8,0,2,434,432,424,439,500,8816,551,126320064,376360,376360,240
2280101,mnist-rotations,work,jayce,24,0.1000,8,1,2,-1,-1,427,-1,500,9072,567,130089408,376360,376360,240
2280101,mnist-rotations,work,jayce,24,0.1000,8,2,2,438,423,439,431,500,9888,618,142104192,376360,376360,240
2280101,mnist-rotations,work,jayce,24,0.1000,9,0,0,438,423,439,431,500,9888,618,142104192,376360,376360,240
2280101,mnist-rotations,work,jayce,24,0.1000,9,1,0,446,-1,-1,-1,500,10144,634,145873536,376360,376360,240
2280101,mnist-rotations,work,jayce,24,0.1000,9,2,0,449,431,440,427,500,10960,685,157888320,376360,376360,240
2280101,mnist-rotations,work,jayce,24,0.1000,10,0,3,449,431,440,427,500,10960,685,157888320,376360,376360,240
2280101,mnist-rotations,work,jayce,24,0.1000,10,1,3,-1,-1,-1,432,500,11216,701,161657664,376360,376360,240
2280101,mnist-rotations,work,jayce,24,0.1000,10,2,3,443,431,430,433,500,12032,752,173672448,376360,376360,240
2280101,mnist-rotations,work,jayce,24,0.1000,11,0,1,443,431,430,433,500,12032,752,173672448,376360,376360,240
2280101,mnist-rotations,work,jayce,24,0.1000,11,1,1,-1,436,-1,-1,500,12288,768,177441792,376360,376360,240
2280101,mnist-rotations,work,jayce,24,0.1000,11,2,1,444,444,429,431,500,13104,819,189456576,376360,376360,240
2280101,mnist-rotations,work,backprop,0,0.0030,0,0,0,58,64,40,75,500,0,0,0,477168,477168,0
2280101,mnist-rotations,work,backprop,0,0.0030,0,1,0,79,-1,-1,-1,500,64,4,3878464,477168,477168,0
2280101,mnist-rotations,work,backprop,0,0.0030,0,2,0,235,215,186,153,500,256,16,15513856,477168,477168,0
2280101,mnist-rotations,work,backprop,0,0.0030,1,0,1,235,215,186,153,500,256,16,15513856,477168,477168,0
2280101,mnist-rotations,work,backprop,0,0.0030,1,1,1,-1,249,-1,-1,500,320,20,19392320,477168,477168,0
2280101,mnist-rotations,work,backprop,0,0.0030,1,2,1,330,312,264,235,500,512,32,31027712,477168,477168,0
2280101,mnist-rotations,work,backprop,0,0.0030,2,0,2,330,312,264,235,500,512,32,31027712,477168,477168,0
2280101,mnist-rotations,work,backprop,0,0.0030,2,1,2,-1,-1,232,-1,500,576,36,34906176,477168,477168,0
2280101,mnist-rotations,work,backprop,0,0.0030,2,2,2,360,348,326,260,500,768,48,46541568,477168,477168,0
2280101,mnist-rotations,work,backprop,0,0.0030,3,0,3,360,348,326,260,500,768,48,46541568,477168,477168,0
2280101,mnist-rotations,work,backprop,0,0.0030,3,1,3,-1,-1,-1,262,500,832,52,50420032,477168,477168,0
2280101,mnist-rotations,work,backprop,0,0.0030,3,2,3,357,345,307,294,500,1024,64,62055424,477168,477168,0
2280101,mnist-rotations,work,backprop,0,0.0030,4,0,0,357,345,307,294,500,1024,64,62055424,477168,477168,0
2280101,mnist-rotations,work,backprop,0,0.0030,4,1,0,345,-1,-1,-1,500,1088,68,65933888,477168,477168,0
2280101,mnist-rotations,work,backprop,0,0.0030,4,2,0,367,353,304,298,500,1280,80,77569280,477168,477168,0
2280101,mnist-rotations,work,backprop,0,0.0030,5,0,2,367,353,304,298,500,1280,80,77569280,477168,477168,0
2280101,mnist-rotations,work,backprop,0,0.0030,5,1,2,-1,-1,344,-1,500,1344,84,81447744,477168,477168,0
2280101,mnist-rotations,work,backprop,0,0.0030,5,2,2,387,369,360,283,500,1536,96,93083136,477168,477168,0
2280101,mnist-rotations,work,backprop,0,0.0030,6,0,1,387,369,360,283,500,1536,96,93083136,477168,477168,0
2280101,mnist-rotations,work,backprop,0,0.0030,6,1,1,-1,380,-1,-1,500,1600,100,96961600,477168,477168,0
2280101,mnist-rotations,work,backprop,0,0.0030,6,2,1,396,387,349,325,500,1792,112,108596992,477168,477168,0
2280101,mnist-rotations,work,backprop,0,0.0030,7,0,3,396,387,349,325,500,1792,112,108596992,477168,477168,0
2280101,mnist-rotations,work,backprop,0,0.0030,7,1,3,-1,-1,-1,312,500,1856,116,112475456,477168,477168,0
2280101,mnist-rotations,work,backprop,0,0.0030,7,2,3,391,410,309,352,500,2048,128,124110848,477168,477168,0
2280101,mnist-rotations,work,backprop,0,0.0030,8,0,2,391,410,309,352,500,2048,128,124110848,477168,477168,0
2280101,mnist-rotations,work,backprop,0,0.0030,8,1,2,-1,-1,350,-1,500,2112,132,127989312,477168,477168,0
2280101,mnist-rotations,work,backprop,0,0.0030,8,2,2,400,392,364,339,500,2304,144,139624704,477168,477168,0
2280101,mnist-rotations,work,backprop,0,0.0030,9,0,0,400,392,364,339,500,2304,144,139624704,477168,477168,0
2280101,mnist-rotations,work,backprop,0,0.0030,9,1,0,387,-1,-1,-1,500,2368,148,143503168,477168,477168,0
2280101,mnist-rotations,work,backprop,0,0.0030,9,2,0,411,421,385,364,500,2560,160,155138560,477168,477168,0
2280101,mnist-rotations,work,backprop,0,0.0030,10,0,3,411,421,385,364,500,2560,160,155138560,477168,477168,0
2280101,mnist-rotations,work,backprop,0,0.0030,10,1,3,-1,-1,-1,367,500,2624,164,159017024,477168,477168,0
2280101,mnist-rotations,work,backprop,0,0.0030,10,2,3,407,410,369,361,500,2816,176,170652416,477168,477168,0
2280101,mnist-rotations,work,backprop,0,0.0030,11,0,1,407,410,369,361,500,2816,176,170652416,477168,477168,0
2280101,mnist-rotations,work,backprop,0,0.0030,11,1,1,-1,401,-1,-1,500,2880,180,174530880,477168,477168,0
2280101,mnist-rotations,work,backprop,0,0.0030,11,2,1,388,405,326,390,500,3072,192,186166272,477168,477168,0
2280101,mnist-rotations,memory,jayce,30,0.1000,0,0,0,50,50,50,50,500,0,0,0,40,470440,0
2280101,mnist-rotations,memory,jayce,30,0.1000,0,1,0,408,-1,-1,-1,500,256,16,176610,390472,470440,249
2280101,mnist-rotations,memory,jayce,30,0.1000,0,2,0,436,409,392,289,500,1024,64,13277592,470440,470440,300
2280101,mnist-rotations,memory,jayce,30,0.1000,1,0,1,436,409,392,289,500,1024,64,13277592,470440,470440,300
2280101,mnist-rotations,memory,jayce,30,0.1000,1,1,1,-1,414,-1,-1,500,1280,80,17951640,470440,470440,300
2280101,mnist-rotations,memory,jayce,30,0.1000,1,2,1,439,430,371,383,500,2048,128,31973784,470440,470440,300
2280101,mnist-rotations,memory,jayce,30,0.1000,2,0,2,439,430,371,383,500,2048,128,31973784,470440,470440,300
2280101,mnist-rotations,memory,jayce,30,0.1000,2,1,2,-1,-1,399,-1,500,2304,144,36647832,470440,470440,300
2280101,mnist-rotations,memory,jayce,30,0.1000,2,2,2,437,408,434,360,500,3072,192,50669976,470440,470440,300
2280101,mnist-rotations,memory,jayce,30,0.1000,3,0,3,437,408,434,360,500,3072,192,50669976,470440,470440,300
2280101,mnist-rotations,memory,jayce,30,0.1000,3,1,3,-1,-1,-1,403,500,3328,208,55344024,470440,470440,300
2280101,mnist-rotations,memory,jayce,30,0.1000,3,2,3,428,424,413,420,500,4096,256,69366168,470440,470440,300
2280101,mnist-rotations,memory,jayce,30,0.1000,4,0,0,428,424,413,420,500,4096,256,69366168,470440,470440,300
2280101,mnist-rotations,memory,jayce,30,0.1000,4,1,0,438,-1,-1,-1,500,4352,272,74040216,470440,470440,300
2280101,mnist-rotations,memory,jayce,30,0.1000,4,2,0,449,435,426,405,500,5120,320,88062360,470440,470440,300
2280101,mnist-rotations,memory,jayce,30,0.1000,5,0,2,449,435,426,405,500,5120,320,88062360,470440,470440,300
2280101,mnist-rotations,memory,jayce,30,0.1000,5,1,2,-1,-1,429,-1,500,5376,336,92736408,470440,470440,300
2280101,mnist-rotations,memory,jayce,30,0.1000,5,2,2,448,426,444,395,500,6144,384,106758552,470440,470440,300
2280101,mnist-rotations,memory,jayce,30,0.1000,6,0,1,448,426,444,395,500,6144,384,106758552,470440,470440,300
2280101,mnist-rotations,memory,jayce,30,0.1000,6,1,1,-1,435,-1,-1,500,6400,400,111432600,470440,470440,300
2280101,mnist-rotations,memory,jayce,30,0.1000,6,2,1,443,445,434,415,500,7168,448,125454744,470440,470440,300
2280101,mnist-rotations,memory,jayce,30,0.1000,7,0,3,443,445,434,415,500,7168,448,125454744,470440,470440,300
2280101,mnist-rotations,memory,jayce,30,0.1000,7,1,3,-1,-1,-1,417,500,7424,464,130128792,470440,470440,300
2280101,mnist-rotations,memory,jayce,30,0.1000,7,2,3,441,427,419,434,500,8192,512,144150936,470440,470440,300
2280101,mnist-rotations,memory,jayce,30,0.1000,8,0,2,441,427,419,434,500,8192,512,144150936,470440,470440,300
2280101,mnist-rotations,memory,jayce,30,0.1000,8,1,2,-1,-1,429,-1,500,8448,528,148824984,470440,470440,300
2280101,mnist-rotations,memory,jayce,30,0.1000,8,2,2,438,431,436,426,500,9216,576,162847128,470440,470440,300
2280101,mnist-rotations,memory,jayce,30,0.1000,9,0,0,438,431,436,426,500,9216,576,162847128,470440,470440,300
2280101,mnist-rotations,memory,jayce,30,0.1000,9,1,0,432,-1,-1,-1,500,9472,592,167521176,470440,470440,300
2280101,mnist-rotations,memory,jayce,30,0.1000,9,2,0,447,444,441,427,500,10240,640,181543320,470440,470440,300
2280101,mnist-rotations,memory,jayce,30,0.1000,10,0,3,447,444,441,427,500,10240,640,181543320,470440,470440,300
2280101,mnist-rotations,memory,jayce,30,0.1000,10,1,3,-1,-1,-1,432,500,10496,656,186217368,470440,470440,300
2280101,mnist-rotations,memory,jayce,30,0.1000,10,2,3,436,440,425,442,500,11264,704,200239512,470440,470440,300
2280101,mnist-rotations,memory,jayce,30,0.1000,11,0,1,436,440,425,442,500,11264,704,200239512,470440,470440,300
2280101,mnist-rotations,memory,jayce,30,0.1000,11,1,1,-1,443,-1,-1,500,11520,720,204913560,470440,470440,300
2280101,mnist-rotations,memory,jayce,30,0.1000,11,2,1,442,449,418,430,500,12288,768,218935704,470440,470440,300
2280101,mnist-rotations,memory,backprop,0,0.0030,0,0,0,58,64,40,75,500,0,0,0,477168,477168,0
2280101,mnist-rotations,memory,backprop,0,0.0030,0,1,0,235,-1,-1,-1,500,256,16,15513856,477168,477168,0
2280101,mnist-rotations,memory,backprop,0,0.0030,0,2,0,405,370,335,242,500,1024,64,62055424,477168,477168,0
2280101,mnist-rotations,memory,backprop,0,0.0030,1,0,1,405,370,335,242,500,1024,64,62055424,477168,477168,0
2280101,mnist-rotations,memory,backprop,0,0.0030,1,1,1,-1,382,-1,-1,500,1280,80,77569280,477168,477168,0
2280101,mnist-rotations,memory,backprop,0,0.0030,1,2,1,389,401,284,363,500,2048,128,124110848,477168,477168,0
2280101,mnist-rotations,memory,backprop,0,0.0030,2,0,2,389,401,284,363,500,2048,128,124110848,477168,477168,0
2280101,mnist-rotations,memory,backprop,0,0.0030,2,1,2,-1,-1,349,-1,500,2304,144,139624704,477168,477168,0
2280101,mnist-rotations,memory,backprop,0,0.0030,2,2,2,430,397,413,288,500,3072,192,186166272,477168,477168,0
2280101,mnist-rotations,memory,backprop,0,0.0030,3,0,3,430,397,413,288,500,3072,192,186166272,477168,477168,0
2280101,mnist-rotations,memory,backprop,0,0.0030,3,1,3,-1,-1,-1,318,500,3328,208,201680128,477168,477168,0
2280101,mnist-rotations,memory,backprop,0,0.0030,3,2,3,405,421,355,397,500,4096,256,248221696,477168,477168,0
2280101,mnist-rotations,memory,backprop,0,0.0030,4,0,0,405,421,355,397,500,4096,256,248221696,477168,477168,0
2280101,mnist-rotations,memory,backprop,0,0.0030,4,1,0,395,-1,-1,-1,500,4352,272,263735552,477168,477168,0
2280101,mnist-rotations,memory,backprop,0,0.0030,4,2,0,427,410,387,342,500,5120,320,310277120,477168,477168,0
2280101,mnist-rotations,memory,backprop,0,0.0030,5,0,2,427,410,387,342,500,5120,320,310277120,477168,477168,0
2280101,mnist-rotations,memory,backprop,0,0.0030,5,1,2,-1,-1,383,-1,500,5376,336,325790976,477168,477168,0
2280101,mnist-rotations,memory,backprop,0,0.0030,5,2,2,435,397,418,328,500,6144,384,372332544,477168,477168,0
2280101,mnist-rotations,memory,backprop,0,0.0030,6,0,1,435,397,418,328,500,6144,384,372332544,477168,477168,0
2280101,mnist-rotations,memory,backprop,0,0.0030,6,1,1,-1,397,-1,-1,500,6400,400,387846400,477168,477168,0
2280101,mnist-rotations,memory,backprop,0,0.0030,6,2,1,430,434,401,378,500,7168,448,434387968,477168,477168,0
2280101,mnist-rotations,memory,backprop,0,0.0030,7,0,3,430,434,401,378,500,7168,448,434387968,477168,477168,0
2280101,mnist-rotations,memory,backprop,0,0.0030,7,1,3,-1,-1,-1,390,500,7424,464,449901824,477168,477168,0
2280101,mnist-rotations,memory,backprop,0,0.0030,7,2,3,399,425,317,418,500,8192,512,496443392,477168,477168,0
2280101,mnist-rotations,memory,backprop,0,0.0030,8,0,2,399,425,317,418,500,8192,512,496443392,477168,477168,0
2280101,mnist-rotations,memory,backprop,0,0.0030,8,1,2,-1,-1,379,-1,500,8448,528,511957248,477168,477168,0
2280101,mnist-rotations,memory,backprop,0,0.0030,8,2,2,434,418,411,356,500,9216,576,558498816,477168,477168,0
2280101,mnist-rotations,memory,backprop,0,0.0030,9,0,0,434,418,411,356,500,9216,576,558498816,477168,477168,0
2280101,mnist-rotations,memory,backprop,0,0.0030,9,1,0,433,-1,-1,-1,500,9472,592,574012672,477168,477168,0
2280101,mnist-rotations,memory,backprop,0,0.0030,9,2,0,434,421,412,363,500,10240,640,620554240,477168,477168,0
2280101,mnist-rotations,memory,backprop,0,0.0030,10,0,3,434,421,412,363,500,10240,640,620554240,477168,477168,0
2280101,mnist-rotations,memory,backprop,0,0.0030,10,1,3,-1,-1,-1,393,500,10496,656,636068096,477168,477168,0
2280101,mnist-rotations,memory,backprop,0,0.0030,10,2,3,404,429,340,424,500,11264,704,682609664,477168,477168,0
2280101,mnist-rotations,memory,backprop,0,0.0030,11,0,1,404,429,340,424,500,11264,704,682609664,477168,477168,0
2280101,mnist-rotations,memory,backprop,0,0.0030,11,1,1,-1,429,-1,-1,500,11520,720,698123520,477168,477168,0
2280101,mnist-rotations,memory,backprop,0,0.0030,11,2,1,416,428,345,408,500,12288,768,744665088,477168,477168,0
2384830,mnist-rotations,examples,jayce,48,0.1000,0,0,0,50,50,50,50,500,0,0,0,40,752680,0
2384830,mnist-rotations,examples,jayce,48,0.1000,0,1,0,386,-1,-1,-1,500,256,16,50176,401448,752680,256
2384830,mnist-rotations,examples,jayce,48,0.1000,0,2,0,431,389,400,289,500,1024,64,15793920,752680,752680,480
2384830,mnist-rotations,examples,jayce,48,0.1000,1,0,1,431,389,400,289,500,1024,64,15793920,752680,752680,480
2384830,mnist-rotations,examples,jayce,48,0.1000,1,1,1,-1,401,-1,-1,500,1280,80,23182080,752680,752680,480
2384830,mnist-rotations,examples,jayce,48,0.1000,1,2,1,435,437,371,400,500,2048,128,45346560,752680,752680,480
2384830,mnist-rotations,examples,jayce,48,0.1000,2,0,2,435,437,371,400,500,2048,128,45346560,752680,752680,480
2384830,mnist-rotations,examples,jayce,48,0.1000,2,1,2,-1,-1,401,-1,500,2304,144,52734720,752680,752680,480
2384830,mnist-rotations,examples,jayce,48,0.1000,2,2,2,446,431,438,386,500,3072,192,74899200,752680,752680,480
2384830,mnist-rotations,examples,jayce,48,0.1000,3,0,3,446,431,438,386,500,3072,192,74899200,752680,752680,480
2384830,mnist-rotations,examples,jayce,48,0.1000,3,1,3,-1,-1,-1,407,500,3328,208,82287360,752680,752680,480
2384830,mnist-rotations,examples,jayce,48,0.1000,3,2,3,440,428,405,423,500,4096,256,104451840,752680,752680,480
2384830,mnist-rotations,examples,jayce,48,0.1000,4,0,0,440,428,405,423,500,4096,256,104451840,752680,752680,480
2384830,mnist-rotations,examples,jayce,48,0.1000,4,1,0,442,-1,-1,-1,500,4352,272,111840000,752680,752680,480
2384830,mnist-rotations,examples,jayce,48,0.1000,4,2,0,447,431,418,431,500,5120,320,134004480,752680,752680,480
2384830,mnist-rotations,examples,jayce,48,0.1000,5,0,2,447,431,418,431,500,5120,320,134004480,752680,752680,480
2384830,mnist-rotations,examples,jayce,48,0.1000,5,1,2,-1,-1,426,-1,500,5376,336,141392640,752680,752680,480
2384830,mnist-rotations,examples,jayce,48,0.1000,5,2,2,444,428,441,414,500,6144,384,163557120,752680,752680,480
2384830,mnist-rotations,examples,jayce,48,0.1000,6,0,1,444,428,441,414,500,6144,384,163557120,752680,752680,480
2384830,mnist-rotations,examples,jayce,48,0.1000,6,1,1,-1,435,-1,-1,500,6400,400,170945280,752680,752680,480
2384830,mnist-rotations,examples,jayce,48,0.1000,6,2,1,443,444,435,423,500,7168,448,193109760,752680,752680,480
2384830,mnist-rotations,examples,jayce,48,0.1000,7,0,3,443,444,435,423,500,7168,448,193109760,752680,752680,480
2384830,mnist-rotations,examples,jayce,48,0.1000,7,1,3,-1,-1,-1,436,500,7424,464,200497920,752680,752680,480
2384830,mnist-rotations,examples,jayce,48,0.1000,7,2,3,440,444,426,437,500,8192,512,222662400,752680,752680,480
2384830,mnist-rotations,examples,jayce,48,0.1000,8,0,2,440,444,426,437,500,8192,512,222662400,752680,752680,480
2384830,mnist-rotations,examples,jayce,48,0.1000,8,1,2,-1,-1,429,-1,500,8448,528,230050560,752680,752680,480
2384830,mnist-rotations,examples,jayce,48,0.1000,8,2,2,441,443,440,428,500,9216,576,252215040,752680,752680,480
2384830,mnist-rotations,examples,jayce,48,0.1000,9,0,0,441,443,440,428,500,9216,576,252215040,752680,752680,480
2384830,mnist-rotations,examples,jayce,48,0.1000,9,1,0,442,-1,-1,-1,500,9472,592,259603200,752680,752680,480
2384830,mnist-rotations,examples,jayce,48,0.1000,9,2,0,450,448,442,432,500,10240,640,281767680,752680,752680,480
2384830,mnist-rotations,examples,jayce,48,0.1000,10,0,3,450,448,442,432,500,10240,640,281767680,752680,752680,480
2384830,mnist-rotations,examples,jayce,48,0.1000,10,1,3,-1,-1,-1,439,500,10496,656,289155840,752680,752680,480
2384830,mnist-rotations,examples,jayce,48,0.1000,10,2,3,441,444,435,445,500,11264,704,311320320,752680,752680,480
2384830,mnist-rotations,examples,jayce,48,0.1000,11,0,1,441,444,435,445,500,11264,704,311320320,752680,752680,480
2384830,mnist-rotations,examples,jayce,48,0.1000,11,1,1,-1,448,-1,-1,500,11520,720,318708480,752680,752680,480
2384830,mnist-rotations,examples,jayce,48,0.1000,11,2,1,450,451,436,448,500,12288,768,340872960,752680,752680,480
2384830,mnist-rotations,examples,backprop,0,0.0030,0,0,0,47,46,59,35,500,0,0,0,477168,477168,0
2384830,mnist-rotations,examples,backprop,0,0.0030,0,1,0,318,-1,-1,-1,500,256,16,15513856,477168,477168,0
2384830,mnist-rotations,examples,backprop,0,0.0030,0,2,0,372,322,336,202,500,1024,64,62055424,477168,477168,0
2384830,mnist-rotations,examples,backprop,0,0.0030,1,0,1,372,322,336,202,500,1024,64,62055424,477168,477168,0
2384830,mnist-rotations,examples,backprop,0,0.0030,1,1,1,-1,388,-1,-1,500,1280,80,77569280,477168,477168,0
2384830,mnist-rotations,examples,backprop,0,0.0030,1,2,1,403,398,317,344,500,2048,128,124110848,477168,477168,0
2384830,mnist-rotations,examples,backprop,0,0.0030,2,0,2,403,398,317,344,500,2048,128,124110848,477168,477168,0
2384830,mnist-rotations,examples,backprop,0,0.0030,2,1,2,-1,-1,369,-1,500,2304,144,139624704,477168,477168,0
2384830,mnist-rotations,examples,backprop,0,0.0030,2,2,2,411,370,403,258,500,3072,192,186166272,477168,477168,0
2384830,mnist-rotations,examples,backprop,0,0.0030,3,0,3,411,370,403,258,500,3072,192,186166272,477168,477168,0
2384830,mnist-rotations,examples,backprop,0,0.0030,3,1,3,-1,-1,-1,316,500,3328,208,201680128,477168,477168,0
2384830,mnist-rotations,examples,backprop,0,0.0030,3,2,3,388,410,317,405,500,4096,256,248221696,477168,477168,0
2384830,mnist-rotations,examples,backprop,0,0.0030,4,0,0,388,410,317,405,500,4096,256,248221696,477168,477168,0
2384830,mnist-rotations,examples,backprop,0,0.0030,4,1,0,400,-1,-1,-1,500,4352,272,263735552,477168,477168,0
2384830,mnist-rotations,examples,backprop,0,0.0030,4,2,0,419,429,364,393,500,5120,320,310277120,477168,477168,0
2384830,mnist-rotations,examples,backprop,0,0.0030,5,0,2,419,429,364,393,500,5120,320,310277120,477168,477168,0
2384830,mnist-rotations,examples,backprop,0,0.0030,5,1,2,-1,-1,393,-1,500,5376,336,325790976,477168,477168,0
2384830,mnist-rotations,examples,backprop,0,0.0030,5,2,2,435,389,422,305,500,6144,384,372332544,477168,477168,0
2384830,mnist-rotations,examples,backprop,0,0.0030,6,0,1,435,389,422,305,500,6144,384,372332544,477168,477168,0
2384830,mnist-rotations,examples,backprop,0,0.0030,6,1,1,-1,404,-1,-1,500,6400,400,387846400,477168,477168,0
2384830,mnist-rotations,examples,backprop,0,0.0030,6,2,1,432,433,386,386,500,7168,448,434387968,477168,477168,0
2384830,mnist-rotations,examples,backprop,0,0.0030,7,0,3,432,433,386,386,500,7168,448,434387968,477168,477168,0
2384830,mnist-rotations,examples,backprop,0,0.0030,7,1,3,-1,-1,-1,395,500,7424,464,449901824,477168,477168,0
2384830,mnist-rotations,examples,backprop,0,0.0030,7,2,3,384,419,309,418,500,8192,512,496443392,477168,477168,0
2384830,mnist-rotations,examples,backprop,0,0.0030,8,0,2,384,419,309,418,500,8192,512,496443392,477168,477168,0
2384830,mnist-rotations,examples,backprop,0,0.0030,8,1,2,-1,-1,371,-1,500,8448,528,511957248,477168,477168,0
2384830,mnist-rotations,examples,backprop,0,0.0030,8,2,2,432,400,407,326,500,9216,576,558498816,477168,477168,0
2384830,mnist-rotations,examples,backprop,0,0.0030,9,0,0,432,400,407,326,500,9216,576,558498816,477168,477168,0
2384830,mnist-rotations,examples,backprop,0,0.0030,9,1,0,429,-1,-1,-1,500,9472,592,574012672,477168,477168,0
2384830,mnist-rotations,examples,backprop,0,0.0030,9,2,0,432,410,410,359,500,10240,640,620554240,477168,477168,0
2384830,mnist-rotations,examples,backprop,0,0.0030,10,0,3,432,410,410,359,500,10240,640,620554240,477168,477168,0
2384830,mnist-rotations,examples,backprop,0,0.0030,10,1,3,-1,-1,-1,411,500,10496,656,636068096,477168,477168,0
2384830,mnist-rotations,examples,backprop,0,0.0030,10,2,3,404,430,333,428,500,11264,704,682609664,477168,477168,0
2384830,mnist-rotations,examples,backprop,0,0.0030,11,0,1,404,430,333,428,500,11264,704,682609664,477168,477168,0
2384830,mnist-rotations,examples,backprop,0,0.0030,11,1,1,-1,438,-1,-1,500,11520,720,698123520,477168,477168,0
2384830,mnist-rotations,examples,backprop,0,0.0030,11,2,1,421,441,382,424,500,12288,768,744665088,477168,477168,0
2384830,mnist-rotations,work,jayce,24,0.1000,0,0,0,50,50,50,50,500,0,0,0,40,376360,0
2384830,mnist-rotations,work,jayce,24,0.1000,0,1,0,414,-1,-1,-1,500,496,31,3816384,376360,376360,240
2384830,mnist-rotations,work,jayce,24,0.1000,0,2,0,435,396,407,270,500,1312,82,15831168,376360,376360,240
2384830,mnist-rotations,work,jayce,24,0.1000,1,0,1,435,396,407,270,500,1312,82,15831168,376360,376360,240
2384830,mnist-rotations,work,jayce,24,0.1000,1,1,1,-1,409,-1,-1,500,1568,98,19600512,376360,376360,240
2384830,mnist-rotations,work,jayce,24,0.1000,1,2,1,430,435,380,397,500,2384,149,31615296,376360,376360,240
2384830,mnist-rotations,work,jayce,24,0.1000,2,0,2,430,435,380,397,500,2384,149,31615296,376360,376360,240
2384830,mnist-rotations,work,jayce,24,0.1000,2,1,2,-1,-1,404,-1,500,2640,165,35384640,376360,376360,240
2384830,mnist-rotations,work,jayce,24,0.1000,2,2,2,443,415,434,374,500,3456,216,47399424,376360,376360,240
2384830,mnist-rotations,work,jayce,24,0.1000,3,0,3,443,415,434,374,500,3456,216,47399424,376360,376360,240
2384830,mnist-rotations,work,jayce,24,0.1000,3,1,3,-1,-1,-1,402,500,3712,232,51168768,376360,376360,240
2384830,mnist-rotations,work,jayce,24,0.1000,3,2,3,423,424,408,417,500,4528,283,63183552,376360,376360,240
2384830,mnist-rotations,work,jayce,24,0.1000,4,0,0,423,424,408,417,500,4528,283,63183552,376360,376360,240
2384830,mnist-rotations,work,jayce,24,0.1000,4,1,0,424,-1,-1,-1,500,4784,299,66952896,376360,376360,240
2384830,mnist-rotations,work,jayce,24,0.1000,4,2,0,441,431,419,414,500,5600,350,78967680,376360,376360,240
2384830,mnist-rotations,work,jayce,24,0.1000,5,0,2,441,431,419,414,500,5600,350,78967680,376360,376360,240
2384830,mnist-rotations,work,jayce,24,0.1000,5,1,2,-1,-1,421,-1,500,5856,366,82737024,376360,376360,240
2384830,mnist-rotations,work,jayce,24,0.1000,5,2,2,435,426,438,409,500,6672,417,94751808,376360,376360,240
2384830,mnist-rotations,work,jayce,24,0.1000,6,0,1,435,426,438,409,500,6672,417,94751808,376360,376360,240
2384830,mnist-rotations,work,jayce,24,0.1000,6,1,1,-1,432,-1,-1,500,6928,433,98521152,376360,376360,240
2384830,mnist-rotations,work,jayce,24,0.1000,6,2,1,439,438,437,408,500,7744,484,110535936,376360,376360,240
2384830,mnist-rotations,work,jayce,24,0.1000,7,0,3,439,438,437,408,500,7744,484,110535936,376360,376360,240
2384830,mnist-rotations,work,jayce,24,0.1000,7,1,3,-1,-1,-1,416,500,8000,500,114305280,376360,376360,240
2384830,mnist-rotations,work,jayce,24,0.1000,7,2,3,433,432,420,436,500,8816,551,126320064,376360,376360,240
2384830,mnist-rotations,work,jayce,24,0.1000,8,0,2,433,432,420,436,500,8816,551,126320064,376360,376360,240
2384830,mnist-rotations,work,jayce,24,0.1000,8,1,2,-1,-1,432,-1,500,9072,567,130089408,376360,376360,240
2384830,mnist-rotations,work,jayce,24,0.1000,8,2,2,422,426,431,426,500,9888,618,142104192,376360,376360,240
2384830,mnist-rotations,work,jayce,24,0.1000,9,0,0,422,426,431,426,500,9888,618,142104192,376360,376360,240
2384830,mnist-rotations,work,jayce,24,0.1000,9,1,0,434,-1,-1,-1,500,10144,634,145873536,376360,376360,240
2384830,mnist-rotations,work,jayce,24,0.1000,9,2,0,441,434,443,429,500,10960,685,157888320,376360,376360,240
2384830,mnist-rotations,work,jayce,24,0.1000,10,0,3,441,434,443,429,500,10960,685,157888320,376360,376360,240
2384830,mnist-rotations,work,jayce,24,0.1000,10,1,3,-1,-1,-1,431,500,11216,701,161657664,376360,376360,240
2384830,mnist-rotations,work,jayce,24,0.1000,10,2,3,437,426,436,437,500,12032,752,173672448,376360,376360,240
2384830,mnist-rotations,work,jayce,24,0.1000,11,0,1,437,426,436,437,500,12032,752,173672448,376360,376360,240
2384830,mnist-rotations,work,jayce,24,0.1000,11,1,1,-1,435,-1,-1,500,12288,768,177441792,376360,376360,240
2384830,mnist-rotations,work,jayce,24,0.1000,11,2,1,453,437,421,432,500,13104,819,189456576,376360,376360,240
2384830,mnist-rotations,work,backprop,0,0.0030,0,0,0,47,46,59,35,500,0,0,0,477168,477168,0
2384830,mnist-rotations,work,backprop,0,0.0030,0,1,0,138,-1,-1,-1,500,64,4,3878464,477168,477168,0
2384830,mnist-rotations,work,backprop,0,0.0030,0,2,0,318,282,258,180,500,256,16,15513856,477168,477168,0
2384830,mnist-rotations,work,backprop,0,0.0030,1,0,1,318,282,258,180,500,256,16,15513856,477168,477168,0
2384830,mnist-rotations,work,backprop,0,0.0030,1,1,1,-1,300,-1,-1,500,320,20,19392320,477168,477168,0
2384830,mnist-rotations,work,backprop,0,0.0030,1,2,1,329,317,271,242,500,512,32,31027712,477168,477168,0
2384830,mnist-rotations,work,backprop,0,0.0030,2,0,2,329,317,271,242,500,512,32,31027712,477168,477168,0
2384830,mnist-rotations,work,backprop,0,0.0030,2,1,2,-1,-1,282,-1,500,576,36,34906176,477168,477168,0
2384830,mnist-rotations,work,backprop,0,0.0030,2,2,2,363,352,322,276,500,768,48,46541568,477168,477168,0
2384830,mnist-rotations,work,backprop,0,0.0030,3,0,3,363,352,322,276,500,768,48,46541568,477168,477168,0
2384830,mnist-rotations,work,backprop,0,0.0030,3,1,3,-1,-1,-1,271,500,832,52,50420032,477168,477168,0
2384830,mnist-rotations,work,backprop,0,0.0030,3,2,3,351,343,301,287,500,1024,64,62055424,477168,477168,0
2384830,mnist-rotations,work,backprop,0,0.0030,4,0,0,351,343,301,287,500,1024,64,62055424,477168,477168,0
2384830,mnist-rotations,work,backprop,0,0.0030,4,1,0,389,-1,-1,-1,500,1088,68,65933888,477168,477168,0
2384830,mnist-rotations,work,backprop,0,0.0030,4,2,0,385,388,334,341,500,1280,80,77569280,477168,477168,0
2384830,mnist-rotations,work,backprop,0,0.0030,5,0,2,385,388,334,341,500,1280,80,77569280,477168,477168,0
2384830,mnist-rotations,work,backprop,0,0.0030,5,1,2,-1,-1,326,-1,500,1344,84,81447744,477168,477168,0
2384830,mnist-rotations,work,backprop,0,0.0030,5,2,2,399,388,349,315,500,1536,96,93083136,477168,477168,0
2384830,mnist-rotations,work,backprop,0,0.0030,6,0,1,399,388,349,315,500,1536,96,93083136,477168,477168,0
2384830,mnist-rotations,work,backprop,0,0.0030,6,1,1,-1,386,-1,-1,500,1600,100,96961600,477168,477168,0
2384830,mnist-rotations,work,backprop,0,0.0030,6,2,1,417,395,383,315,500,1792,112,108596992,477168,477168,0
2384830,mnist-rotations,work,backprop,0,0.0030,7,0,3,417,395,383,315,500,1792,112,108596992,477168,477168,0
2384830,mnist-rotations,work,backprop,0,0.0030,7,1,3,-1,-1,-1,335,500,1856,116,112475456,477168,477168,0
2384830,mnist-rotations,work,backprop,0,0.0030,7,2,3,372,378,309,342,500,2048,128,124110848,477168,477168,0
2384830,mnist-rotations,work,backprop,0,0.0030,8,0,2,372,378,309,342,500,2048,128,124110848,477168,477168,0
2384830,mnist-rotations,work,backprop,0,0.0030,8,1,2,-1,-1,340,-1,500,2112,132,127989312,477168,477168,0
2384830,mnist-rotations,work,backprop,0,0.0030,8,2,2,383,384,352,351,500,2304,144,139624704,477168,477168,0
2384830,mnist-rotations,work,backprop,0,0.0030,9,0,0,383,384,352,351,500,2304,144,139624704,477168,477168,0
2384830,mnist-rotations,work,backprop,0,0.0030,9,1,0,401,-1,-1,-1,500,2368,148,143503168,477168,477168,0
2384830,mnist-rotations,work,backprop,0,0.0030,9,2,0,413,408,380,361,500,2560,160,155138560,477168,477168,0
2384830,mnist-rotations,work,backprop,0,0.0030,10,0,3,413,408,380,361,500,2560,160,155138560,477168,477168,0
2384830,mnist-rotations,work,backprop,0,0.0030,10,1,3,-1,-1,-1,348,500,2624,164,159017024,477168,477168,0
2384830,mnist-rotations,work,backprop,0,0.0030,10,2,3,389,394,341,371,500,2816,176,170652416,477168,477168,0
2384830,mnist-rotations,work,backprop,0,0.0030,11,0,1,389,394,341,371,500,2816,176,170652416,477168,477168,0
2384830,mnist-rotations,work,backprop,0,0.0030,11,1,1,-1,411,-1,-1,500,2880,180,174530880,477168,477168,0
2384830,mnist-rotations,work,backprop,0,0.0030,11,2,1,411,422,375,399,500,3072,192,186166272,477168,477168,0
2384830,mnist-rotations,memory,jayce,30,0.1000,0,0,0,50,50,50,50,500,0,0,0,40,470440,0
2384830,mnist-rotations,memory,jayce,30,0.1000,0,1,0,386,-1,-1,-1,500,256,16,68238,399880,470440,255
2384830,mnist-rotations,memory,jayce,30,0.1000,0,2,0,427,400,394,285,500,1024,64,13277592,470440,470440,300
2384830,mnist-rotations,memory,jayce,30,0.1000,1,0,1,427,400,394,285,500,1024,64,13277592,470440,470440,300
2384830,mnist-rotations,memory,jayce,30,0.1000,1,1,1,-1,408,-1,-1,500,1280,80,17951640,470440,470440,300
2384830,mnist-rotations,memory,jayce,30,0.1000,1,2,1,426,432,373,396,500,2048,128,31973784,470440,470440,300
2384830,mnist-rotations,memory,jayce,30,0.1000,2,0,2,426,432,373,396,500,2048,128,31973784,470440,470440,300
2384830,mnist-rotations,memory,jayce,30,0.1000,2,1,2,-1,-1,397,-1,500,2304,144,36647832,470440,470440,300
2384830,mnist-rotations,memory,jayce,30,0.1000,2,2,2,438,421,430,372,500,3072,192,50669976,470440,470440,300
2384830,mnist-rotations,memory,jayce,30,0.1000,3,0,3,438,421,430,372,500,3072,192,50669976,470440,470440,300
2384830,mnist-rotations,memory,jayce,30,0.1000,3,1,3,-1,-1,-1,391,500,3328,208,55344024,470440,470440,300
2384830,mnist-rotations,memory,jayce,30,0.1000,3,2,3,426,411,417,421,500,4096,256,69366168,470440,470440,300
2384830,mnist-rotations,memory,jayce,30,0.1000,4,0,0,426,411,417,421,500,4096,256,69366168,470440,470440,300
2384830,mnist-rotations,memory,jayce,30,0.1000,4,1,0,435,-1,-1,-1,500,4352,272,74040216,470440,470440,300
2384830,mnist-rotations,memory,jayce,30,0.1000,4,2,0,441,427,415,418,500,5120,320,88062360,470440,470440,300
2384830,mnist-rotations,memory,jayce,30,0.1000,5,0,2,441,427,415,418,500,5120,320,88062360,470440,470440,300
2384830,mnist-rotations,memory,jayce,30,0.1000,5,1,2,-1,-1,426,-1,500,5376,336,92736408,470440,470440,300
2384830,mnist-rotations,memory,jayce,30,0.1000,5,2,2,441,420,436,406,500,6144,384,106758552,470440,470440,300
2384830,mnist-rotations,memory,jayce,30,0.1000,6,0,1,441,420,436,406,500,6144,384,106758552,470440,470440,300
2384830,mnist-rotations,memory,jayce,30,0.1000,6,1,1,-1,428,-1,-1,500,6400,400,111432600,470440,470440,300
2384830,mnist-rotations,memory,jayce,30,0.1000,6,2,1,446,441,440,405,500,7168,448,125454744,470440,470440,300
2384830,mnist-rotations,memory,jayce,30,0.1000,7,0,3,446,441,440,405,500,7168,448,125454744,470440,470440,300
2384830,mnist-rotations,memory,jayce,30,0.1000,7,1,3,-1,-1,-1,419,500,7424,464,130128792,470440,470440,300
2384830,mnist-rotations,memory,jayce,30,0.1000,7,2,3,442,439,432,432,500,8192,512,144150936,470440,470440,300
2384830,mnist-rotations,memory,jayce,30,0.1000,8,0,2,442,439,432,432,500,8192,512,144150936,470440,470440,300
2384830,mnist-rotations,memory,jayce,30,0.1000,8,1,2,-1,-1,425,-1,500,8448,528,148824984,470440,470440,300
2384830,mnist-rotations,memory,jayce,30,0.1000,8,2,2,438,429,432,427,500,9216,576,162847128,470440,470440,300
2384830,mnist-rotations,memory,jayce,30,0.1000,9,0,0,438,429,432,427,500,9216,576,162847128,470440,470440,300
2384830,mnist-rotations,memory,jayce,30,0.1000,9,1,0,448,-1,-1,-1,500,9472,592,167521176,470440,470440,300
2384830,mnist-rotations,memory,jayce,30,0.1000,9,2,0,445,436,437,422,500,10240,640,181543320,470440,470440,300
2384830,mnist-rotations,memory,jayce,30,0.1000,10,0,3,445,436,437,422,500,10240,640,181543320,470440,470440,300
2384830,mnist-rotations,memory,jayce,30,0.1000,10,1,3,-1,-1,-1,434,500,10496,656,186217368,470440,470440,300
2384830,mnist-rotations,memory,jayce,30,0.1000,10,2,3,440,432,429,435,500,11264,704,200239512,470440,470440,300
2384830,mnist-rotations,memory,jayce,30,0.1000,11,0,1,440,432,429,435,500,11264,704,200239512,470440,470440,300
2384830,mnist-rotations,memory,jayce,30,0.1000,11,1,1,-1,432,-1,-1,500,11520,720,204913560,470440,470440,300
2384830,mnist-rotations,memory,jayce,30,0.1000,11,2,1,444,442,420,428,500,12288,768,218935704,470440,470440,300
2384830,mnist-rotations,memory,backprop,0,0.0030,0,0,0,47,46,59,35,500,0,0,0,477168,477168,0
2384830,mnist-rotations,memory,backprop,0,0.0030,0,1,0,318,-1,-1,-1,500,256,16,15513856,477168,477168,0
2384830,mnist-rotations,memory,backprop,0,0.0030,0,2,0,372,322,336,202,500,1024,64,62055424,477168,477168,0
2384830,mnist-rotations,memory,backprop,0,0.0030,1,0,1,372,322,336,202,500,1024,64,62055424,477168,477168,0
2384830,mnist-rotations,memory,backprop,0,0.0030,1,1,1,-1,388,-1,-1,500,1280,80,77569280,477168,477168,0
2384830,mnist-rotations,memory,backprop,0,0.0030,1,2,1,403,398,317,344,500,2048,128,124110848,477168,477168,0
2384830,mnist-rotations,memory,backprop,0,0.0030,2,0,2,403,398,317,344,500,2048,128,124110848,477168,477168,0
2384830,mnist-rotations,memory,backprop,0,0.0030,2,1,2,-1,-1,369,-1,500,2304,144,139624704,477168,477168,0
2384830,mnist-rotations,memory,backprop,0,0.0030,2,2,2,411,370,403,258,500,3072,192,186166272,477168,477168,0
2384830,mnist-rotations,memory,backprop,0,0.0030,3,0,3,411,370,403,258,500,3072,192,186166272,477168,477168,0
2384830,mnist-rotations,memory,backprop,0,0.0030,3,1,3,-1,-1,-1,316,500,3328,208,201680128,477168,477168,0
2384830,mnist-rotations,memory,backprop,0,0.0030,3,2,3,388,410,317,405,500,4096,256,248221696,477168,477168,0
2384830,mnist-rotations,memory,backprop,0,0.0030,4,0,0,388,410,317,405,500,4096,256,248221696,477168,477168,0
2384830,mnist-rotations,memory,backprop,0,0.0030,4,1,0,400,-1,-1,-1,500,4352,272,263735552,477168,477168,0
2384830,mnist-rotations,memory,backprop,0,0.0030,4,2,0,419,429,364,393,500,5120,320,310277120,477168,477168,0
2384830,mnist-rotations,memory,backprop,0,0.0030,5,0,2,419,429,364,393,500,5120,320,310277120,477168,477168,0
2384830,mnist-rotations,memory,backprop,0,0.0030,5,1,2,-1,-1,393,-1,500,5376,336,325790976,477168,477168,0
2384830,mnist-rotations,memory,backprop,0,0.0030,5,2,2,435,389,422,305,500,6144,384,372332544,477168,477168,0
2384830,mnist-rotations,memory,backprop,0,0.0030,6,0,1,435,389,422,305,500,6144,384,372332544,477168,477168,0
2384830,mnist-rotations,memory,backprop,0,0.0030,6,1,1,-1,404,-1,-1,500,6400,400,387846400,477168,477168,0
2384830,mnist-rotations,memory,backprop,0,0.0030,6,2,1,432,433,386,386,500,7168,448,434387968,477168,477168,0
2384830,mnist-rotations,memory,backprop,0,0.0030,7,0,3,432,433,386,386,500,7168,448,434387968,477168,477168,0
2384830,mnist-rotations,memory,backprop,0,0.0030,7,1,3,-1,-1,-1,395,500,7424,464,449901824,477168,477168,0
2384830,mnist-rotations,memory,backprop,0,0.0030,7,2,3,384,419,309,418,500,8192,512,496443392,477168,477168,0
2384830,mnist-rotations,memory,backprop,0,0.0030,8,0,2,384,419,309,418,500,8192,512,496443392,477168,477168,0
2384830,mnist-rotations,memory,backprop,0,0.0030,8,1,2,-1,-1,371,-1,500,8448,528,511957248,477168,477168,0
2384830,mnist-rotations,memory,backprop,0,0.0030,8,2,2,432,400,407,326,500,9216,576,558498816,477168,477168,0
2384830,mnist-rotations,memory,backprop,0,0.0030,9,0,0,432,400,407,326,500,9216,576,558498816,477168,477168,0
2384830,mnist-rotations,memory,backprop,0,0.0030,9,1,0,429,-1,-1,-1,500,9472,592,574012672,477168,477168,0
2384830,mnist-rotations,memory,backprop,0,0.0030,9,2,0,432,410,410,359,500,10240,640,620554240,477168,477168,0
2384830,mnist-rotations,memory,backprop,0,0.0030,10,0,3,432,410,410,359,500,10240,640,620554240,477168,477168,0
2384830,mnist-rotations,memory,backprop,0,0.0030,10,1,3,-1,-1,-1,411,500,10496,656,636068096,477168,477168,0
2384830,mnist-rotations,memory,backprop,0,0.0030,10,2,3,404,430,333,428,500,11264,704,682609664,477168,477168,0
2384830,mnist-rotations,memory,backprop,0,0.0030,11,0,1,404,430,333,428,500,11264,704,682609664,477168,477168,0
2384830,mnist-rotations,memory,backprop,0,0.0030,11,1,1,-1,438,-1,-1,500,11520,720,698123520,477168,477168,0
2384830,mnist-rotations,memory,backprop,0,0.0030,11,2,1,421,441,382,424,500,12288,768,744665088,477168,477168,0
2489559,mnist-rotations,examples,jayce,48,0.1000,0,0,0,50,50,50,50,500,0,0,0,40,752680,0
2489559,mnist-rotations,examples,jayce,48,0.1000,0,1,0,415,-1,-1,-1,500,256,16,50176,401448,752680,256
2489559,mnist-rotations,examples,jayce,48,0.1000,0,2,0,435,397,401,291,500,1024,64,15793920,752680,752680,480
2489559,mnist-rotations,examples,jayce,48,0.1000,1,0,1,435,397,401,291,500,1024,64,15793920,752680,752680,480
2489559,mnist-rotations,examples,jayce,48,0.1000,1,1,1,-1,418,-1,-1,500,1280,80,23182080,752680,752680,480
2489559,mnist-rotations,examples,jayce,48,0.1000,1,2,1,431,431,369,391,500,2048,128,45346560,752680,752680,480
2489559,mnist-rotations,examples,jayce,48,0.1000,2,0,2,431,431,369,391,500,2048,128,45346560,752680,752680,480
2489559,mnist-rotations,examples,jayce,48,0.1000,2,1,2,-1,-1,399,-1,500,2304,144,52734720,752680,752680,480
2489559,mnist-rotations,examples,jayce,48,0.1000,2,2,2,439,425,428,358,500,3072,192,74899200,752680,752680,480
2489559,mnist-rotations,examples,jayce,48,0.1000,3,0,3,439,425,428,358,500,3072,192,74899200,752680,752680,480
2489559,mnist-rotations,examples,jayce,48,0.1000,3,1,3,-1,-1,-1,413,500,3328,208,82287360,752680,752680,480
2489559,mnist-rotations,examples,jayce,48,0.1000,3,2,3,430,422,411,422,500,4096,256,104451840,752680,752680,480
2489559,mnist-rotations,examples,jayce,48,0.1000,4,0,0,430,422,411,422,500,4096,256,104451840,752680,752680,480
2489559,mnist-rotations,examples,jayce,48,0.1000,4,1,0,440,-1,-1,-1,500,4352,272,111840000,752680,752680,480
2489559,mnist-rotations,examples,jayce,48,0.1000,4,2,0,451,431,415,416,500,5120,320,134004480,752680,752680,480
2489559,mnist-rotations,examples,jayce,48,0.1000,5,0,2,451,431,415,416,500,5120,320,134004480,752680,752680,480
2489559,mnist-rotations,examples,jayce,48,0.1000,5,1,2,-1,-1,424,-1,500,5376,336,141392640,752680,752680,480
2489559,mnist-rotations,examples,jayce,48,0.1000,5,2,2,454,422,433,400,500,6144,384,163557120,752680,752680,480
2489559,mnist-rotations,examples,jayce,48,0.1000,6,0,1,454,422,433,400,500,6144,384,163557120,752680,752680,480
2489559,mnist-rotations,examples,jayce,48,0.1000,6,1,1,-1,433,-1,-1,500,6400,400,170945280,752680,752680,480
2489559,mnist-rotations,examples,jayce,48,0.1000,6,2,1,451,440,427,422,500,7168,448,193109760,752680,752680,480
2489559,mnist-rotations,examples,jayce,48,0.1000,7,0,3,451,440,427,422,500,7168,448,193109760,752680,752680,480
2489559,mnist-rotations,examples,jayce,48,0.1000,7,1,3,-1,-1,-1,423,500,7424,464,200497920,752680,752680,480
2489559,mnist-rotations,examples,jayce,48,0.1000,7,2,3,441,437,414,442,500,8192,512,222662400,752680,752680,480
2489559,mnist-rotations,examples,jayce,48,0.1000,8,0,2,441,437,414,442,500,8192,512,222662400,752680,752680,480
2489559,mnist-rotations,examples,jayce,48,0.1000,8,1,2,-1,-1,418,-1,500,8448,528,230050560,752680,752680,480
2489559,mnist-rotations,examples,jayce,48,0.1000,8,2,2,448,426,439,428,500,9216,576,252215040,752680,752680,480
2489559,mnist-rotations,examples,jayce,48,0.1000,9,0,0,448,426,439,428,500,9216,576,252215040,752680,752680,480
2489559,mnist-rotations,examples,jayce,48,0.1000,9,1,0,447,-1,-1,-1,500,9472,592,259603200,752680,752680,480
2489559,mnist-rotations,examples,jayce,48,0.1000,9,2,0,460,434,433,429,500,10240,640,281767680,752680,752680,480
2489559,mnist-rotations,examples,jayce,48,0.1000,10,0,3,460,434,433,429,500,10240,640,281767680,752680,752680,480
2489559,mnist-rotations,examples,jayce,48,0.1000,10,1,3,-1,-1,-1,432,500,10496,656,289155840,752680,752680,480
2489559,mnist-rotations,examples,jayce,48,0.1000,10,2,3,458,434,426,435,500,11264,704,311320320,752680,752680,480
2489559,mnist-rotations,examples,jayce,48,0.1000,11,0,1,458,434,426,435,500,11264,704,311320320,752680,752680,480
2489559,mnist-rotations,examples,jayce,48,0.1000,11,1,1,-1,440,-1,-1,500,11520,720,318708480,752680,752680,480
2489559,mnist-rotations,examples,jayce,48,0.1000,11,2,1,452,445,427,429,500,12288,768,340872960,752680,752680,480
2489559,mnist-rotations,examples,backprop,0,0.0030,0,0,0,58,52,48,62,500,0,0,0,477168,477168,0
2489559,mnist-rotations,examples,backprop,0,0.0030,0,1,0,257,-1,-1,-1,500,256,16,15513856,477168,477168,0
2489559,mnist-rotations,examples,backprop,0,0.0030,0,2,0,397,335,347,248,500,1024,64,62055424,477168,477168,0
2489559,mnist-rotations,examples,backprop,0,0.0030,1,0,1,397,335,347,248,500,1024,64,62055424,477168,477168,0
2489559,mnist-rotations,examples,backprop,0,0.0030,1,1,1,-1,382,-1,-1,500,1280,80,77569280,477168,477168,0
2489559,mnist-rotations,examples,backprop,0,0.0030,1,2,1,411,416,312,349,500,2048,128,124110848,477168,477168,0
2489559,mnist-rotations,examples,backprop,0,0.0030,2,0,2,411,416,312,349,500,2048,128,124110848,477168,477168,0
2489559,mnist-rotations,examples,backprop,0,0.0030,2,1,2,-1,-1,342,-1,500,2304,144,139624704,477168,477168,0
2489559,mnist-rotations,examples,backprop,0,0.0030,2,2,2,426,387,420,291,500,3072,192,186166272,477168,477168,0
2489559,mnist-rotations,examples,backprop,0,0.0030,3,0,3,426,387,420,291,500,3072,192,186166272,477168,477168,0
2489559,mnist-rotations,examples,backprop,0,0.0030,3,1,3,-1,-1,-1,325,500,3328,208,201680128,477168,477168,0
2489559,mnist-rotations,examples,backprop,0,0.0030,3,2,3,385,420,325,413,500,4096,256,248221696,477168,477168,0
2489559,mnist-rotations,examples,backprop,0,0.0030,4,0,0,385,420,325,413,500,4096,256,248221696,477168,477168,0
2489559,mnist-rotations,examples,backprop,0,0.0030,4,1,0,391,-1,-1,-1,500,4352,272,263735552,477168,477168,0
2489559,mnist-rotations,examples,backprop,0,0.0030,4,2,0,424,397,387,354,500,5120,320,310277120,477168,477168,0
2489559,mnist-rotations,examples,backprop,0,0.0030,5,0,2,424,397,387,354,500,5120,320,310277120,477168,477168,0
2489559,mnist-rotations,examples,backprop,0,0.0030,5,1,2,-1,-1,404,-1,500,5376,336,325790976,477168,477168,0
2489559,mnist-rotations,examples,backprop,0,0.0030,5,2,2,417,362,406,304,500,6144,384,372332544,477168,477168,0
2489559,mnist-rotations,examples,backprop,0,0.0030,6,0,1,417,362,406,304,500,6144,384,372332544,477168,477168,0
2489559,mnist-rotations,examples,backprop,0,0.0030,6,1,1,-1,401,-1,-1,500,6400,400,387846400,477168,477168,0
2489559,mnist-rotations,examples,backprop,0,0.0030,6,2,1,437,432,392,392,500,7168,448,434387968,477168,477168,0
2489559,mnist-rotations,examples,backprop,0,0.0030,7,0,3,437,432,392,392,500,7168,448,434387968,477168,477168,0
2489559,mnist-rotations,examples,backprop,0,0.0030,7,1,3,-1,-1,-1,381,500,7424,464,449901824,477168,477168,0
2489559,mnist-rotations,examples,backprop,0,0.0030,7,2,3,399,433,311,432,500,8192,512,496443392,477168,477168,0
2489559,mnist-rotations,examples,backprop,0,0.0030,8,0,2,399,433,311,432,500,8192,512,496443392,477168,477168,0
2489559,mnist-rotations,examples,backprop,0,0.0030,8,1,2,-1,-1,377,-1,500,8448,528,511957248,477168,477168,0
2489559,mnist-rotations,examples,backprop,0,0.0030,8,2,2,438,415,428,371,500,9216,576,558498816,477168,477168,0
2489559,mnist-rotations,examples,backprop,0,0.0030,9,0,0,438,415,428,371,500,9216,576,558498816,477168,477168,0
2489559,mnist-rotations,examples,backprop,0,0.0030,9,1,0,428,-1,-1,-1,500,9472,592,574012672,477168,477168,0
2489559,mnist-rotations,examples,backprop,0,0.0030,9,2,0,441,411,406,358,500,10240,640,620554240,477168,477168,0
2489559,mnist-rotations,examples,backprop,0,0.0030,10,0,3,441,411,406,358,500,10240,640,620554240,477168,477168,0
2489559,mnist-rotations,examples,backprop,0,0.0030,10,1,3,-1,-1,-1,390,500,10496,656,636068096,477168,477168,0
2489559,mnist-rotations,examples,backprop,0,0.0030,10,2,3,391,415,312,419,500,11264,704,682609664,477168,477168,0
2489559,mnist-rotations,examples,backprop,0,0.0030,11,0,1,391,415,312,419,500,11264,704,682609664,477168,477168,0
2489559,mnist-rotations,examples,backprop,0,0.0030,11,1,1,-1,434,-1,-1,500,11520,720,698123520,477168,477168,0
2489559,mnist-rotations,examples,backprop,0,0.0030,11,2,1,417,435,354,418,500,12288,768,744665088,477168,477168,0
2489559,mnist-rotations,work,jayce,24,0.1000,0,0,0,50,50,50,50,500,0,0,0,40,376360,0
2489559,mnist-rotations,work,jayce,24,0.1000,0,1,0,427,-1,-1,-1,500,496,31,3816384,376360,376360,240
2489559,mnist-rotations,work,jayce,24,0.1000,0,2,0,442,406,392,289,500,1312,82,15831168,376360,376360,240
2489559,mnist-rotations,work,jayce,24,0.1000,1,0,1,442,406,392,289,500,1312,82,15831168,376360,376360,240
2489559,mnist-rotations,work,jayce,24,0.1000,1,1,1,-1,416,-1,-1,500,1568,98,19600512,376360,376360,240
2489559,mnist-rotations,work,jayce,24,0.1000,1,2,1,437,442,377,386,500,2384,149,31615296,376360,376360,240
2489559,mnist-rotations,work,jayce,24,0.1000,2,0,2,437,442,377,386,500,2384,149,31615296,376360,376360,240
2489559,mnist-rotations,work,jayce,24,0.1000,2,1,2,-1,-1,409,-1,500,2640,165,35384640,376360,376360,240
2489559,mnist-rotations,work,jayce,24,0.1000,2,2,2,436,415,423,350,500,3456,216,47399424,376360,376360,240
2489559,mnist-rotations,work,jayce,24,0.1000,3,0,3,436,415,423,350,500,3456,216,47399424,376360,376360,240
2489559,mnist-rotations,work,jayce,24,0.1000,3,1,3,-1,-1,-1,404,500,3712,232,51168768,376360,376360,240
2489559,mnist-rotations,work,jayce,24,0.1000,3,2,3,433,424,405,413,500,4528,283,63183552,376360,376360,240
2489559,mnist-rotations,work,jayce,24,0.1000,4,0,0,433,424,405,413,500,4528,283,63183552,376360,376360,240
2489559,mnist-rotations,work,jayce,24,0.1000,4,1,0,439,-1,-1,-1,500,4784,299,66952896,376360,376360,240
2489559,mnist-rotations,work,jayce,24,0.1000,4,2,0,439,433,410,404,500,5600,350,78967680,376360,376360,240
2489559,mnist-rotations,work,jayce,24,0.1000,5,0,2,439,433,410,404,500,5600,350,78967680,376360,376360,240
2489559,mnist-rotations,work,jayce,24,0.1000,5,1,2,-1,-1,423,-1,500,5856,366,82737024,376360,376360,240
2489559,mnist-rotations,work,jayce,24,0.1000,5,2,2,432,430,428,394,500,6672,417,94751808,376360,376360,240
2489559,mnist-rotations,work,jayce,24,0.1000,6,0,1,432,430,428,394,500,6672,417,94751808,376360,376360,240
2489559,mnist-rotations,work,jayce,24,0.1000,6,1,1,-1,429,-1,-1,500,6928,433,98521152,376360,376360,240
2489559,mnist-rotations,work,jayce,24,0.1000,6,2,1,442,441,419,417,500,7744,484,110535936,376360,376360,240
2489559,mnist-rotations,work,jayce,24,0.1000,7,0,3,442,441,419,417,500,7744,484,110535936,376360,376360,240
2489559,mnist-rotations,work,jayce,24,0.1000,7,1,3,-1,-1,-1,424,500,8000,500,114305280,376360,376360,240
2489559,mnist-rotations,work,jayce,24,0.1000,7,2,3,429,440,400,439,500,8816,551,126320064,376360,376360,240
2489559,mnist-rotations,work,jayce,24,0.1000,8,0,2,429,440,400,439,500,8816,551,126320064,376360,376360,240
2489559,mnist-rotations,work,jayce,24,0.1000,8,1,2,-1,-1,411,-1,500,9072,567,130089408,376360,376360,240
2489559,mnist-rotations,work,jayce,24,0.1000,8,2,2,431,430,433,428,500,9888,618,142104192,376360,376360,240
2489559,mnist-rotations,work,jayce,24,0.1000,9,0,0,431,430,433,428,500,9888,618,142104192,376360,376360,240
2489559,mnist-rotations,work,jayce,24,0.1000,9,1,0,438,-1,-1,-1,500,10144,634,145873536,376360,376360,240
2489559,mnist-rotations,work,jayce,24,0.1000,9,2,0,438,422,425,411,500,10960,685,157888320,376360,376360,240
2489559,mnist-rotations,work,jayce,24,0.1000,10,0,3,438,422,425,411,500,10960,685,157888320,376360,376360,240
2489559,mnist-rotations,work,jayce,24,0.1000,10,1,3,-1,-1,-1,426,500,11216,701,161657664,376360,376360,240
2489559,mnist-rotations,work,jayce,24,0.1000,10,2,3,434,425,417,429,500,12032,752,173672448,376360,376360,240
2489559,mnist-rotations,work,jayce,24,0.1000,11,0,1,434,425,417,429,500,12032,752,173672448,376360,376360,240
2489559,mnist-rotations,work,jayce,24,0.1000,11,1,1,-1,427,-1,-1,500,12288,768,177441792,376360,376360,240
2489559,mnist-rotations,work,jayce,24,0.1000,11,2,1,442,437,412,434,500,13104,819,189456576,376360,376360,240
2489559,mnist-rotations,work,backprop,0,0.0030,0,0,0,58,52,48,62,500,0,0,0,477168,477168,0
2489559,mnist-rotations,work,backprop,0,0.0030,0,1,0,98,-1,-1,-1,500,64,4,3878464,477168,477168,0
2489559,mnist-rotations,work,backprop,0,0.0030,0,2,0,257,252,258,168,500,256,16,15513856,477168,477168,0
2489559,mnist-rotations,work,backprop,0,0.0030,1,0,1,257,252,258,168,500,256,16,15513856,477168,477168,0
2489559,mnist-rotations,work,backprop,0,0.0030,1,1,1,-1,242,-1,-1,500,320,20,19392320,477168,477168,0
2489559,mnist-rotations,work,backprop,0,0.0030,1,2,1,304,310,257,253,500,512,32,31027712,477168,477168,0
2489559,mnist-rotations,work,backprop,0,0.0030,2,0,2,304,310,257,253,500,512,32,31027712,477168,477168,0
2489559,mnist-rotations,work,backprop,0,0.0030,2,1,2,-1,-1,255,-1,500,576,36,34906176,477168,477168,0
2489559,mnist-rotations,work,backprop,0,0.0030,2,2,2,354,329,319,252,500,768,48,46541568,477168,477168,0
2489559,mnist-rotations,work,backprop,0,0.0030,3,0,3,354,329,319,252,500,768,48,46541568,477168,477168,0
2489559,mnist-rotations,work,backprop,0,0.0030,3,1,3,-1,-1,-1,293,500,832,52,50420032,477168,477168,0
2489559,mnist-rotations,work,backprop,0,0.0030,3,2,3,383,363,330,297,500,1024,64,62055424,477168,477168,0
2489559,mnist-rotations,work,backprop,0,0.0030,4,0,0,383,363,330,297,500,1024,64,62055424,477168,477168,0
2489559,mnist-rotations,work,backprop,0,0.0030,4,1,0,383,-1,-1,-1,500,1088,68,65933888,477168,477168,0
2489559,mnist-rotations,work,backprop,0,0.0030,4,2,0,391,372,345,322,500,1280,80,77569280,477168,477168,0
2489559,mnist-rotations,work,backprop,0,0.0030,5,0,2,391,372,345,322,500,1280,80,77569280,477168,477168,0
2489559,mnist-rotations,work,backprop,0,0.0030,5,1,2,-1,-1,335,-1,500,1344,84,81447744,477168,477168,0
2489559,mnist-rotations,work,backprop,0,0.0030,5,2,2,409,376,386,311,500,1536,96,93083136,477168,477168,0
2489559,mnist-rotations,work,backprop,0,0.0030,6,0,1,409,376,386,311,500,1536,96,93083136,477168,477168,0
2489559,mnist-rotations,work,backprop,0,0.0030,6,1,1,-1,346,-1,-1,500,1600,100,96961600,477168,477168,0
2489559,mnist-rotations,work,backprop,0,0.0030,6,2,1,404,387,365,314,500,1792,112,108596992,477168,477168,0
2489559,mnist-rotations,work,backprop,0,0.0030,7,0,3,404,387,365,314,500,1792,112,108596992,477168,477168,0
2489559,mnist-rotations,work,backprop,0,0.0030,7,1,3,-1,-1,-1,322,500,1856,116,112475456,477168,477168,0
2489559,mnist-rotations,work,backprop,0,0.0030,7,2,3,355,368,307,342,500,2048,128,124110848,477168,477168,0
2489559,mnist-rotations,work,backprop,0,0.0030,8,0,2,355,368,307,342,500,2048,128,124110848,477168,477168,0
2489559,mnist-rotations,work,backprop,0,0.0030,8,1,2,-1,-1,330,-1,500,2112,132,127989312,477168,477168,0
2489559,mnist-rotations,work,backprop,0,0.0030,8,2,2,402,404,378,359,500,2304,144,139624704,477168,477168,0
2489559,mnist-rotations,work,backprop,0,0.0030,9,0,0,402,404,378,359,500,2304,144,139624704,477168,477168,0
2489559,mnist-rotations,work,backprop,0,0.0030,9,1,0,408,-1,-1,-1,500,2368,148,143503168,477168,477168,0
2489559,mnist-rotations,work,backprop,0,0.0030,9,2,0,410,402,383,358,500,2560,160,155138560,477168,477168,0
2489559,mnist-rotations,work,backprop,0,0.0030,10,0,3,410,402,383,358,500,2560,160,155138560,477168,477168,0
2489559,mnist-rotations,work,backprop,0,0.0030,10,1,3,-1,-1,-1,363,500,2624,164,159017024,477168,477168,0
2489559,mnist-rotations,work,backprop,0,0.0030,10,2,3,385,377,350,369,500,2816,176,170652416,477168,477168,0
2489559,mnist-rotations,work,backprop,0,0.0030,11,0,1,385,377,350,369,500,2816,176,170652416,477168,477168,0
2489559,mnist-rotations,work,backprop,0,0.0030,11,1,1,-1,389,-1,-1,500,2880,180,174530880,477168,477168,0
2489559,mnist-rotations,work,backprop,0,0.0030,11,2,1,385,403,321,382,500,3072,192,186166272,477168,477168,0
2489559,mnist-rotations,memory,jayce,30,0.1000,0,0,0,50,50,50,50,500,0,0,0,40,470440,0
2489559,mnist-rotations,memory,jayce,30,0.1000,0,1,0,415,-1,-1,-1,500,256,16,50176,401448,470440,256
2489559,mnist-rotations,memory,jayce,30,0.1000,0,2,0,439,400,397,305,500,1024,64,13277592,470440,470440,300
2489559,mnist-rotations,memory,jayce,30,0.1000,1,0,1,439,400,397,305,500,1024,64,13277592,470440,470440,300
2489559,mnist-rotations,memory,jayce,30,0.1000,1,1,1,-1,422,-1,-1,500,1280,80,17951640,470440,470440,300
2489559,mnist-rotations,memory,jayce,30,0.1000,1,2,1,432,425,373,400,500,2048,128,31973784,470440,470440,300
2489559,mnist-rotations,memory,jayce,30,0.1000,2,0,2,432,425,373,400,500,2048,128,31973784,470440,470440,300
2489559,mnist-rotations,memory,jayce,30,0.1000,2,1,2,-1,-1,398,-1,500,2304,144,36647832,470440,470440,300
2489559,mnist-rotations,memory,jayce,30,0.1000,2,2,2,447,419,417,370,500,3072,192,50669976,470440,470440,300
2489559,mnist-rotations,memory,jayce,30,0.1000,3,0,3,447,419,417,370,500,3072,192,50669976,470440,470440,300
2489559,mnist-rotations,memory,jayce,30,0.1000,3,1,3,-1,-1,-1,405,500,3328,208,55344024,470440,470440,300
2489559,mnist-rotations,memory,jayce,30,0.1000,3,2,3,431,429,396,414,500,4096,256,69366168,470440,470440,300
2489559,mnist-rotations,memory,jayce,30,0.1000,4,0,0,431,429,396,414,500,4096,256,69366168,470440,470440,300
2489559,mnist-rotations,memory,jayce,30,0.1000,4,1,0,439,-1,-1,-1,500,4352,272,74040216,470440,470440,300
2489559,mnist-rotations,memory,jayce,30,0.1000,4,2,0,446,429,419,404,500,5120,320,88062360,470440,470440,300
2489559,mnist-rotations,memory,jayce,30,0.1000,5,0,2,446,429,419,404,500,5120,320,88062360,470440,470440,300
2489559,mnist-rotations,memory,jayce,30,0.1000,5,1,2,-1,-1,431,-1,500,5376,336,92736408,470440,470440,300
2489559,mnist-rotations,memory,jayce,30,0.1000,5,2,2,452,428,438,396,500,6144,384,106758552,470440,470440,300
2489559,mnist-rotations,memory,jayce,30,0.1000,6,0,1,452,428,438,396,500,6144,384,106758552,470440,470440,300
2489559,mnist-rotations,memory,jayce,30,0.1000,6,1,1,-1,432,-1,-1,500,6400,400,111432600,470440,470440,300
2489559,mnist-rotations,memory,jayce,30,0.1000,6,2,1,452,443,429,418,500,7168,448,125454744,470440,470440,300
2489559,mnist-rotations,memory,jayce,30,0.1000,7,0,3,452,443,429,418,500,7168,448,125454744,470440,470440,300
2489559,mnist-rotations,memory,jayce,30,0.1000,7,1,3,-1,-1,-1,426,500,7424,464,130128792,470440,470440,300
2489559,mnist-rotations,memory,jayce,30,0.1000,7,2,3,441,447,412,446,500,8192,512,144150936,470440,470440,300
2489559,mnist-rotations,memory,jayce,30,0.1000,8,0,2,441,447,412,446,500,8192,512,144150936,470440,470440,300
2489559,mnist-rotations,memory,jayce,30,0.1000,8,1,2,-1,-1,421,-1,500,8448,528,148824984,470440,470440,300
2489559,mnist-rotations,memory,jayce,30,0.1000,8,2,2,447,433,427,431,500,9216,576,162847128,470440,470440,300
2489559,mnist-rotations,memory,jayce,30,0.1000,9,0,0,447,433,427,431,500,9216,576,162847128,470440,470440,300
2489559,mnist-rotations,memory,jayce,30,0.1000,9,1,0,443,-1,-1,-1,500,9472,592,167521176,470440,470440,300
2489559,mnist-rotations,memory,jayce,30,0.1000,9,2,0,443,430,433,426,500,10240,640,181543320,470440,470440,300
2489559,mnist-rotations,memory,jayce,30,0.1000,10,0,3,443,430,433,426,500,10240,640,181543320,470440,470440,300
2489559,mnist-rotations,memory,jayce,30,0.1000,10,1,3,-1,-1,-1,433,500,10496,656,186217368,470440,470440,300
2489559,mnist-rotations,memory,jayce,30,0.1000,10,2,3,439,431,429,438,500,11264,704,200239512,470440,470440,300
2489559,mnist-rotations,memory,jayce,30,0.1000,11,0,1,439,431,429,438,500,11264,704,200239512,470440,470440,300
2489559,mnist-rotations,memory,jayce,30,0.1000,11,1,1,-1,435,-1,-1,500,11520,720,204913560,470440,470440,300
2489559,mnist-rotations,memory,jayce,30,0.1000,11,2,1,454,446,422,442,500,12288,768,218935704,470440,470440,300
2489559,mnist-rotations,memory,backprop,0,0.0030,0,0,0,58,52,48,62,500,0,0,0,477168,477168,0
2489559,mnist-rotations,memory,backprop,0,0.0030,0,1,0,257,-1,-1,-1,500,256,16,15513856,477168,477168,0
2489559,mnist-rotations,memory,backprop,0,0.0030,0,2,0,397,335,347,248,500,1024,64,62055424,477168,477168,0
2489559,mnist-rotations,memory,backprop,0,0.0030,1,0,1,397,335,347,248,500,1024,64,62055424,477168,477168,0
2489559,mnist-rotations,memory,backprop,0,0.0030,1,1,1,-1,382,-1,-1,500,1280,80,77569280,477168,477168,0
2489559,mnist-rotations,memory,backprop,0,0.0030,1,2,1,411,416,312,349,500,2048,128,124110848,477168,477168,0
2489559,mnist-rotations,memory,backprop,0,0.0030,2,0,2,411,416,312,349,500,2048,128,124110848,477168,477168,0
2489559,mnist-rotations,memory,backprop,0,0.0030,2,1,2,-1,-1,342,-1,500,2304,144,139624704,477168,477168,0
2489559,mnist-rotations,memory,backprop,0,0.0030,2,2,2,426,387,420,291,500,3072,192,186166272,477168,477168,0
2489559,mnist-rotations,memory,backprop,0,0.0030,3,0,3,426,387,420,291,500,3072,192,186166272,477168,477168,0
2489559,mnist-rotations,memory,backprop,0,0.0030,3,1,3,-1,-1,-1,325,500,3328,208,201680128,477168,477168,0
2489559,mnist-rotations,memory,backprop,0,0.0030,3,2,3,385,420,325,413,500,4096,256,248221696,477168,477168,0
2489559,mnist-rotations,memory,backprop,0,0.0030,4,0,0,385,420,325,413,500,4096,256,248221696,477168,477168,0
2489559,mnist-rotations,memory,backprop,0,0.0030,4,1,0,391,-1,-1,-1,500,4352,272,263735552,477168,477168,0
2489559,mnist-rotations,memory,backprop,0,0.0030,4,2,0,424,397,387,354,500,5120,320,310277120,477168,477168,0
2489559,mnist-rotations,memory,backprop,0,0.0030,5,0,2,424,397,387,354,500,5120,320,310277120,477168,477168,0
2489559,mnist-rotations,memory,backprop,0,0.0030,5,1,2,-1,-1,404,-1,500,5376,336,325790976,477168,477168,0
2489559,mnist-rotations,memory,backprop,0,0.0030,5,2,2,417,362,406,304,500,6144,384,372332544,477168,477168,0
2489559,mnist-rotations,memory,backprop,0,0.0030,6,0,1,417,362,406,304,500,6144,384,372332544,477168,477168,0
2489559,mnist-rotations,memory,backprop,0,0.0030,6,1,1,-1,401,-1,-1,500,6400,400,387846400,477168,477168,0
2489559,mnist-rotations,memory,backprop,0,0.0030,6,2,1,437,432,392,392,500,7168,448,434387968,477168,477168,0
2489559,mnist-rotations,memory,backprop,0,0.0030,7,0,3,437,432,392,392,500,7168,448,434387968,477168,477168,0
2489559,mnist-rotations,memory,backprop,0,0.0030,7,1,3,-1,-1,-1,381,500,7424,464,449901824,477168,477168,0
2489559,mnist-rotations,memory,backprop,0,0.0030,7,2,3,399,433,311,432,500,8192,512,496443392,477168,477168,0
2489559,mnist-rotations,memory,backprop,0,0.0030,8,0,2,399,433,311,432,500,8192,512,496443392,477168,477168,0
2489559,mnist-rotations,memory,backprop,0,0.0030,8,1,2,-1,-1,377,-1,500,8448,528,511957248,477168,477168,0
2489559,mnist-rotations,memory,backprop,0,0.0030,8,2,2,438,415,428,371,500,9216,576,558498816,477168,477168,0
2489559,mnist-rotations,memory,backprop,0,0.0030,9,0,0,438,415,428,371,500,9216,576,558498816,477168,477168,0
2489559,mnist-rotations,memory,backprop,0,0.0030,9,1,0,428,-1,-1,-1,500,9472,592,574012672,477168,477168,0
2489559,mnist-rotations,memory,backprop,0,0.0030,9,2,0,441,411,406,358,500,10240,640,620554240,477168,477168,0
2489559,mnist-rotations,memory,backprop,0,0.0030,10,0,3,441,411,406,358,500,10240,640,620554240,477168,477168,0
2489559,mnist-rotations,memory,backprop,0,0.0030,10,1,3,-1,-1,-1,390,500,10496,656,636068096,477168,477168,0
2489559,mnist-rotations,memory,backprop,0,0.0030,10,2,3,391,415,312,419,500,11264,704,682609664,477168,477168,0
2489559,mnist-rotations,memory,backprop,0,0.0030,11,0,1,391,415,312,419,500,11264,704,682609664,477168,477168,0
2489559,mnist-rotations,memory,backprop,0,0.0030,11,1,1,-1,434,-1,-1,500,11520,720,698123520,477168,477168,0
2489559,mnist-rotations,memory,backprop,0,0.0030,11,2,1,417,435,354,418,500,12288,768,744665088,477168,477168,0
2594288,mnist-rotations,examples,jayce,48,0.1000,0,0,0,50,50,50,50,500,0,0,0,40,752680,0
2594288,mnist-rotations,examples,jayce,48,0.1000,0,1,0,407,-1,-1,-1,500,256,16,50176,401448,752680,256
2594288,mnist-rotations,examples,jayce,48,0.1000,0,2,0,438,395,397,274,500,1024,64,15793920,752680,752680,480
2594288,mnist-rotations,examples,jayce,48,0.1000,1,0,1,438,395,397,274,500,1024,64,15793920,752680,752680,480
2594288,mnist-rotations,examples,jayce,48,0.1000,1,1,1,-1,402,-1,-1,500,1280,80,23182080,752680,752680,480
2594288,mnist-rotations,examples,jayce,48,0.1000,1,2,1,441,427,379,407,500,2048,128,45346560,752680,752680,480
2594288,mnist-rotations,examples,jayce,48,0.1000,2,0,2,441,427,379,407,500,2048,128,45346560,752680,752680,480
2594288,mnist-rotations,examples,jayce,48,0.1000,2,1,2,-1,-1,409,-1,500,2304,144,52734720,752680,752680,480
2594288,mnist-rotations,examples,jayce,48,0.1000,2,2,2,442,428,437,365,500,3072,192,74899200,752680,752680,480
2594288,mnist-rotations,examples,jayce,48,0.1000,3,0,3,442,428,437,365,500,3072,192,74899200,752680,752680,480
2594288,mnist-rotations,examples,jayce,48,0.1000,3,1,3,-1,-1,-1,405,500,3328,208,82287360,752680,752680,480
2594288,mnist-rotations,examples,jayce,48,0.1000,3,2,3,439,415,422,425,500,4096,256,104451840,752680,752680,480
2594288,mnist-rotations,examples,jayce,48,0.1000,4,0,0,439,415,422,425,500,4096,256,104451840,752680,752680,480
2594288,mnist-rotations,examples,jayce,48,0.1000,4,1,0,443,-1,-1,-1,500,4352,272,111840000,752680,752680,480
2594288,mnist-rotations,examples,jayce,48,0.1000,4,2,0,451,419,428,418,500,5120,320,134004480,752680,752680,480
2594288,mnist-rotations,examples,jayce,48,0.1000,5,0,2,451,419,428,418,500,5120,320,134004480,752680,752680,480
2594288,mnist-rotations,examples,jayce,48,0.1000,5,1,2,-1,-1,428,-1,500,5376,336,141392640,752680,752680,480
2594288,mnist-rotations,examples,jayce,48,0.1000,5,2,2,452,418,438,413,500,6144,384,163557120,752680,752680,480
2594288,mnist-rotations,examples,jayce,48,0.1000,6,0,1,452,418,438,413,500,6144,384,163557120,752680,752680,480
2594288,mnist-rotations,examples,jayce,48,0.1000,6,1,1,-1,422,-1,-1,500,6400,400,170945280,752680,752680,480
2594288,mnist-rotations,examples,jayce,48,0.1000,6,2,1,457,442,440,423,500,7168,448,193109760,752680,752680,480
2594288,mnist-rotations,examples,jayce,48,0.1000,7,0,3,457,442,440,423,500,7168,448,193109760,752680,752680,480
2594288,mnist-rotations,examples,jayce,48,0.1000,7,1,3,-1,-1,-1,436,500,7424,464,200497920,752680,752680,480
2594288,mnist-rotations,examples,jayce,48,0.1000,7,2,3,452,434,436,436,500,8192,512,222662400,752680,752680,480
2594288,mnist-rotations,examples,jayce,48,0.1000,8,0,2,452,434,436,436,500,8192,512,222662400,752680,752680,480
2594288,mnist-rotations,examples,jayce,48,0.1000,8,1,2,-1,-1,431,-1,500,8448,528,230050560,752680,752680,480
2594288,mnist-rotations,examples,jayce,48,0.1000,8,2,2,450,426,435,430,500,9216,576,252215040,752680,752680,480
2594288,mnist-rotations,examples,jayce,48,0.1000,9,0,0,450,426,435,430,500,9216,576,252215040,752680,752680,480
2594288,mnist-rotations,examples,jayce,48,0.1000,9,1,0,455,-1,-1,-1,500,9472,592,259603200,752680,752680,480
2594288,mnist-rotations,examples,jayce,48,0.1000,9,2,0,457,430,437,427,500,10240,640,281767680,752680,752680,480
2594288,mnist-rotations,examples,jayce,48,0.1000,10,0,3,457,430,437,427,500,10240,640,281767680,752680,752680,480
2594288,mnist-rotations,examples,jayce,48,0.1000,10,1,3,-1,-1,-1,439,500,10496,656,289155840,752680,752680,480
2594288,mnist-rotations,examples,jayce,48,0.1000,10,2,3,451,430,431,448,500,11264,704,311320320,752680,752680,480
2594288,mnist-rotations,examples,jayce,48,0.1000,11,0,1,451,430,431,448,500,11264,704,311320320,752680,752680,480
2594288,mnist-rotations,examples,jayce,48,0.1000,11,1,1,-1,436,-1,-1,500,11520,720,318708480,752680,752680,480
2594288,mnist-rotations,examples,jayce,48,0.1000,11,2,1,450,438,428,448,500,12288,768,340872960,752680,752680,480
2594288,mnist-rotations,examples,backprop,0,0.0030,0,0,0,65,54,58,52,500,0,0,0,477168,477168,0
2594288,mnist-rotations,examples,backprop,0,0.0030,0,1,0,219,-1,-1,-1,500,256,16,15513856,477168,477168,0
2594288,mnist-rotations,examples,backprop,0,0.0030,0,2,0,354,333,295,225,500,1024,64,62055424,477168,477168,0
2594288,mnist-rotations,examples,backprop,0,0.0030,1,0,1,354,333,295,225,500,1024,64,62055424,477168,477168,0
2594288,mnist-rotations,examples,backprop,0,0.0030,1,1,1,-1,374,-1,-1,500,1280,80,77569280,477168,477168,0
2594288,mnist-rotations,examples,backprop,0,0.0030,1,2,1,404,424,302,361,500,2048,128,124110848,477168,477168,0
2594288,mnist-rotations,examples,backprop,0,0.0030,2,0,2,404,424,302,361,500,2048,128,124110848,477168,477168,0
2594288,mnist-rotations,examples,backprop,0,0.0030,2,1,2,-1,-1,345,-1,500,2304,144,139624704,477168,477168,0
2594288,mnist-rotations,examples,backprop,0,0.0030,2,2,2,432,392,413,298,500,3072,192,186166272,477168,477168,0
2594288,mnist-rotations,examples,backprop,0,0.0030,3,0,3,432,392,413,298,500,3072,192,186166272,477168,477168,0
2594288,mnist-rotations,examples,backprop,0,0.0030,3,1,3,-1,-1,-1,313,500,3328,208,201680128,477168,477168,0
2594288,mnist-rotations,examples,backprop,0,0.0030,3,2,3,392,424,324,411,500,4096,256,248221696,477168,477168,0
2594288,mnist-rotations,examples,backprop,0,0.0030,4,0,0,392,424,324,411,500,4096,256,248221696,477168,477168,0
2594288,mnist-rotations,examples,backprop,0,0.0030,4,1,0,404,-1,-1,-1,500,4352,272,263735552,477168,477168,0
2594288,mnist-rotations,examples,backprop,0,0.0030,4,2,0,416,426,369,393,500,5120,320,310277120,477168,477168,0
2594288,mnist-rotations,examples,backprop,0,0.0030,5,0,2,416,426,369,393,500,5120,320,310277120,477168,477168,0
2594288,mnist-rotations,examples,backprop,0,0.0030,5,1,2,-1,-1,390,-1,500,5376,336,325790976,477168,477168,0
2594288,mnist-rotations,examples,backprop,0,0.0030,5,2,2,425,394,407,324,500,6144,384,372332544,477168,477168,0
2594288,mnist-rotations,examples,backprop,0,0.0030,6,0,1,425,394,407,324,500,6144,384,372332544,477168,477168,0
2594288,mnist-rotations,examples,backprop,0,0.0030,6,1,1,-1,410,-1,-1,500,6400,400,387846400,477168,477168,0
2594288,mnist-rotations,examples,backprop,0,0.0030,6,2,1,425,428,370,380,500,7168,448,434387968,477168,477168,0
2594288,mnist-rotations,examples,backprop,0,0.0030,7,0,3,425,428,370,380,500,7168,448,434387968,477168,477168,0
2594288,mnist-rotations,examples,backprop,0,0.0030,7,1,3,-1,-1,-1,393,500,7424,464,449901824,477168,477168,0
2594288,mnist-rotations,examples,backprop,0,0.0030,7,2,3,413,416,348,406,500,8192,512,496443392,477168,477168,0
2594288,mnist-rotations,examples,backprop,0,0.0030,8,0,2,413,416,348,406,500,8192,512,496443392,477168,477168,0
2594288,mnist-rotations,examples,backprop,0,0.0030,8,1,2,-1,-1,378,-1,500,8448,528,511957248,477168,477168,0
2594288,mnist-rotations,examples,backprop,0,0.0030,8,2,2,428,405,416,340,500,9216,576,558498816,477168,477168,0
2594288,mnist-rotations,examples,backprop,0,0.0030,9,0,0,428,405,416,340,500,9216,576,558498816,477168,477168,0
2594288,mnist-rotations,examples,backprop,0,0.0030,9,1,0,424,-1,-1,-1,500,9472,592,574012672,477168,477168,0
2594288,mnist-rotations,examples,backprop,0,0.0030,9,2,0,428,428,395,376,500,10240,640,620554240,477168,477168,0
2594288,mnist-rotations,examples,backprop,0,0.0030,10,0,3,428,428,395,376,500,10240,640,620554240,477168,477168,0
2594288,mnist-rotations,examples,backprop,0,0.0030,10,1,3,-1,-1,-1,406,500,10496,656,636068096,477168,477168,0
2594288,mnist-rotations,examples,backprop,0,0.0030,10,2,3,401,427,332,432,500,11264,704,682609664,477168,477168,0
2594288,mnist-rotations,examples,backprop,0,0.0030,11,0,1,401,427,332,432,500,11264,704,682609664,477168,477168,0
2594288,mnist-rotations,examples,backprop,0,0.0030,11,1,1,-1,421,-1,-1,500,11520,720,698123520,477168,477168,0
2594288,mnist-rotations,examples,backprop,0,0.0030,11,2,1,409,417,345,402,500,12288,768,744665088,477168,477168,0
2594288,mnist-rotations,work,jayce,24,0.1000,0,0,0,50,50,50,50,500,0,0,0,40,376360,0
2594288,mnist-rotations,work,jayce,24,0.1000,0,1,0,414,-1,-1,-1,500,496,31,3816384,376360,376360,240
2594288,mnist-rotations,work,jayce,24,0.1000,0,2,0,430,406,395,278,500,1312,82,15831168,376360,376360,240
2594288,mnist-rotations,work,jayce,24,0.1000,1,0,1,430,406,395,278,500,1312,82,15831168,376360,376360,240
2594288,mnist-rotations,work,jayce,24,0.1000,1,1,1,-1,424,-1,-1,500,1568,98,19600512,376360,376360,240
2594288,mnist-rotations,work,jayce,24,0.1000,1,2,1,434,431,385,398,500,2384,149,31615296,376360,376360,240
2594288,mnist-rotations,work,jayce,24,0.1000,2,0,2,434,431,385,398,500,2384,149,31615296,376360,376360,240
2594288,mnist-rotations,work,jayce,24,0.1000,2,1,2,-1,-1,407,-1,500,2640,165,35384640,376360,376360,240
2594288,mnist-rotations,work,jayce,24,0.1000,2,2,2,439,426,426,385,500,3456,216,47399424,376360,376360,240
2594288,mnist-rotations,work,jayce,24,0.1000,3,0,3,439,426,426,385,500,3456,216,47399424,376360,376360,240
2594288,mnist-rotations,work,jayce,24,0.1000,3,1,3,-1,-1,-1,407,500,3712,232,51168768,376360,376360,240
2594288,mnist-rotations,work,jayce,24,0.1000,3,2,3,421,418,406,425,500,4528,283,63183552,376360,376360,240
2594288,mnist-rotations,work,jayce,24,0.1000,4,0,0,421,418,406,425,500,4528,283,63183552,376360,376360,240
2594288,mnist-rotations,work,jayce,24,0.1000,4,1,0,429,-1,-1,-1,500,4784,299,66952896,376360,376360,240
2594288,mnist-rotations,work,jayce,24,0.1000,4,2,0,447,418,408,418,500,5600,350,78967680,376360,376360,240
2594288,mnist-rotations,work,jayce,24,0.1000,5,0,2,447,418,408,418,500,5600,350,78967680,376360,376360,240
2594288,mnist-rotations,work,jayce,24,0.1000,5,1,2,-1,-1,418,-1,500,5856,366,82737024,376360,376360,240
2594288,mnist-rotations,work,jayce,24,0.1000,5,2,2,453,417,431,412,500,6672,417,94751808,376360,376360,240
2594288,mnist-rotations,work,jayce,24,0.1000,6,0,1,453,417,431,412,500,6672,417,94751808,376360,376360,240
2594288,mnist-rotations,work,jayce,24,0.1000,6,1,1,-1,428,-1,-1,500,6928,433,98521152,376360,376360,240
2594288,mnist-rotations,work,jayce,24,0.1000,6,2,1,460,441,426,419,500,7744,484,110535936,376360,376360,240
2594288,mnist-rotations,work,jayce,24,0.1000,7,0,3,460,441,426,419,500,7744,484,110535936,376360,376360,240
2594288,mnist-rotations,work,jayce,24,0.1000,7,1,3,-1,-1,-1,429,500,8000,500,114305280,376360,376360,240
2594288,mnist-rotations,work,jayce,24,0.1000,7,2,3,445,437,416,437,500,8816,551,126320064,376360,376360,240
2594288,mnist-rotations,work,jayce,24,0.1000,8,0,2,445,437,416,437,500,8816,551,126320064,376360,376360,240
2594288,mnist-rotations,work,jayce,24,0.1000,8,1,2,-1,-1,431,-1,500,9072,567,130089408,376360,376360,240
2594288,mnist-rotations,work,jayce,24,0.1000,8,2,2,440,430,440,430,500,9888,618,142104192,376360,376360,240
2594288,mnist-rotations,work,jayce,24,0.1000,9,0,0,440,430,440,430,500,9888,618,142104192,376360,376360,240
2594288,mnist-rotations,work,jayce,24,0.1000,9,1,0,440,-1,-1,-1,500,10144,634,145873536,376360,376360,240
2594288,mnist-rotations,work,jayce,24,0.1000,9,2,0,452,435,424,423,500,10960,685,157888320,376360,376360,240
2594288,mnist-rotations,work,jayce,24,0.1000,10,0,3,452,435,424,423,500,10960,685,157888320,376360,376360,240
2594288,mnist-rotations,work,jayce,24,0.1000,10,1,3,-1,-1,-1,430,500,11216,701,161657664,376360,376360,240
2594288,mnist-rotations,work,jayce,24,0.1000,10,2,3,444,449,418,437,500,12032,752,173672448,376360,376360,240
2594288,mnist-rotations,work,jayce,24,0.1000,11,0,1,444,449,418,437,500,12032,752,173672448,376360,376360,240
2594288,mnist-rotations,work,jayce,24,0.1000,11,1,1,-1,453,-1,-1,500,12288,768,177441792,376360,376360,240
2594288,mnist-rotations,work,jayce,24,0.1000,11,2,1,451,449,410,432,500,13104,819,189456576,376360,376360,240
2594288,mnist-rotations,work,backprop,0,0.0030,0,0,0,65,54,58,52,500,0,0,0,477168,477168,0
2594288,mnist-rotations,work,backprop,0,0.0030,0,1,0,109,-1,-1,-1,500,64,4,3878464,477168,477168,0
2594288,mnist-rotations,work,backprop,0,0.0030,0,2,0,219,195,164,144,500,256,16,15513856,477168,477168,0
2594288,mnist-rotations,work,backprop,0,0.0030,1,0,1,219,195,164,144,500,256,16,15513856,477168,477168,0
2594288,mnist-rotations,work,backprop,0,0.0030,1,1,1,-1,259,-1,-1,500,320,20,19392320,477168,477168,0
2594288,mnist-rotations,work,backprop,0,0.0030,1,2,1,344,337,279,256,500,512,32,31027712,477168,477168,0
2594288,mnist-rotations,work,backprop,0,0.0030,2,0,2,344,337,279,256,500,512,32,31027712,477168,477168,0
2594288,mnist-rotations,work,backprop,0,0.0030,2,1,2,-1,-1,244,-1,500,576,36,34906176,477168,477168,0
2594288,mnist-rotations,work,backprop,0,0.0030,2,2,2,339,324,290,253,500,768,48,46541568,477168,477168,0
2594288,mnist-rotations,work,backprop,0,0.0030,3,0,3,339,324,290,253,500,768,48,46541568,477168,477168,0
2594288,mnist-rotations,work,backprop,0,0.0030,3,1,3,-1,-1,-1,240,500,832,52,50420032,477168,477168,0
2594288,mnist-rotations,work,backprop,0,0.0030,3,2,3,348,350,290,289,500,1024,64,62055424,477168,477168,0
2594288,mnist-rotations,work,backprop,0,0.0030,4,0,0,348,350,290,289,500,1024,64,62055424,477168,477168,0
2594288,mnist-rotations,work,backprop,0,0.0030,4,1,0,381,-1,-1,-1,500,1088,68,65933888,477168,477168,0
2594288,mnist-rotations,work,backprop,0,0.0030,4,2,0,378,376,309,313,500,1280,80,77569280,477168,477168,0
2594288,mnist-rotations,work,backprop,0,0.0030,5,0,2,378,376,309,313,500,1280,80,77569280,477168,477168,0
2594288,mnist-rotations,work,backprop,0,0.0030,5,1,2,-1,-1,308,-1,500,1344,84,81447744,477168,477168,0
2594288,mnist-rotations,work,backprop,0,0.0030,5,2,2,390,360,365,284,500,1536,96,93083136,477168,477168,0
2594288,mnist-rotations,work,backprop,0,0.0030,6,0,1,390,360,365,284,500,1536,96,93083136,477168,477168,0
2594288,mnist-rotations,work,backprop,0,0.0030,6,1,1,-1,392,-1,-1,500,1600,100,96961600,477168,477168,0
2594288,mnist-rotations,work,backprop,0,0.0030,6,2,1,387,386,326,327,500,1792,112,108596992,477168,477168,0
2594288,mnist-rotations,work,backprop,0,0.0030,7,0,3,387,386,326,327,500,1792,112,108596992,477168,477168,0
2594288,mnist-rotations,work,backprop,0,0.0030,7,1,3,-1,-1,-1,320,500,1856,116,112475456,477168,477168,0
2594288,mnist-rotations,work,backprop,0,0.0030,7,2,3,400,417,322,369,500,2048,128,124110848,477168,477168,0
2594288,mnist-rotations,work,backprop,0,0.0030,8,0,2,400,417,322,369,500,2048,128,124110848,477168,477168,0
2594288,mnist-rotations,work,backprop,0,0.0030,8,1,2,-1,-1,331,-1,500,2112,132,127989312,477168,477168,0
2594288,mnist-rotations,work,backprop,0,0.0030,8,2,2,406,385,372,328,500,2304,144,139624704,477168,477168,0
2594288,mnist-rotations,work,backprop,0,0.0030,9,0,0,406,385,372,328,500,2304,144,139624704,477168,477168,0
2594288,mnist-rotations,work,backprop,0,0.0030,9,1,0,403,-1,-1,-1,500,2368,148,143503168,477168,477168,0
2594288,mnist-rotations,work,backprop,0,0.0030,9,2,0,416,411,367,353,500,2560,160,155138560,477168,477168,0
2594288,mnist-rotations,work,backprop,0,0.0030,10,0,3,416,411,367,353,500,2560,160,155138560,477168,477168,0
2594288,mnist-rotations,work,backprop,0,0.0030,10,1,3,-1,-1,-1,336,500,2624,164,159017024,477168,477168,0
2594288,mnist-rotations,work,backprop,0,0.0030,10,2,3,385,394,317,360,500,2816,176,170652416,477168,477168,0
2594288,mnist-rotations,work,backprop,0,0.0030,11,0,1,385,394,317,360,500,2816,176,170652416,477168,477168,0
2594288,mnist-rotations,work,backprop,0,0.0030,11,1,1,-1,396,-1,-1,500,2880,180,174530880,477168,477168,0
2594288,mnist-rotations,work,backprop,0,0.0030,11,2,1,378,382,328,337,500,3072,192,186166272,477168,477168,0
2594288,mnist-rotations,memory,jayce,30,0.1000,0,0,0,50,50,50,50,500,0,0,0,40,470440,0
2594288,mnist-rotations,memory,jayce,30,0.1000,0,1,0,408,-1,-1,-1,500,256,16,158548,392040,470440,250
2594288,mnist-rotations,memory,jayce,30,0.1000,0,2,0,425,407,398,271,500,1024,64,13277592,470440,470440,300
2594288,mnist-rotations,memory,jayce,30,0.1000,1,0,1,425,407,398,271,500,1024,64,13277592,470440,470440,300
2594288,mnist-rotations,memory,jayce,30,0.1000,1,1,1,-1,426,-1,-1,500,1280,80,17951640,470440,470440,300
2594288,mnist-rotations,memory,jayce,30,0.1000,1,2,1,435,434,377,411,500,2048,128,31973784,470440,470440,300
2594288,mnist-rotations,memory,jayce,30,0.1000,2,0,2,435,434,377,411,500,2048,128,31973784,470440,470440,300
2594288,mnist-rotations,memory,jayce,30,0.1000,2,1,2,-1,-1,413,-1,500,2304,144,36647832,470440,470440,300
2594288,mnist-rotations,memory,jayce,30,0.1000,2,2,2,441,420,426,369,500,3072,192,50669976,470440,470440,300
2594288,mnist-rotations,memory,jayce,30,0.1000,3,0,3,441,420,426,369,500,3072,192,50669976,470440,470440,300
2594288,mnist-rotations,memory,jayce,30,0.1000,3,1,3,-1,-1,-1,405,500,3328,208,55344024,470440,470440,300
2594288,mnist-rotations,memory,jayce,30,0.1000,3,2,3,428,425,405,422,500,4096,256,69366168,470440,470440,300
2594288,mnist-rotations,memory,jayce,30,0.1000,4,0,0,428,425,405,422,500,4096,256,69366168,470440,470440,300
2594288,mnist-rotations,memory,jayce,30,0.1000,4,1,0,432,-1,-1,-1,500,4352,272,74040216,470440,470440,300
2594288,mnist-rotations,memory,jayce,30,0.1000,4,2,0,437,431,408,414,500,5120,320,88062360,470440,470440,300
2594288,mnist-rotations,memory,jayce,30,0.1000,5,0,2,437,431,408,414,500,5120,320,88062360,470440,470440,300
2594288,mnist-rotations,memory,jayce,30,0.1000,5,1,2,-1,-1,424,-1,500,5376,336,92736408,470440,470440,300
2594288,mnist-rotations,memory,jayce,30,0.1000,5,2,2,449,427,439,403,500,6144,384,106758552,470440,470440,300
2594288,mnist-rotations,memory,jayce,30,0.1000,6,0,1,449,427,439,403,500,6144,384,106758552,470440,470440,300
2594288,mnist-rotations,memory,jayce,30,0.1000,6,1,1,-1,427,-1,-1,500,6400,400,111432600,470440,470440,300
2594288,mnist-rotations,memory,jayce,30,0.1000,6,2,1,454,444,435,412,500,7168,448,125454744,470440,470440,300
2594288,mnist-rotations,memory,jayce,30,0.1000,7,0,3,454,444,435,412,500,7168,448,125454744,470440,470440,300
2594288,mnist-rotations,memory,jayce,30,0.1000,7,1,3,-1,-1,-1,434,500,7424,464,130128792,470440,470440,300
2594288,mnist-rotations,memory,jayce,30,0.1000,7,2,3,441,429,421,438,500,8192,512,144150936,470440,470440,300
2594288,mnist-rotations,memory,jayce,30,0.1000,8,0,2,441,429,421,438,500,8192,512,144150936,470440,470440,300
2594288,mnist-rotations,memory,jayce,30,0.1000,8,1,2,-1,-1,432,-1,500,8448,528,148824984,470440,470440,300
2594288,mnist-rotations,memory,jayce,30,0.1000,8,2,2,438,432,438,435,500,9216,576,162847128,470440,470440,300
2594288,mnist-rotations,memory,jayce,30,0.1000,9,0,0,438,432,438,435,500,9216,576,162847128,470440,470440,300
2594288,mnist-rotations,memory,jayce,30,0.1000,9,1,0,441,-1,-1,-1,500,9472,592,167521176,470440,470440,300
2594288,mnist-rotations,memory,jayce,30,0.1000,9,2,0,450,433,427,424,500,10240,640,181543320,470440,470440,300
2594288,mnist-rotations,memory,jayce,30,0.1000,10,0,3,450,433,427,424,500,10240,640,181543320,470440,470440,300
2594288,mnist-rotations,memory,jayce,30,0.1000,10,1,3,-1,-1,-1,434,500,10496,656,186217368,470440,470440,300
2594288,mnist-rotations,memory,jayce,30,0.1000,10,2,3,445,433,425,448,500,11264,704,200239512,470440,470440,300
2594288,mnist-rotations,memory,jayce,30,0.1000,11,0,1,445,433,425,448,500,11264,704,200239512,470440,470440,300
2594288,mnist-rotations,memory,jayce,30,0.1000,11,1,1,-1,447,-1,-1,500,11520,720,204913560,470440,470440,300
2594288,mnist-rotations,memory,jayce,30,0.1000,11,2,1,449,448,414,442,500,12288,768,218935704,470440,470440,300
2594288,mnist-rotations,memory,backprop,0,0.0030,0,0,0,65,54,58,52,500,0,0,0,477168,477168,0
2594288,mnist-rotations,memory,backprop,0,0.0030,0,1,0,219,-1,-1,-1,500,256,16,15513856,477168,477168,0
2594288,mnist-rotations,memory,backprop,0,0.0030,0,2,0,354,333,295,225,500,1024,64,62055424,477168,477168,0
2594288,mnist-rotations,memory,backprop,0,0.0030,1,0,1,354,333,295,225,500,1024,64,62055424,477168,477168,0
2594288,mnist-rotations,memory,backprop,0,0.0030,1,1,1,-1,374,-1,-1,500,1280,80,77569280,477168,477168,0
2594288,mnist-rotations,memory,backprop,0,0.0030,1,2,1,404,424,302,361,500,2048,128,124110848,477168,477168,0
2594288,mnist-rotations,memory,backprop,0,0.0030,2,0,2,404,424,302,361,500,2048,128,124110848,477168,477168,0
2594288,mnist-rotations,memory,backprop,0,0.0030,2,1,2,-1,-1,345,-1,500,2304,144,139624704,477168,477168,0
2594288,mnist-rotations,memory,backprop,0,0.0030,2,2,2,432,392,413,298,500,3072,192,186166272,477168,477168,0
2594288,mnist-rotations,memory,backprop,0,0.0030,3,0,3,432,392,413,298,500,3072,192,186166272,477168,477168,0
2594288,mnist-rotations,memory,backprop,0,0.0030,3,1,3,-1,-1,-1,313,500,3328,208,201680128,477168,477168,0
2594288,mnist-rotations,memory,backprop,0,0.0030,3,2,3,392,424,324,411,500,4096,256,248221696,477168,477168,0
2594288,mnist-rotations,memory,backprop,0,0.0030,4,0,0,392,424,324,411,500,4096,256,248221696,477168,477168,0
2594288,mnist-rotations,memory,backprop,0,0.0030,4,1,0,404,-1,-1,-1,500,4352,272,263735552,477168,477168,0
2594288,mnist-rotations,memory,backprop,0,0.0030,4,2,0,416,426,369,393,500,5120,320,310277120,477168,477168,0
2594288,mnist-rotations,memory,backprop,0,0.0030,5,0,2,416,426,369,393,500,5120,320,310277120,477168,477168,0
2594288,mnist-rotations,memory,backprop,0,0.0030,5,1,2,-1,-1,390,-1,500,5376,336,325790976,477168,477168,0
2594288,mnist-rotations,memory,backprop,0,0.0030,5,2,2,425,394,407,324,500,6144,384,372332544,477168,477168,0
2594288,mnist-rotations,memory,backprop,0,0.0030,6,0,1,425,394,407,324,500,6144,384,372332544,477168,477168,0
2594288,mnist-rotations,memory,backprop,0,0.0030,6,1,1,-1,410,-1,-1,500,6400,400,387846400,477168,477168,0
2594288,mnist-rotations,memory,backprop,0,0.0030,6,2,1,425,428,370,380,500,7168,448,434387968,477168,477168,0
2594288,mnist-rotations,memory,backprop,0,0.0030,7,0,3,425,428,370,380,500,7168,448,434387968,477168,477168,0
2594288,mnist-rotations,memory,backprop,0,0.0030,7,1,3,-1,-1,-1,393,500,7424,464,449901824,477168,477168,0
2594288,mnist-rotations,memory,backprop,0,0.0030,7,2,3,413,416,348,406,500,8192,512,496443392,477168,477168,0
2594288,mnist-rotations,memory,backprop,0,0.0030,8,0,2,413,416,348,406,500,8192,512,496443392,477168,477168,0
2594288,mnist-rotations,memory,backprop,0,0.0030,8,1,2,-1,-1,378,-1,500,8448,528,511957248,477168,477168,0
2594288,mnist-rotations,memory,backprop,0,0.0030,8,2,2,428,405,416,340,500,9216,576,558498816,477168,477168,0
2594288,mnist-rotations,memory,backprop,0,0.0030,9,0,0,428,405,416,340,500,9216,576,558498816,477168,477168,0
2594288,mnist-rotations,memory,backprop,0,0.0030,9,1,0,424,-1,-1,-1,500,9472,592,574012672,477168,477168,0
2594288,mnist-rotations,memory,backprop,0,0.0030,9,2,0,428,428,395,376,500,10240,640,620554240,477168,477168,0
2594288,mnist-rotations,memory,backprop,0,0.0030,10,0,3,428,428,395,376,500,10240,640,620554240,477168,477168,0
2594288,mnist-rotations,memory,backprop,0,0.0030,10,1,3,-1,-1,-1,406,500,10496,656,636068096,477168,477168,0
2594288,mnist-rotations,memory,backprop,0,0.0030,10,2,3,401,427,332,432,500,11264,704,682609664,477168,477168,0
2594288,mnist-rotations,memory,backprop,0,0.0030,11,0,1,401,427,332,432,500,11264,704,682609664,477168,477168,0
2594288,mnist-rotations,memory,backprop,0,0.0030,11,1,1,-1,421,-1,-1,500,11520,720,698123520,477168,477168,0
2594288,mnist-rotations,memory,backprop,0,0.0030,11,2,1,409,417,345,402,500,12288,768,744665088,477168,477168,0
2699017,mnist-rotations,examples,jayce,48,0.1000,0,0,0,50,50,50,50,500,0,0,0,40,752680,0
2699017,mnist-rotations,examples,jayce,48,0.1000,0,1,0,403,-1,-1,-1,500,256,16,50176,401448,752680,256
2699017,mnist-rotations,examples,jayce,48,0.1000,0,2,0,435,413,393,313,500,1024,64,15793920,752680,752680,480
2699017,mnist-rotations,examples,jayce,48,0.1000,1,0,1,435,413,393,313,500,1024,64,15793920,752680,752680,480
2699017,mnist-rotations,examples,jayce,48,0.1000,1,1,1,-1,427,-1,-1,500,1280,80,23182080,752680,752680,480
2699017,mnist-rotations,examples,jayce,48,0.1000,1,2,1,440,428,377,398,500,2048,128,45346560,752680,752680,480
2699017,mnist-rotations,examples,jayce,48,0.1000,2,0,2,440,428,377,398,500,2048,128,45346560,752680,752680,480
2699017,mnist-rotations,examples,jayce,48,0.1000,2,1,2,-1,-1,398,-1,500,2304,144,52734720,752680,752680,480
2699017,mnist-rotations,examples,jayce,48,0.1000,2,2,2,446,430,430,360,500,3072,192,74899200,752680,752680,480
2699017,mnist-rotations,examples,jayce,48,0.1000,3,0,3,446,430,430,360,500,3072,192,74899200,752680,752680,480
2699017,mnist-rotations,examples,jayce,48,0.1000,3,1,3,-1,-1,-1,407,500,3328,208,82287360,752680,752680,480
2699017,mnist-rotations,examples,jayce,48,0.1000,3,2,3,435,433,421,430,500,4096,256,104451840,752680,752680,480
2699017,mnist-rotations,examples,jayce,48,0.1000,4,0,0,435,433,421,430,500,4096,256,104451840,752680,752680,480
2699017,mnist-rotations,examples,jayce,48,0.1000,4,1,0,437,-1,-1,-1,500,4352,272,111840000,752680,752680,480
2699017,mnist-rotations,examples,jayce,48,0.1000,4,2,0,451,435,422,425,500,5120,320,134004480,752680,752680,480
2699017,mnist-rotations,examples,jayce,48,0.1000,5,0,2,451,435,422,425,500,5120,320,134004480,752680,752680,480
2699017,mnist-rotations,examples,jayce,48,0.1000,5,1,2,-1,-1,434,-1,500,5376,336,141392640,752680,752680,480
2699017,mnist-rotations,examples,jayce,48,0.1000,5,2,2,443,436,432,418,500,6144,384,163557120,752680,752680,480
2699017,mnist-rotations,examples,jayce,48,0.1000,6,0,1,443,436,432,418,500,6144,384,163557120,752680,752680,480
2699017,mnist-rotations,examples,jayce,48,0.1000,6,1,1,-1,442,-1,-1,500,6400,400,170945280,752680,752680,480
2699017,mnist-rotations,examples,jayce,48,0.1000,6,2,1,449,441,428,424,500,7168,448,193109760,752680,752680,480
2699017,mnist-rotations,examples,jayce,48,0.1000,7,0,3,449,441,428,424,500,7168,448,193109760,752680,752680,480
2699017,mnist-rotations,examples,jayce,48,0.1000,7,1,3,-1,-1,-1,440,500,7424,464,200497920,752680,752680,480
2699017,mnist-rotations,examples,jayce,48,0.1000,7,2,3,442,441,422,450,500,8192,512,222662400,752680,752680,480
2699017,mnist-rotations,examples,jayce,48,0.1000,8,0,2,442,441,422,450,500,8192,512,222662400,752680,752680,480
2699017,mnist-rotations,examples,jayce,48,0.1000,8,1,2,-1,-1,420,-1,500,8448,528,230050560,752680,752680,480
2699017,mnist-rotations,examples,jayce,48,0.1000,8,2,2,451,439,428,443,500,9216,576,252215040,752680,752680,480
2699017,mnist-rotations,examples,jayce,48,0.1000,9,0,0,451,439,428,443,500,9216,576,252215040,752680,752680,480
2699017,mnist-rotations,examples,jayce,48,0.1000,9,1,0,455,-1,-1,-1,500,9472,592,259603200,752680,752680,480
2699017,mnist-rotations,examples,jayce,48,0.1000,9,2,0,453,442,425,437,500,10240,640,281767680,752680,752680,480
2699017,mnist-rotations,examples,jayce,48,0.1000,10,0,3,453,442,425,437,500,10240,640,281767680,752680,752680,480
2699017,mnist-rotations,examples,jayce,48,0.1000,10,1,3,-1,-1,-1,438,500,10496,656,289155840,752680,752680,480
2699017,mnist-rotations,examples,jayce,48,0.1000,10,2,3,451,443,425,438,500,11264,704,311320320,752680,752680,480
2699017,mnist-rotations,examples,jayce,48,0.1000,11,0,1,451,443,425,438,500,11264,704,311320320,752680,752680,480
2699017,mnist-rotations,examples,jayce,48,0.1000,11,1,1,-1,445,-1,-1,500,11520,720,318708480,752680,752680,480
2699017,mnist-rotations,examples,jayce,48,0.1000,11,2,1,450,456,427,443,500,12288,768,340872960,752680,752680,480
2699017,mnist-rotations,examples,backprop,0,0.0030,0,0,0,69,59,67,59,500,0,0,0,477168,477168,0
2699017,mnist-rotations,examples,backprop,0,0.0030,0,1,0,218,-1,-1,-1,500,256,16,15513856,477168,477168,0
2699017,mnist-rotations,examples,backprop,0,0.0030,0,2,0,368,306,321,189,500,1024,64,62055424,477168,477168,0
2699017,mnist-rotations,examples,backprop,0,0.0030,1,0,1,368,306,321,189,500,1024,64,62055424,477168,477168,0
2699017,mnist-rotations,examples,backprop,0,0.0030,1,1,1,-1,375,-1,-1,500,1280,80,77569280,477168,477168,0
2699017,mnist-rotations,examples,backprop,0,0.0030,1,2,1,379,398,291,347,500,2048,128,124110848,477168,477168,0
2699017,mnist-rotations,examples,backprop,0,0.0030,2,0,2,379,398,291,347,500,2048,128,124110848,477168,477168,0
2699017,mnist-rotations,examples,backprop,0,0.0030,2,1,2,-1,-1,347,-1,500,2304,144,139624704,477168,477168,0
2699017,mnist-rotations,examples,backprop,0,0.0030,2,2,2,428,401,414,290,500,3072,192,186166272,477168,477168,0
2699017,mnist-rotations,examples,backprop,0,0.0030,3,0,3,428,401,414,290,500,3072,192,186166272,477168,477168,0
2699017,mnist-rotations,examples,backprop,0,0.0030,3,1,3,-1,-1,-1,298,500,3328,208,201680128,477168,477168,0
2699017,mnist-rotations,examples,backprop,0,0.0030,3,2,3,392,407,329,397,500,4096,256,248221696,477168,477168,0
2699017,mnist-rotations,examples,backprop,0,0.0030,4,0,0,392,407,329,397,500,4096,256,248221696,477168,477168,0
2699017,mnist-rotations,examples,backprop,0,0.0030,4,1,0,413,-1,-1,-1,500,4352,272,263735552,477168,477168,0
2699017,mnist-rotations,examples,backprop,0,0.0030,4,2,0,424,416,364,380,500,5120,320,310277120,477168,477168,0
2699017,mnist-rotations,examples,backprop,0,0.0030,5,0,2,424,416,364,380,500,5120,320,310277120,477168,477168,0
2699017,mnist-rotations,examples,backprop,0,0.0030,5,1,2,-1,-1,386,-1,500,5376,336,325790976,477168,477168,0
2699017,mnist-rotations,examples,backprop,0,0.0030,5,2,2,413,380,413,308,500,6144,384,372332544,477168,477168,0
2699017,mnist-rotations,examples,backprop,0,0.0030,6,0,1,413,380,413,308,500,6144,384,372332544,477168,477168,0
2699017,mnist-rotations,examples,backprop,0,0.0030,6,1,1,-1,418,-1,-1,500,6400,400,387846400,477168,477168,0
2699017,mnist-rotations,examples,backprop,0,0.0030,6,2,1,423,429,388,369,500,7168,448,434387968,477168,477168,0
2699017,mnist-rotations,examples,backprop,0,0.0030,7,0,3,423,429,388,369,500,7168,448,434387968,477168,477168,0
2699017,mnist-rotations,examples,backprop,0,0.0030,7,1,3,-1,-1,-1,393,500,7424,464,449901824,477168,477168,0
2699017,mnist-rotations,examples,backprop,0,0.0030,7,2,3,362,407,258,412,500,8192,512,496443392,477168,477168,0
2699017,mnist-rotations,examples,backprop,0,0.0030,8,0,2,362,407,258,412,500,8192,512,496443392,477168,477168,0
2699017,mnist-rotations,examples,backprop,0,0.0030,8,1,2,-1,-1,363,-1,500,8448,528,511957248,477168,477168,0
2699017,mnist-rotations,examples,backprop,0,0.0030,8,2,2,422,406,401,359,500,9216,576,558498816,477168,477168,0
2699017,mnist-rotations,examples,backprop,0,0.0030,9,0,0,422,406,401,359,500,9216,576,558498816,477168,477168,0
2699017,mnist-rotations,examples,backprop,0,0.0030,9,1,0,429,-1,-1,-1,500,9472,592,574012672,477168,477168,0
2699017,mnist-rotations,examples,backprop,0,0.0030,9,2,0,433,419,389,373,500,10240,640,620554240,477168,477168,0
2699017,mnist-rotations,examples,backprop,0,0.0030,10,0,3,433,419,389,373,500,10240,640,620554240,477168,477168,0
2699017,mnist-rotations,examples,backprop,0,0.0030,10,1,3,-1,-1,-1,393,500,10496,656,636068096,477168,477168,0
2699017,mnist-rotations,examples,backprop,0,0.0030,10,2,3,407,420,348,408,500,11264,704,682609664,477168,477168,0
2699017,mnist-rotations,examples,backprop,0,0.0030,11,0,1,407,420,348,408,500,11264,704,682609664,477168,477168,0
2699017,mnist-rotations,examples,backprop,0,0.0030,11,1,1,-1,434,-1,-1,500,11520,720,698123520,477168,477168,0
2699017,mnist-rotations,examples,backprop,0,0.0030,11,2,1,412,430,339,413,500,12288,768,744665088,477168,477168,0
2699017,mnist-rotations,work,jayce,24,0.1000,0,0,0,50,50,50,50,500,0,0,0,40,376360,0
2699017,mnist-rotations,work,jayce,24,0.1000,0,1,0,417,-1,-1,-1,500,496,31,3816384,376360,376360,240
2699017,mnist-rotations,work,jayce,24,0.1000,0,2,0,435,412,385,286,500,1312,82,15831168,376360,376360,240
2699017,mnist-rotations,work,jayce,24,0.1000,1,0,1,435,412,385,286,500,1312,82,15831168,376360,376360,240
2699017,mnist-rotations,work,jayce,24,0.1000,1,1,1,-1,416,-1,-1,500,1568,98,19600512,376360,376360,240
2699017,mnist-rotations,work,jayce,24,0.1000,1,2,1,433,436,377,405,500,2384,149,31615296,376360,376360,240
2699017,mnist-rotations,work,jayce,24,0.1000,2,0,2,433,436,377,405,500,2384,149,31615296,376360,376360,240
2699017,mnist-rotations,work,jayce,24,0.1000,2,1,2,-1,-1,396,-1,500,2640,165,35384640,376360,376360,240
2699017,mnist-rotations,work,jayce,24,0.1000,2,2,2,437,427,429,377,500,3456,216,47399424,376360,376360,240
2699017,mnist-rotations,work,jayce,24,0.1000,3,0,3,437,427,429,377,500,3456,216,47399424,376360,376360,240
2699017,mnist-rotations,work,jayce,24,0.1000,3,1,3,-1,-1,-1,406,500,3712,232,51168768,376360,376360,240
2699017,mnist-rotations,work,jayce,24,0.1000,3,2,3,420,421,410,420,500,4528,283,63183552,376360,376360,240
2699017,mnist-rotations,work,jayce,24,0.1000,4,0,0,420,421,410,420,500,4528,283,63183552,376360,376360,240
2699017,mnist-rotations,work,jayce,24,0.1000,4,1,0,427,-1,-1,-1,500,4784,299,66952896,376360,376360,240
2699017,mnist-rotations,work,jayce,24,0.1000,4,2,0,442,428,414,418,500,5600,350,78967680,376360,376360,240
2699017,mnist-rotations,work,jayce,24,0.1000,5,0,2,442,428,414,418,500,5600,350,78967680,376360,376360,240
2699017,mnist-rotations,work,jayce,24,0.1000,5,1,2,-1,-1,425,-1,500,5856,366,82737024,376360,376360,240
2699017,mnist-rotations,work,jayce,24,0.1000,5,2,2,445,428,434,401,500,6672,417,94751808,376360,376360,240
2699017,mnist-rotations,work,jayce,24,0.1000,6,0,1,445,428,434,401,500,6672,417,94751808,376360,376360,240
2699017,mnist-rotations,work,jayce,24,0.1000,6,1,1,-1,441,-1,-1,500,6928,433,98521152,376360,376360,240
2699017,mnist-rotations,work,jayce,24,0.1000,6,2,1,439,449,423,425,500,7744,484,110535936,376360,376360,240
2699017,mnist-rotations,work,jayce,24,0.1000,7,0,3,439,449,423,425,500,7744,484,110535936,376360,376360,240
2699017,mnist-rotations,work,jayce,24,0.1000,7,1,3,-1,-1,-1,440,500,8000,500,114305280,376360,376360,240
2699017,mnist-rotations,work,jayce,24,0.1000,7,2,3,423,445,411,440,500,8816,551,126320064,376360,376360,240
2699017,mnist-rotations,work,jayce,24,0.1000,8,0,2,423,445,411,440,500,8816,551,126320064,376360,376360,240
2699017,mnist-rotations,work,jayce,24,0.1000,8,1,2,-1,-1,422,-1,500,9072,567,130089408,376360,376360,240
2699017,mnist-rotations,work,jayce,24,0.1000,8,2,2,438,440,421,426,500,9888,618,142104192,376360,376360,240
2699017,mnist-rotations,work,jayce,24,0.1000,9,0,0,438,440,421,426,500,9888,618,142104192,376360,376360,240
2699017,mnist-rotations,work,jayce,24,0.1000,9,1,0,437,-1,-1,-1,500,10144,634,145873536,376360,376360,240
2699017,mnist-rotations,work,jayce,24,0.1000,9,2,0,441,438,417,415,500,10960,685,157888320,376360,376360,240
2699017,mnist-rotations,work,jayce,24,0.1000,10,0,3,441,438,417,415,500,10960,685,157888320,376360,376360,240
2699017,mnist-rotations,work,jayce,24,0.1000,10,1,3,-1,-1,-1,424,500,11216,701,161657664,376360,376360,240
2699017,mnist-rotations,work,jayce,24,0.1000,10,2,3,439,439,407,431,500,12032,752,173672448,376360,376360,240
2699017,mnist-rotations,work,jayce,24,0.1000,11,0,1,439,439,407,431,500,12032,752,173672448,376360,376360,240
2699017,mnist-rotations,work,jayce,24,0.1000,11,1,1,-1,443,-1,-1,500,12288,768,177441792,376360,376360,240
2699017,mnist-rotations,work,jayce,24,0.1000,11,2,1,436,451,402,427,500,13104,819,189456576,376360,376360,240
2699017,mnist-rotations,work,backprop,0,0.0030,0,0,0,69,59,67,59,500,0,0,0,477168,477168,0
2699017,mnist-rotations,work,backprop,0,0.0030,0,1,0,82,-1,-1,-1,500,64,4,3878464,477168,477168,0
2699017,mnist-rotations,work,backprop,0,0.0030,0,2,0,218,231,196,173,500,256,16,15513856,477168,477168,0
2699017,mnist-rotations,work,backprop,0,0.0030,1,0,1,218,231,196,173,500,256,16,15513856,477168,477168,0
2699017,mnist-rotations,work,backprop,0,0.0030,1,1,1,-1,280,-1,-1,500,320,20,19392320,477168,477168,0
2699017,mnist-rotations,work,backprop,0,0.0030,1,2,1,346,334,279,265,500,512,32,31027712,477168,477168,0
2699017,mnist-rotations,work,backprop,0,0.0030,2,0,2,346,334,279,265,500,512,32,31027712,477168,477168,0
2699017,mnist-rotations,work,backprop,0,0.0030,2,1,2,-1,-1,274,-1,500,576,36,34906176,477168,477168,0
2699017,mnist-rotations,work,backprop,0,0.0030,2,2,2,346,328,313,244,500,768,48,46541568,477168,477168,0
2699017,mnist-rotations,work,backprop,0,0.0030,3,0,3,346,328,313,244,500,768,48,46541568,477168,477168,0
2699017,mnist-rotations,work,backprop,0,0.0030,3,1,3,-1,-1,-1,256,500,832,52,50420032,477168,477168,0
2699017,mnist-rotations,work,backprop,0,0.0030,3,2,3,341,340,289,284,500,1024,64,62055424,477168,477168,0
2699017,mnist-rotations,work,backprop,0,0.0030,4,0,0,341,340,289,284,500,1024,64,62055424,477168,477168,0
2699017,mnist-rotations,work,backprop,0,0.0030,4,1,0,339,-1,-1,-1,500,1088,68,65933888,477168,477168,0
2699017,mnist-rotations,work,backprop,0,0.0030,4,2,0,395,384,349,334,500,1280,80,77569280,477168,477168,0
2699017,mnist-rotations,work,backprop,0,0.0030,5,0,2,395,384,349,334,500,1280,80,77569280,477168,477168,0
2699017,mnist-rotations,work,backprop,0,0.0030,5,1,2,-1,-1,338,-1,500,1344,84,81447744,477168,477168,0
2699017,mnist-rotations,work,backprop,0,0.0030,5,2,2,390,385,352,311,500,1536,96,93083136,477168,477168,0
2699017,mnist-rotations,work,backprop,0,0.0030,6,0,1,390,385,352,311,500,1536,96,93083136,477168,477168,0
2699017,mnist-rotations,work,backprop,0,0.0030,6,1,1,-1,399,-1,-1,500,1600,100,96961600,477168,477168,0
2699017,mnist-rotations,work,backprop,0,0.0030,6,2,1,398,386,365,325,500,1792,112,108596992,477168,477168,0
2699017,mnist-rotations,work,backprop,0,0.0030,7,0,3,398,386,365,325,500,1792,112,108596992,477168,477168,0
2699017,mnist-rotations,work,backprop,0,0.0030,7,1,3,-1,-1,-1,328,500,1856,116,112475456,477168,477168,0
2699017,mnist-rotations,work,backprop,0,0.0030,7,2,3,365,390,307,363,500,2048,128,124110848,477168,477168,0
2699017,mnist-rotations,work,backprop,0,0.0030,8,0,2,365,390,307,363,500,2048,128,124110848,477168,477168,0
2699017,mnist-rotations,work,backprop,0,0.0030,8,1,2,-1,-1,350,-1,500,2112,132,127989312,477168,477168,0
2699017,mnist-rotations,work,backprop,0,0.0030,8,2,2,389,384,334,357,500,2304,144,139624704,477168,477168,0
2699017,mnist-rotations,work,backprop,0,0.0030,9,0,0,389,384,334,357,500,2304,144,139624704,477168,477168,0
2699017,mnist-rotations,work,backprop,0,0.0030,9,1,0,409,-1,-1,-1,500,2368,148,143503168,477168,477168,0
2699017,mnist-rotations,work,backprop,0,0.0030,9,2,0,417,402,389,343,500,2560,160,155138560,477168,477168,0
2699017,mnist-rotations,work,backprop,0,0.0030,10,0,3,417,402,389,343,500,2560,160,155138560,477168,477168,0
2699017,mnist-rotations,work,backprop,0,0.0030,10,1,3,-1,-1,-1,359,500,2624,164,159017024,477168,477168,0
2699017,mnist-rotations,work,backprop,0,0.0030,10,2,3,417,407,365,366,500,2816,176,170652416,477168,477168,0
2699017,mnist-rotations,work,backprop,0,0.0030,11,0,1,417,407,365,366,500,2816,176,170652416,477168,477168,0
2699017,mnist-rotations,work,backprop,0,0.0030,11,1,1,-1,409,-1,-1,500,2880,180,174530880,477168,477168,0
2699017,mnist-rotations,work,backprop,0,0.0030,11,2,1,367,403,316,383,500,3072,192,186166272,477168,477168,0
2699017,mnist-rotations,memory,jayce,30,0.1000,0,0,0,50,50,50,50,500,0,0,0,40,470440,0
2699017,mnist-rotations,memory,jayce,30,0.1000,0,1,0,403,-1,-1,-1,500,256,16,86300,398312,470440,254
2699017,mnist-rotations,memory,jayce,30,0.1000,0,2,0,424,418,372,292,500,1024,64,13277592,470440,470440,300
2699017,mnist-rotations,memory,jayce,30,0.1000,1,0,1,424,418,372,292,500,1024,64,13277592,470440,470440,300
2699017,mnist-rotations,memory,jayce,30,0.1000,1,1,1,-1,415,-1,-1,500,1280,80,17951640,470440,470440,300
2699017,mnist-rotations,memory,jayce,30,0.1000,1,2,1,427,426,364,395,500,2048,128,31973784,470440,470440,300
2699017,mnist-rotations,memory,jayce,30,0.1000,2,0,2,427,426,364,395,500,2048,128,31973784,470440,470440,300
2699017,mnist-rotations,memory,jayce,30,0.1000,2,1,2,-1,-1,397,-1,500,2304,144,36647832,470440,470440,300
2699017,mnist-rotations,memory,jayce,30,0.1000,2,2,2,439,434,411,382,500,3072,192,50669976,470440,470440,300
2699017,mnist-rotations,memory,jayce,30,0.1000,3,0,3,439,434,411,382,500,3072,192,50669976,470440,470440,300
2699017,mnist-rotations,memory,jayce,30,0.1000,3,1,3,-1,-1,-1,408,500,3328,208,55344024,470440,470440,300
2699017,mnist-rotations,memory,jayce,30,0.1000,3,2,3,425,417,400,421,500,4096,256,69366168,470440,470440,300
2699017,mnist-rotations,memory,jayce,30,0.1000,4,0,0,425,417,400,421,500,4096,256,69366168,470440,470440,300
2699017,mnist-rotations,memory,jayce,30,0.1000,4,1,0,426,-1,-1,-1,500,4352,272,74040216,470440,470440,300
2699017,mnist-rotations,memory,jayce,30,0.1000,4,2,0,433,424,399,417,500,5120,320,88062360,470440,470440,300
2699017,mnist-rotations,memory,jayce,30,0.1000,5,0,2,433,424,399,417,500,5120,320,88062360,470440,470440,300
2699017,mnist-rotations,memory,jayce,30,0.1000,5,1,2,-1,-1,416,-1,500,5376,336,92736408,470440,470440,300
2699017,mnist-rotations,memory,jayce,30,0.1000,5,2,2,434,426,422,401,500,6144,384,106758552,470440,470440,300
2699017,mnist-rotations,memory,jayce,30,0.1000,6,0,1,434,426,422,401,500,6144,384,106758552,470440,470440,300
2699017,mnist-rotations,memory,jayce,30,0.1000,6,1,1,-1,438,-1,-1,500,6400,400,111432600,470440,470440,300
2699017,mnist-rotations,memory,jayce,30,0.1000,6,2,1,444,445,420,421,500,7168,448,125454744,470440,470440,300
2699017,mnist-rotations,memory,jayce,30,0.1000,7,0,3,444,445,420,421,500,7168,448,125454744,470440,470440,300
2699017,mnist-rotations,memory,jayce,30,0.1000,7,1,3,-1,-1,-1,429,500,7424,464,130128792,470440,470440,300
2699017,mnist-rotations,memory,jayce,30,0.1000,7,2,3,435,441,412,431,500,8192,512,144150936,470440,470440,300
2699017,mnist-rotations,memory,jayce,30,0.1000,8,0,2,435,441,412,431,500,8192,512,144150936,470440,470440,300
2699017,mnist-rotations,memory,jayce,30,0.1000,8,1,2,-1,-1,418,-1,500,8448,528,148824984,470440,470440,300
2699017,mnist-rotations,memory,jayce,30,0.1000,8,2,2,439,443,416,426,500,9216,576,162847128,470440,470440,300
2699017,mnist-rotations,memory,jayce,30,0.1000,9,0,0,439,443,416,426,500,9216,576,162847128,470440,470440,300
2699017,mnist-rotations,memory,jayce,30,0.1000,9,1,0,445,-1,-1,-1,500,9472,592,167521176,470440,470440,300
2699017,mnist-rotations,memory,jayce,30,0.1000,9,2,0,447,440,418,419,500,10240,640,181543320,470440,470440,300
2699017,mnist-rotations,memory,jayce,30,0.1000,10,0,3,447,440,418,419,500,10240,640,181543320,470440,470440,300
2699017,mnist-rotations,memory,jayce,30,0.1000,10,1,3,-1,-1,-1,430,500,10496,656,186217368,470440,470440,300
2699017,mnist-rotations,memory,jayce,30,0.1000,10,2,3,444,439,413,433,500,11264,704,200239512,470440,470440,300
2699017,mnist-rotations,memory,jayce,30,0.1000,11,0,1,444,439,413,433,500,11264,704,200239512,470440,470440,300
2699017,mnist-rotations,memory,jayce,30,0.1000,11,1,1,-1,435,-1,-1,500,11520,720,204913560,470440,470440,300
2699017,mnist-rotations,memory,jayce,30,0.1000,11,2,1,445,447,410,439,500,12288,768,218935704,470440,470440,300
2699017,mnist-rotations,memory,backprop,0,0.0030,0,0,0,69,59,67,59,500,0,0,0,477168,477168,0
2699017,mnist-rotations,memory,backprop,0,0.0030,0,1,0,218,-1,-1,-1,500,256,16,15513856,477168,477168,0
2699017,mnist-rotations,memory,backprop,0,0.0030,0,2,0,368,306,321,189,500,1024,64,62055424,477168,477168,0
2699017,mnist-rotations,memory,backprop,0,0.0030,1,0,1,368,306,321,189,500,1024,64,62055424,477168,477168,0
2699017,mnist-rotations,memory,backprop,0,0.0030,1,1,1,-1,375,-1,-1,500,1280,80,77569280,477168,477168,0
2699017,mnist-rotations,memory,backprop,0,0.0030,1,2,1,379,398,291,347,500,2048,128,124110848,477168,477168,0
2699017,mnist-rotations,memory,backprop,0,0.0030,2,0,2,379,398,291,347,500,2048,128,124110848,477168,477168,0
2699017,mnist-rotations,memory,backprop,0,0.0030,2,1,2,-1,-1,347,-1,500,2304,144,139624704,477168,477168,0
2699017,mnist-rotations,memory,backprop,0,0.0030,2,2,2,428,401,414,290,500,3072,192,186166272,477168,477168,0
2699017,mnist-rotations,memory,backprop,0,0.0030,3,0,3,428,401,414,290,500,3072,192,186166272,477168,477168,0
2699017,mnist-rotations,memory,backprop,0,0.0030,3,1,3,-1,-1,-1,298,500,3328,208,201680128,477168,477168,0
2699017,mnist-rotations,memory,backprop,0,0.0030,3,2,3,392,407,329,397,500,4096,256,248221696,477168,477168,0
2699017,mnist-rotations,memory,backprop,0,0.0030,4,0,0,392,407,329,397,500,4096,256,248221696,477168,477168,0
2699017,mnist-rotations,memory,backprop,0,0.0030,4,1,0,413,-1,-1,-1,500,4352,272,263735552,477168,477168,0
2699017,mnist-rotations,memory,backprop,0,0.0030,4,2,0,424,416,364,380,500,5120,320,310277120,477168,477168,0
2699017,mnist-rotations,memory,backprop,0,0.0030,5,0,2,424,416,364,380,500,5120,320,310277120,477168,477168,0
2699017,mnist-rotations,memory,backprop,0,0.0030,5,1,2,-1,-1,386,-1,500,5376,336,325790976,477168,477168,0
2699017,mnist-rotations,memory,backprop,0,0.0030,5,2,2,413,380,413,308,500,6144,384,372332544,477168,477168,0
2699017,mnist-rotations,memory,backprop,0,0.0030,6,0,1,413,380,413,308,500,6144,384,372332544,477168,477168,0
2699017,mnist-rotations,memory,backprop,0,0.0030,6,1,1,-1,418,-1,-1,500,6400,400,387846400,477168,477168,0
2699017,mnist-rotations,memory,backprop,0,0.0030,6,2,1,423,429,388,369,500,7168,448,434387968,477168,477168,0
2699017,mnist-rotations,memory,backprop,0,0.0030,7,0,3,423,429,388,369,500,7168,448,434387968,477168,477168,0
2699017,mnist-rotations,memory,backprop,0,0.0030,7,1,3,-1,-1,-1,393,500,7424,464,449901824,477168,477168,0
2699017,mnist-rotations,memory,backprop,0,0.0030,7,2,3,362,407,258,412,500,8192,512,496443392,477168,477168,0
2699017,mnist-rotations,memory,backprop,0,0.0030,8,0,2,362,407,258,412,500,8192,512,496443392,477168,477168,0
2699017,mnist-rotations,memory,backprop,0,0.0030,8,1,2,-1,-1,363,-1,500,8448,528,511957248,477168,477168,0
2699017,mnist-rotations,memory,backprop,0,0.0030,8,2,2,422,406,401,359,500,9216,576,558498816,477168,477168,0
2699017,mnist-rotations,memory,backprop,0,0.0030,9,0,0,422,406,401,359,500,9216,576,558498816,477168,477168,0
2699017,mnist-rotations,memory,backprop,0,0.0030,9,1,0,429,-1,-1,-1,500,9472,592,574012672,477168,477168,0
2699017,mnist-rotations,memory,backprop,0,0.0030,9,2,0,433,419,389,373,500,10240,640,620554240,477168,477168,0
2699017,mnist-rotations,memory,backprop,0,0.0030,10,0,3,433,419,389,373,500,10240,640,620554240,477168,477168,0
2699017,mnist-rotations,memory,backprop,0,0.0030,10,1,3,-1,-1,-1,393,500,10496,656,636068096,477168,477168,0
2699017,mnist-rotations,memory,backprop,0,0.0030,10,2,3,407,420,348,408,500,11264,704,682609664,477168,477168,0
2699017,mnist-rotations,memory,backprop,0,0.0030,11,0,1,407,420,348,408,500,11264,704,682609664,477168,477168,0
2699017,mnist-rotations,memory,backprop,0,0.0030,11,1,1,-1,434,-1,-1,500,11520,720,698123520,477168,477168,0
2699017,mnist-rotations,memory,backprop,0,0.0030,11,2,1,412,430,339,413,500,12288,768,744665088,477168,477168,0
2803746,mnist-rotations,examples,jayce,48,0.1000,0,0,0,50,50,50,50,500,0,0,0,40,752680,0
2803746,mnist-rotations,examples,jayce,48,0.1000,0,1,0,421,-1,-1,-1,500,256,16,50176,401448,752680,256
2803746,mnist-rotations,examples,jayce,48,0.1000,0,2,0,433,404,400,276,500,1024,64,15793920,752680,752680,480
2803746,mnist-rotations,examples,jayce,48,0.1000,1,0,1,433,404,400,276,500,1024,64,15793920,752680,752680,480
2803746,mnist-rotations,examples,jayce,48,0.1000,1,1,1,-1,412,-1,-1,500,1280,80,23182080,752680,752680,480
2803746,mnist-rotations,examples,jayce,48,0.1000,1,2,1,437,433,391,389,500,2048,128,45346560,752680,752680,480
2803746,mnist-rotations,examples,jayce,48,0.1000,2,0,2,437,433,391,389,500,2048,128,45346560,752680,752680,480
2803746,mnist-rotations,examples,jayce,48,0.1000,2,1,2,-1,-1,416,-1,500,2304,144,52734720,752680,752680,480
2803746,mnist-rotations,examples,jayce,48,0.1000,2,2,2,443,425,435,376,500,3072,192,74899200,752680,752680,480
2803746,mnist-rotations,examples,jayce,48,0.1000,3,0,3,443,425,435,376,500,3072,192,74899200,752680,752680,480
2803746,mnist-rotations,examples,jayce,48,0.1000,3,1,3,-1,-1,-1,415,500,3328,208,82287360,752680,752680,480
2803746,mnist-rotations,examples,jayce,48,0.1000,3,2,3,433,413,426,412,500,4096,256,104451840,752680,752680,480
2803746,mnist-rotations,examples,jayce,48,0.1000,4,0,0,433,413,426,412,500,4096,256,104451840,752680,752680,480
2803746,mnist-rotations,examples,jayce,48,0.1000,4,1,0,437,-1,-1,-1,500,4352,272,111840000,752680,752680,480
2803746,mnist-rotations,examples,jayce,48,0.1000,4,2,0,452,436,413,414,500,5120,320,134004480,752680,752680,480
2803746,mnist-rotations,examples,jayce,48,0.1000,5,0,2,452,436,413,414,500,5120,320,134004480,752680,752680,480
2803746,mnist-rotations,examples,jayce,48,0.1000,5,1,2,-1,-1,429,-1,500,5376,336,141392640,752680,752680,480
2803746,mnist-rotations,examples,jayce,48,0.1000,5,2,2,453,432,440,399,500,6144,384,163557120,752680,752680,480
2803746,mnist-rotations,examples,jayce,48,0.1000,6,0,1,453,432,440,399,500,6144,384,163557120,752680,752680,480
2803746,mnist-rotations,examples,jayce,48,0.1000,6,1,1,-1,444,-1,-1,500,6400,400,170945280,752680,752680,480
2803746,mnist-rotations,examples,jayce,48,0.1000,6,2,1,445,445,431,421,500,7168,448,193109760,752680,752680,480
2803746,mnist-rotations,examples,jayce,48,0.1000,7,0,3,445,445,431,421,500,7168,448,193109760,752680,752680,480
2803746,mnist-rotations,examples,jayce,48,0.1000,7,1,3,-1,-1,-1,419,500,7424,464,200497920,752680,752680,480
2803746,mnist-rotations,examples,jayce,48,0.1000,7,2,3,440,440,425,432,500,8192,512,222662400,752680,752680,480
2803746,mnist-rotations,examples,jayce,48,0.1000,8,0,2,440,440,425,432,500,8192,512,222662400,752680,752680,480
2803746,mnist-rotations,examples,jayce,48,0.1000,8,1,2,-1,-1,428,-1,500,8448,528,230050560,752680,752680,480
2803746,mnist-rotations,examples,jayce,48,0.1000,8,2,2,448,442,432,429,500,9216,576,252215040,752680,752680,480
2803746,mnist-rotations,examples,jayce,48,0.1000,9,0,0,448,442,432,429,500,9216,576,252215040,752680,752680,480
2803746,mnist-rotations,examples,jayce,48,0.1000,9,1,0,452,-1,-1,-1,500,9472,592,259603200,752680,752680,480
2803746,mnist-rotations,examples,jayce,48,0.1000,9,2,0,451,445,429,428,500,10240,640,281767680,752680,752680,480
2803746,mnist-rotations,examples,jayce,48,0.1000,10,0,3,451,445,429,428,500,10240,640,281767680,752680,752680,480
2803746,mnist-rotations,examples,jayce,48,0.1000,10,1,3,-1,-1,-1,436,500,10496,656,289155840,752680,752680,480
2803746,mnist-rotations,examples,jayce,48,0.1000,10,2,3,449,443,429,437,500,11264,704,311320320,752680,752680,480
2803746,mnist-rotations,examples,jayce,48,0.1000,11,0,1,449,443,429,437,500,11264,704,311320320,752680,752680,480
2803746,mnist-rotations,examples,jayce,48,0.1000,11,1,1,-1,444,-1,-1,500,11520,720,318708480,752680,752680,480
2803746,mnist-rotations,examples,jayce,48,0.1000,11,2,1,450,444,422,433,500,12288,768,340872960,752680,752680,480
2803746,mnist-rotations,examples,backprop,0,0.0030,0,0,0,43,42,29,46,500,0,0,0,477168,477168,0
2803746,mnist-rotations,examples,backprop,0,0.0030,0,1,0,174,-1,-1,-1,500,256,16,15513856,477168,477168,0
2803746,mnist-rotations,examples,backprop,0,0.0030,0,2,0,347,315,283,218,500,1024,64,62055424,477168,477168,0
2803746,mnist-rotations,examples,backprop,0,0.0030,1,0,1,347,315,283,218,500,1024,64,62055424,477168,477168,0
2803746,mnist-rotations,examples,backprop,0,0.0030,1,1,1,-1,336,-1,-1,500,1280,80,77569280,477168,477168,0
2803746,mnist-rotations,examples,backprop,0,0.0030,1,2,1,389,405,319,341,500,2048,128,124110848,477168,477168,0
2803746,mnist-rotations,examples,backprop,0,0.0030,2,0,2,389,405,319,341,500,2048,128,124110848,477168,477168,0
2803746,mnist-rotations,examples,backprop,0,0.0030,2,1,2,-1,-1,337,-1,500,2304,144,139624704,477168,477168,0
2803746,mnist-rotations,examples,backprop,0,0.0030,2,2,2,414,371,401,270,500,3072,192,186166272,477168,477168,0
2803746,mnist-rotations,examples,backprop,0,0.0030,3,0,3,414,371,401,270,500,3072,192,186166272,477168,477168,0
2803746,mnist-rotations,examples,backprop,0,0.0030,3,1,3,-1,-1,-1,317,500,3328,208,201680128,477168,477168,0
2803746,mnist-rotations,examples,backprop,0,0.0030,3,2,3,364,378,294,383,500,4096,256,248221696,477168,477168,0
2803746,mnist-rotations,examples,backprop,0,0.0030,4,0,0,364,378,294,383,500,4096,256,248221696,477168,477168,0
2803746,mnist-rotations,examples,backprop,0,0.0030,4,1,0,387,-1,-1,-1,500,4352,272,263735552,477168,477168,0
2803746,mnist-rotations,examples,backprop,0,0.0030,4,2,0,427,435,384,391,500,5120,320,310277120,477168,477168,0
2803746,mnist-rotations,examples,backprop,0,0.0030,5,0,2,427,435,384,391,500,5120,320,310277120,477168,477168,0
2803746,mnist-rotations,examples,backprop,0,0.0030,5,1,2,-1,-1,412,-1,500,5376,336,325790976,477168,477168,0
2803746,mnist-rotations,examples,backprop,0,0.0030,5,2,2,403,386,405,319,500,6144,384,372332544,477168,477168,0
2803746,mnist-rotations,examples,backprop,0,0.0030,6,0,1,403,386,405,319,500,6144,384,372332544,477168,477168,0
2803746,mnist-rotations,examples,backprop,0,0.0030,6,1,1,-1,406,-1,-1,500,6400,400,387846400,477168,477168,0
2803746,mnist-rotations,examples,backprop,0,0.0030,6,2,1,436,431,394,380,500,7168,448,434387968,477168,477168,0
2803746,mnist-rotations,examples,backprop,0,0.0030,7,0,3,436,431,394,380,500,7168,448,434387968,477168,477168,0
2803746,mnist-rotations,examples,backprop,0,0.0030,7,1,3,-1,-1,-1,388,500,7424,464,449901824,477168,477168,0
2803746,mnist-rotations,examples,backprop,0,0.0030,7,2,3,403,428,338,411,500,8192,512,496443392,477168,477168,0
2803746,mnist-rotations,examples,backprop,0,0.0030,8,0,2,403,428,338,411,500,8192,512,496443392,477168,477168,0
2803746,mnist-rotations,examples,backprop,0,0.0030,8,1,2,-1,-1,377,-1,500,8448,528,511957248,477168,477168,0
2803746,mnist-rotations,examples,backprop,0,0.0030,8,2,2,432,426,426,358,500,9216,576,558498816,477168,477168,0
2803746,mnist-rotations,examples,backprop,0,0.0030,9,0,0,432,426,426,358,500,9216,576,558498816,477168,477168,0
2803746,mnist-rotations,examples,backprop,0,0.0030,9,1,0,421,-1,-1,-1,500,9472,592,574012672,477168,477168,0
2803746,mnist-rotations,examples,backprop,0,0.0030,9,2,0,434,422,410,365,500,10240,640,620554240,477168,477168,0
2803746,mnist-rotations,examples,backprop,0,0.0030,10,0,3,434,422,410,365,500,10240,640,620554240,477168,477168,0
2803746,mnist-rotations,examples,backprop,0,0.0030,10,1,3,-1,-1,-1,385,500,10496,656,636068096,477168,477168,0
2803746,mnist-rotations,examples,backprop,0,0.0030,10,2,3,405,438,328,438,500,11264,704,682609664,477168,477168,0
2803746,mnist-rotations,examples,backprop,0,0.0030,11,0,1,405,438,328,438,500,11264,704,682609664,477168,477168,0
2803746,mnist-rotations,examples,backprop,0,0.0030,11,1,1,-1,444,-1,-1,500,11520,720,698123520,477168,477168,0
2803746,mnist-rotations,examples,backprop,0,0.0030,11,2,1,432,448,368,429,500,12288,768,744665088,477168,477168,0
2803746,mnist-rotations,work,jayce,24,0.1000,0,0,0,50,50,50,50,500,0,0,0,40,376360,0
2803746,mnist-rotations,work,jayce,24,0.1000,0,1,0,423,-1,-1,-1,500,496,31,3816384,376360,376360,240
2803746,mnist-rotations,work,jayce,24,0.1000,0,2,0,441,408,403,284,500,1312,82,15831168,376360,376360,240
2803746,mnist-rotations,work,jayce,24,0.1000,1,0,1,441,408,403,284,500,1312,82,15831168,376360,376360,240
2803746,mnist-rotations,work,jayce,24,0.1000,1,1,1,-1,425,-1,-1,500,1568,98,19600512,376360,376360,240
2803746,mnist-rotations,work,jayce,24,0.1000,1,2,1,436,432,382,404,500,2384,149,31615296,376360,376360,240
2803746,mnist-rotations,work,jayce,24,0.1000,2,0,2,436,432,382,404,500,2384,149,31615296,376360,376360,240
2803746,mnist-rotations,work,jayce,24,0.1000,2,1,2,-1,-1,409,-1,500,2640,165,35384640,376360,376360,240
2803746,mnist-rotations,work,jayce,24,0.1000,2,2,2,435,430,423,381,500,3456,216,47399424,376360,376360,240
2803746,mnist-rotations,work,jayce,24,0.1000,3,0,3,435,430,423,381,500,3456,216,47399424,376360,376360,240
2803746,mnist-rotations,work,jayce,24,0.1000,3,1,3,-1,-1,-1,406,500,3712,232,51168768,376360,376360,240
2803746,mnist-rotations,work,jayce,24,0.1000,3,2,3,423,424,408,418,500,4528,283,63183552,376360,376360,240
2803746,mnist-rotations,work,jayce,24,0.1000,4,0,0,423,424,408,418,500,4528,283,63183552,376360,376360,240
2803746,mnist-rotations,work,jayce,24,0.1000,4,1,0,426,-1,-1,-1,500,4784,299,66952896,376360,376360,240
2803746,mnist-rotations,work,jayce,24,0.1000,4,2,0,438,442,415,411,500,5600,350,78967680,376360,376360,240
2803746,mnist-rotations,work,jayce,24,0.1000,5,0,2,438,442,415,411,500,5600,350,78967680,376360,376360,240
2803746,mnist-rotations,work,jayce,24,0.1000,5,1,2,-1,-1,420,-1,500,5856,366,82737024,376360,376360,240
2803746,mnist-rotations,work,jayce,24,0.1000,5,2,2,438,432,433,394,500,6672,417,94751808,376360,376360,240
2803746,mnist-rotations,work,jayce,24,0.1000,6,0,1,438,432,433,394,500,6672,417,94751808,376360,376360,240
2803746,mnist-rotations,work,jayce,24,0.1000,6,1,1,-1,434,-1,-1,500,6928,433,98521152,376360,376360,240
2803746,mnist-rotations,work,jayce,24,0.1000,6,2,1,435,444,416,407,500,7744,484,110535936,376360,376360,240
2803746,mnist-rotations,work,jayce,24,0.1000,7,0,3,435,444,416,407,500,7744,484,110535936,376360,376360,240
2803746,mnist-rotations,work,jayce,24,0.1000,7,1,3,-1,-1,-1,425,500,8000,500,114305280,376360,376360,240
2803746,mnist-rotations,work,jayce,24,0.1000,7,2,3,431,442,401,427,500,8816,551,126320064,376360,376360,240
2803746,mnist-rotations,work,jayce,24,0.1000,8,0,2,431,442,401,427,500,8816,551,126320064,376360,376360,240
2803746,mnist-rotations,work,jayce,24,0.1000,8,1,2,-1,-1,412,-1,500,9072,567,130089408,376360,376360,240
2803746,mnist-rotations,work,jayce,24,0.1000,8,2,2,429,432,426,421,500,9888,618,142104192,376360,376360,240
2803746,mnist-rotations,work,jayce,24,0.1000,9,0,0,429,432,426,421,500,9888,618,142104192,376360,376360,240
2803746,mnist-rotations,work,jayce,24,0.1000,9,1,0,439,-1,-1,-1,500,10144,634,145873536,376360,376360,240
2803746,mnist-rotations,work,jayce,24,0.1000,9,2,0,441,439,430,412,500,10960,685,157888320,376360,376360,240
2803746,mnist-rotations,work,jayce,24,0.1000,10,0,3,441,439,430,412,500,10960,685,157888320,376360,376360,240
2803746,mnist-rotations,work,jayce,24,0.1000,10,1,3,-1,-1,-1,417,500,11216,701,161657664,376360,376360,240
2803746,mnist-rotations,work,jayce,24,0.1000,10,2,3,439,434,419,437,500,12032,752,173672448,376360,376360,240
2803746,mnist-rotations,work,jayce,24,0.1000,11,0,1,439,434,419,437,500,12032,752,173672448,376360,376360,240
2803746,mnist-rotations,work,jayce,24,0.1000,11,1,1,-1,442,-1,-1,500,12288,768,177441792,376360,376360,240
2803746,mnist-rotations,work,jayce,24,0.1000,11,2,1,441,442,411,423,500,13104,819,189456576,376360,376360,240
2803746,mnist-rotations,work,backprop,0,0.0030,0,0,0,43,42,29,46,500,0,0,0,477168,477168,0
2803746,mnist-rotations,work,backprop,0,0.0030,0,1,0,88,-1,-1,-1,500,64,4,3878464,477168,477168,0
2803746,mnist-rotations,work,backprop,0,0.0030,0,2,0,174,158,141,133,500,256,16,15513856,477168,477168,0
2803746,mnist-rotations,work,backprop,0,0.0030,1,0,1,174,158,141,133,500,256,16,15513856,477168,477168,0
2803746,mnist-rotations,work,backprop,0,0.0030,1,1,1,-1,209,-1,-1,500,320,20,19392320,477168,477168,0
2803746,mnist-rotations,work,backprop,0,0.0030,1,2,1,319,317,239,253,500,512,32,31027712,477168,477168,0
2803746,mnist-rotations,work,backprop,0,0.0030,2,0,2,319,317,239,253,500,512,32,31027712,477168,477168,0
2803746,mnist-rotations,work,backprop,0,0.0030,2,1,2,-1,-1,245,-1,500,576,36,34906176,477168,477168,0
2803746,mnist-rotations,work,backprop,0,0.0030,2,2,2,324,312,293,239,500,768,48,46541568,477168,477168,0
2803746,mnist-rotations,work,backprop,0,0.0030,3,0,3,324,312,293,239,500,768,48,46541568,477168,477168,0
2803746,mnist-rotations,work,backprop,0,0.0030,3,1,3,-1,-1,-1,268,500,832,52,50420032,477168,477168,0
2803746,mnist-rotations,work,backprop,0,0.0030,3,2,3,350,352,327,309,500,1024,64,62055424,477168,477168,0
2803746,mnist-rotations,work,backprop,0,0.0030,4,0,0,350,352,327,309,500,1024,64,62055424,477168,477168,0
2803746,mnist-rotations,work,backprop,0,0.0030,4,1,0,304,-1,-1,-1,500,1088,68,65933888,477168,477168,0
2803746,mnist-rotations,work,backprop,0,0.0030,4,2,0,324,321,280,293,500,1280,80,77569280,477168,477168,0
2803746,mnist-rotations,work,backprop,0,0.0030,5,0,2,324,321,280,293,500,1280,80,77569280,477168,477168,0
2803746,mnist-rotations,work,backprop,0,0.0030,5,1,2,-1,-1,304,-1,500,1344,84,81447744,477168,477168,0
2803746,mnist-rotations,work,backprop,0,0.0030,5,2,2,389,374,361,332,500,1536,96,93083136,477168,477168,0
2803746,mnist-rotations,work,backprop,0,0.0030,6,0,1,389,374,361,332,500,1536,96,93083136,477168,477168,0
2803746,mnist-rotations,work,backprop,0,0.0030,6,1,1,-1,361,-1,-1,500,1600,100,96961600,477168,477168,0
2803746,mnist-rotations,work,backprop,0,0.0030,6,2,1,391,384,335,313,500,1792,112,108596992,477168,477168,0
2803746,mnist-rotations,work,backprop,0,0.0030,7,0,3,391,384,335,313,500,1792,112,108596992,477168,477168,0
2803746,mnist-rotations,work,backprop,0,0.0030,7,1,3,-1,-1,-1,323,500,1856,116,112475456,477168,477168,0
2803746,mnist-rotations,work,backprop,0,0.0030,7,2,3,377,383,306,339,500,2048,128,124110848,477168,477168,0
2803746,mnist-rotations,work,backprop,0,0.0030,8,0,2,377,383,306,339,500,2048,128,124110848,477168,477168,0
2803746,mnist-rotations,work,backprop,0,0.0030,8,1,2,-1,-1,329,-1,500,2112,132,127989312,477168,477168,0
2803746,mnist-rotations,work,backprop,0,0.0030,8,2,2,381,369,375,317,500,2304,144,139624704,477168,477168,0
2803746,mnist-rotations,work,backprop,0,0.0030,9,0,0,381,369,375,317,500,2304,144,139624704,477168,477168,0
2803746,mnist-rotations,work,backprop,0,0.0030,9,1,0,377,-1,-1,-1,500,2368,148,143503168,477168,477168,0
2803746,mnist-rotations,work,backprop,0,0.0030,9,2,0,384,374,361,324,500,2560,160,155138560,477168,477168,0
2803746,mnist-rotations,work,backprop,0,0.0030,10,0,3,384,374,361,324,500,2560,160,155138560,477168,477168,0
2803746,mnist-rotations,work,backprop,0,0.0030,10,1,3,-1,-1,-1,352,500,2624,164,159017024,477168,477168,0
2803746,mnist-rotations,work,backprop,0,0.0030,10,2,3,399,406,363,369,500,2816,176,170652416,477168,477168,0
2803746,mnist-rotations,work,backprop,0,0.0030,11,0,1,399,406,363,369,500,2816,176,170652416,477168,477168,0
2803746,mnist-rotations,work,backprop,0,0.0030,11,1,1,-1,391,-1,-1,500,2880,180,174530880,477168,477168,0
2803746,mnist-rotations,work,backprop,0,0.0030,11,2,1,408,415,344,389,500,3072,192,186166272,477168,477168,0
2803746,mnist-rotations,memory,jayce,30,0.1000,0,0,0,50,50,50,50,500,0,0,0,40,470440,0
2803746,mnist-rotations,memory,jayce,30,0.1000,0,1,0,421,-1,-1,-1,500,256,16,86300,398312,470440,254
2803746,mnist-rotations,memory,jayce,30,0.1000,0,2,0,440,410,392,284,500,1024,64,13277592,470440,470440,300
2803746,mnist-rotations,memory,jayce,30,0.1000,1,0,1,440,410,392,284,500,1024,64,13277592,470440,470440,300
2803746,mnist-rotations,memory,jayce,30,0.1000,1,1,1,-1,418,-1,-1,500,1280,80,17951640,470440,470440,300
2803746,mnist-rotations,memory,jayce,30,0.1000,1,2,1,439,418,370,392,500,2048,128,31973784,470440,470440,300
2803746,mnist-rotations,memory,jayce,30,0.1000,2,0,2,439,418,370,392,500,2048,128,31973784,470440,470440,300
2803746,mnist-rotations,memory,jayce,30,0.1000,2,1,2,-1,-1,408,-1,500,2304,144,36647832,470440,470440,300
2803746,mnist-rotations,memory,jayce,30,0.1000,2,2,2,440,412,438,368,500,3072,192,50669976,470440,470440,300
2803746,mnist-rotations,memory,jayce,30,0.1000,3,0,3,440,412,438,368,500,3072,192,50669976,470440,470440,300
2803746,mnist-rotations,memory,jayce,30,0.1000,3,1,3,-1,-1,-1,398,500,3328,208,55344024,470440,470440,300
2803746,mnist-rotations,memory,jayce,30,0.1000,3,2,3,429,422,423,415,500,4096,256,69366168,470440,470440,300
2803746,mnist-rotations,memory,jayce,30,0.1000,4,0,0,429,422,423,415,500,4096,256,69366168,470440,470440,300
2803746,mnist-rotations,memory,jayce,30,0.1000,4,1,0,440,-1,-1,-1,500,4352,272,74040216,470440,470440,300
2803746,mnist-rotations,memory,jayce,30,0.1000,4,2,0,446,427,417,397,500,5120,320,88062360,470440,470440,300
2803746,mnist-rotations,memory,jayce,30,0.1000,5,0,2,446,427,417,397,500,5120,320,88062360,470440,470440,300
2803746,mnist-rotations,memory,jayce,30,0.1000,5,1,2,-1,-1,431,-1,500,5376,336,92736408,470440,470440,300
2803746,mnist-rotations,memory,jayce,30,0.1000,5,2,2,446,417,431,380,500,6144,384,106758552,470440,470440,300
2803746,mnist-rotations,memory,jayce,30,0.1000,6,0,1,446,417,431,380,500,6144,384,106758552,470440,470440,300
2803746,mnist-rotations,memory,jayce,30,0.1000,6,1,1,-1,429,-1,-1,500,6400,400,111432600,470440,470440,300
2803746,mnist-rotations,memory,jayce,30,0.1000,6,2,1,442,440,429,405,500,7168,448,125454744,470440,470440,300
2803746,mnist-rotations,memory,jayce,30,0.1000,7,0,3,442,440,429,405,500,7168,448,125454744,470440,470440,300
2803746,mnist-rotations,memory,jayce,30,0.1000,7,1,3,-1,-1,-1,424,500,7424,464,130128792,470440,470440,300
2803746,mnist-rotations,memory,jayce,30,0.1000,7,2,3,428,446,416,433,500,8192,512,144150936,470440,470440,300
2803746,mnist-rotations,memory,jayce,30,0.1000,8,0,2,428,446,416,433,500,8192,512,144150936,470440,470440,300
2803746,mnist-rotations,memory,jayce,30,0.1000,8,1,2,-1,-1,429,-1,500,8448,528,148824984,470440,470440,300
2803746,mnist-rotations,memory,jayce,30,0.1000,8,2,2,443,443,430,424,500,9216,576,162847128,470440,470440,300
2803746,mnist-rotations,memory,jayce,30,0.1000,9,0,0,443,443,430,424,500,9216,576,162847128,470440,470440,300
2803746,mnist-rotations,memory,jayce,30,0.1000,9,1,0,453,-1,-1,-1,500,9472,592,167521176,470440,470440,300
2803746,mnist-rotations,memory,jayce,30,0.1000,9,2,0,454,445,432,423,500,10240,640,181543320,470440,470440,300
2803746,mnist-rotations,memory,jayce,30,0.1000,10,0,3,454,445,432,423,500,10240,640,181543320,470440,470440,300
2803746,mnist-rotations,memory,jayce,30,0.1000,10,1,3,-1,-1,-1,422,500,10496,656,186217368,470440,470440,300
2803746,mnist-rotations,memory,jayce,30,0.1000,10,2,3,444,447,419,433,500,11264,704,200239512,470440,470440,300
2803746,mnist-rotations,memory,jayce,30,0.1000,11,0,1,444,447,419,433,500,11264,704,200239512,470440,470440,300
2803746,mnist-rotations,memory,jayce,30,0.1000,11,1,1,-1,443,-1,-1,500,11520,720,204913560,470440,470440,300
2803746,mnist-rotations,memory,jayce,30,0.1000,11,2,1,447,442,414,437,500,12288,768,218935704,470440,470440,300
2803746,mnist-rotations,memory,backprop,0,0.0030,0,0,0,43,42,29,46,500,0,0,0,477168,477168,0
2803746,mnist-rotations,memory,backprop,0,0.0030,0,1,0,174,-1,-1,-1,500,256,16,15513856,477168,477168,0
2803746,mnist-rotations,memory,backprop,0,0.0030,0,2,0,347,315,283,218,500,1024,64,62055424,477168,477168,0
2803746,mnist-rotations,memory,backprop,0,0.0030,1,0,1,347,315,283,218,500,1024,64,62055424,477168,477168,0
2803746,mnist-rotations,memory,backprop,0,0.0030,1,1,1,-1,336,-1,-1,500,1280,80,77569280,477168,477168,0
2803746,mnist-rotations,memory,backprop,0,0.0030,1,2,1,389,405,319,341,500,2048,128,124110848,477168,477168,0
2803746,mnist-rotations,memory,backprop,0,0.0030,2,0,2,389,405,319,341,500,2048,128,124110848,477168,477168,0
2803746,mnist-rotations,memory,backprop,0,0.0030,2,1,2,-1,-1,337,-1,500,2304,144,139624704,477168,477168,0
2803746,mnist-rotations,memory,backprop,0,0.0030,2,2,2,414,371,401,270,500,3072,192,186166272,477168,477168,0
2803746,mnist-rotations,memory,backprop,0,0.0030,3,0,3,414,371,401,270,500,3072,192,186166272,477168,477168,0
2803746,mnist-rotations,memory,backprop,0,0.0030,3,1,3,-1,-1,-1,317,500,3328,208,201680128,477168,477168,0
2803746,mnist-rotations,memory,backprop,0,0.0030,3,2,3,364,378,294,383,500,4096,256,248221696,477168,477168,0
2803746,mnist-rotations,memory,backprop,0,0.0030,4,0,0,364,378,294,383,500,4096,256,248221696,477168,477168,0
2803746,mnist-rotations,memory,backprop,0,0.0030,4,1,0,387,-1,-1,-1,500,4352,272,263735552,477168,477168,0
2803746,mnist-rotations,memory,backprop,0,0.0030,4,2,0,427,435,384,391,500,5120,320,310277120,477168,477168,0
2803746,mnist-rotations,memory,backprop,0,0.0030,5,0,2,427,435,384,391,500,5120,320,310277120,477168,477168,0
2803746,mnist-rotations,memory,backprop,0,0.0030,5,1,2,-1,-1,412,-1,500,5376,336,325790976,477168,477168,0
2803746,mnist-rotations,memory,backprop,0,0.0030,5,2,2,403,386,405,319,500,6144,384,372332544,477168,477168,0
2803746,mnist-rotations,memory,backprop,0,0.0030,6,0,1,403,386,405,319,500,6144,384,372332544,477168,477168,0
2803746,mnist-rotations,memory,backprop,0,0.0030,6,1,1,-1,406,-1,-1,500,6400,400,387846400,477168,477168,0
2803746,mnist-rotations,memory,backprop,0,0.0030,6,2,1,436,431,394,380,500,7168,448,434387968,477168,477168,0
2803746,mnist-rotations,memory,backprop,0,0.0030,7,0,3,436,431,394,380,500,7168,448,434387968,477168,477168,0
2803746,mnist-rotations,memory,backprop,0,0.0030,7,1,3,-1,-1,-1,388,500,7424,464,449901824,477168,477168,0
2803746,mnist-rotations,memory,backprop,0,0.0030,7,2,3,403,428,338,411,500,8192,512,496443392,477168,477168,0
2803746,mnist-rotations,memory,backprop,0,0.0030,8,0,2,403,428,338,411,500,8192,512,496443392,477168,477168,0
2803746,mnist-rotations,memory,backprop,0,0.0030,8,1,2,-1,-1,377,-1,500,8448,528,511957248,477168,477168,0
2803746,mnist-rotations,memory,backprop,0,0.0030,8,2,2,432,426,426,358,500,9216,576,558498816,477168,477168,0
2803746,mnist-rotations,memory,backprop,0,0.0030,9,0,0,432,426,426,358,500,9216,576,558498816,477168,477168,0
2803746,mnist-rotations,memory,backprop,0,0.0030,9,1,0,421,-1,-1,-1,500,9472,592,574012672,477168,477168,0
2803746,mnist-rotations,memory,backprop,0,0.0030,9,2,0,434,422,410,365,500,10240,640,620554240,477168,477168,0
2803746,mnist-rotations,memory,backprop,0,0.0030,10,0,3,434,422,410,365,500,10240,640,620554240,477168,477168,0
2803746,mnist-rotations,memory,backprop,0,0.0030,10,1,3,-1,-1,-1,385,500,10496,656,636068096,477168,477168,0
2803746,mnist-rotations,memory,backprop,0,0.0030,10,2,3,405,438,328,438,500,11264,704,682609664,477168,477168,0
2803746,mnist-rotations,memory,backprop,0,0.0030,11,0,1,405,438,328,438,500,11264,704,682609664,477168,477168,0
2803746,mnist-rotations,memory,backprop,0,0.0030,11,1,1,-1,444,-1,-1,500,11520,720,698123520,477168,477168,0
2803746,mnist-rotations,memory,backprop,0,0.0030,11,2,1,432,448,368,429,500,12288,768,744665088,477168,477168,0
2908475,mnist-rotations,examples,jayce,48,0.1000,0,0,0,50,50,50,50,500,0,0,0,40,752680,0
2908475,mnist-rotations,examples,jayce,48,0.1000,0,1,0,409,-1,-1,-1,500,256,16,50176,401448,752680,256
2908475,mnist-rotations,examples,jayce,48,0.1000,0,2,0,445,413,403,309,500,1024,64,15793920,752680,752680,480
2908475,mnist-rotations,examples,jayce,48,0.1000,1,0,1,445,413,403,309,500,1024,64,15793920,752680,752680,480
2908475,mnist-rotations,examples,jayce,48,0.1000,1,1,1,-1,407,-1,-1,500,1280,80,23182080,752680,752680,480
2908475,mnist-rotations,examples,jayce,48,0.1000,1,2,1,440,420,380,401,500,2048,128,45346560,752680,752680,480
2908475,mnist-rotations,examples,jayce,48,0.1000,2,0,2,440,420,380,401,500,2048,128,45346560,752680,752680,480
2908475,mnist-rotations,examples,jayce,48,0.1000,2,1,2,-1,-1,406,-1,500,2304,144,52734720,752680,752680,480
2908475,mnist-rotations,examples,jayce,48,0.1000,2,2,2,444,414,438,375,500,3072,192,74899200,752680,752680,480
2908475,mnist-rotations,examples,jayce,48,0.1000,3,0,3,444,414,438,375,500,3072,192,74899200,752680,752680,480
2908475,mnist-rotations,examples,jayce,48,0.1000,3,1,3,-1,-1,-1,383,500,3328,208,82287360,752680,752680,480
2908475,mnist-rotations,examples,jayce,48,0.1000,3,2,3,442,426,429,434,500,4096,256,104451840,752680,752680,480
2908475,mnist-rotations,examples,jayce,48,0.1000,4,0,0,442,426,429,434,500,4096,256,104451840,752680,752680,480
2908475,mnist-rotations,examples,jayce,48,0.1000,4,1,0,442,-1,-1,-1,500,4352,272,111840000,752680,752680,480
2908475,mnist-rotations,examples,jayce,48,0.1000,4,2,0,453,432,438,414,500,5120,320,134004480,752680,752680,480
2908475,mnist-rotations,examples,jayce,48,0.1000,5,0,2,453,432,438,414,500,5120,320,134004480,752680,752680,480
2908475,mnist-rotations,examples,jayce,48,0.1000,5,1,2,-1,-1,435,-1,500,5376,336,141392640,752680,752680,480
2908475,mnist-rotations,examples,jayce,48,0.1000,5,2,2,451,430,442,413,500,6144,384,163557120,752680,752680,480
2908475,mnist-rotations,examples,jayce,48,0.1000,6,0,1,451,430,442,413,500,6144,384,163557120,752680,752680,480
2908475,mnist-rotations,examples,jayce,48,0.1000,6,1,1,-1,433,-1,-1,500,6400,400,170945280,752680,752680,480
2908475,mnist-rotations,examples,jayce,48,0.1000,6,2,1,450,438,442,423,500,7168,448,193109760,752680,752680,480
2908475,mnist-rotations,examples,jayce,48,0.1000,7,0,3,450,438,442,423,500,7168,448,193109760,752680,752680,480
2908475,mnist-rotations,examples,jayce,48,0.1000,7,1,3,-1,-1,-1,422,500,7424,464,200497920,752680,752680,480
2908475,mnist-rotations,examples,jayce,48,0.1000,7,2,3,448,433,433,428,500,8192,512,222662400,752680,752680,480
2908475,mnist-rotations,examples,jayce,48,0.1000,8,0,2,448,433,433,428,500,8192,512,222662400,752680,752680,480
2908475,mnist-rotations,examples,jayce,48,0.1000,8,1,2,-1,-1,439,-1,500,8448,528,230050560,752680,752680,480
2908475,mnist-rotations,examples,jayce,48,0.1000,8,2,2,453,432,436,430,500,9216,576,252215040,752680,752680,480
2908475,mnist-rotations,examples,jayce,48,0.1000,9,0,0,453,432,436,430,500,9216,576,252215040,752680,752680,480
2908475,mnist-rotations,examples,jayce,48,0.1000,9,1,0,458,-1,-1,-1,500,9472,592,259603200,752680,752680,480
2908475,mnist-rotations,examples,jayce,48,0.1000,9,2,0,460,442,421,427,500,10240,640,281767680,752680,752680,480
2908475,mnist-rotations,examples,jayce,48,0.1000,10,0,3,460,442,421,427,500,10240,640,281767680,752680,752680,480
2908475,mnist-rotations,examples,jayce,48,0.1000,10,1,3,-1,-1,-1,437,500,10496,656,289155840,752680,752680,480
2908475,mnist-rotations,examples,jayce,48,0.1000,10,2,3,457,444,423,440,500,11264,704,311320320,752680,752680,480
2908475,mnist-rotations,examples,jayce,48,0.1000,11,0,1,457,444,423,440,500,11264,704,311320320,752680,752680,480
2908475,mnist-rotations,examples,jayce,48,0.1000,11,1,1,-1,450,-1,-1,500,11520,720,318708480,752680,752680,480
2908475,mnist-rotations,examples,jayce,48,0.1000,11,2,1,451,448,416,432,500,12288,768,340872960,752680,752680,480
2908475,mnist-rotations,examples,backprop,0,0.0030,0,0,0,49,50,45,40,500,0,0,0,477168,477168,0
2908475,mnist-rotations,examples,backprop,0,0.0030,0,1,0,242,-1,-1,-1,500,256,16,15513856,477168,477168,0
2908475,mnist-rotations,examples,backprop,0,0.0030,0,2,0,365,329,305,197,500,1024,64,62055424,477168,477168,0
2908475,mnist-rotations,examples,backprop,0,0.0030,1,0,1,365,329,305,197,500,1024,64,62055424,477168,477168,0
2908475,mnist-rotations,examples,backprop,0,0.0030,1,1,1,-1,376,-1,-1,500,1280,80,77569280,477168,477168,0
2908475,mnist-rotations,examples,backprop,0,0.0030,1,2,1,411,416,321,352,500,2048,128,124110848,477168,477168,0
2908475,mnist-rotations,examples,backprop,0,0.0030,2,0,2,411,416,321,352,500,2048,128,124110848,477168,477168,0
2908475,mnist-rotations,examples,backprop,0,0.0030,2,1,2,-1,-1,343,-1,500,2304,144,139624704,477168,477168,0
2908475,mnist-rotations,examples,backprop,0,0.0030,2,2,2,420,378,409,268,500,3072,192,186166272,477168,477168,0
2908475,mnist-rotations,examples,backprop,0,0.0030,3,0,3,420,378,409,268,500,3072,192,186166272,477168,477168,0
2908475,mnist-rotations,examples,backprop,0,0.0030,3,1,3,-1,-1,-1,298,500,3328,208,201680128,477168,477168,0
2908475,mnist-rotations,examples,backprop,0,0.0030,3,2,3,377,396,294,386,500,4096,256,248221696,477168,477168,0
2908475,mnist-rotations,examples,backprop,0,0.0030,4,0,0,377,396,294,386,500,4096,256,248221696,477168,477168,0
2908475,mnist-rotations,examples,backprop,0,0.0030,4,1,0,411,-1,-1,-1,500,4352,272,263735552,477168,477168,0
2908475,mnist-rotations,examples,backprop,0,0.0030,4,2,0,430,429,370,387,500,5120,320,310277120,477168,477168,0
2908475,mnist-rotations,examples,backprop,0,0.0030,5,0,2,430,429,370,387,500,5120,320,310277120,477168,477168,0
2908475,mnist-rotations,examples,backprop,0,0.0030,5,1,2,-1,-1,389,-1,500,5376,336,325790976,477168,477168,0
2908475,mnist-rotations,examples,backprop,0,0.0030,5,2,2,433,399,420,325,500,6144,384,372332544,477168,477168,0
2908475,mnist-rotations,examples,backprop,0,0.0030,6,0,1,433,399,420,325,500,6144,384,372332544,477168,477168,0
2908475,mnist-rotations,examples,backprop,0,0.0030,6,1,1,-1,383,-1,-1,500,6400,400,387846400,477168,477168,0
2908475,mnist-rotations,examples,backprop,0,0.0030,6,2,1,432,440,379,390,500,7168,448,434387968,477168,477168,0
2908475,mnist-rotations,examples,backprop,0,0.0030,7,0,3,432,440,379,390,500,7168,448,434387968,477168,477168,0
2908475,mnist-rotations,examples,backprop,0,0.0030,7,1,3,-1,-1,-1,378,500,7424,464,449901824,477168,477168,0
2908475,mnist-rotations,examples,backprop,0,0.0030,7,2,3,389,427,316,423,500,8192,512,496443392,477168,477168,0
2908475,mnist-rotations,examples,backprop,0,0.0030,8,0,2,389,427,316,423,500,8192,512,496443392,477168,477168,0
2908475,mnist-rotations,examples,backprop,0,0.0030,8,1,2,-1,-1,370,-1,500,8448,528,511957248,477168,477168,0
2908475,mnist-rotations,examples,backprop,0,0.0030,8,2,2,422,390,406,332,500,9216,576,558498816,477168,477168,0
2908475,mnist-rotations,examples,backprop,0,0.0030,9,0,0,422,390,406,332,500,9216,576,558498816,477168,477168,0
2908475,mnist-rotations,examples,backprop,0,0.0030,9,1,0,422,-1,-1,-1,500,9472,592,574012672,477168,477168,0
2908475,mnist-rotations,examples,backprop,0,0.0030,9,2,0,437,424,413,358,500,10240,640,620554240,477168,477168,0
2908475,mnist-rotations,examples,backprop,0,0.0030,10,0,3,437,424,413,358,500,10240,640,620554240,477168,477168,0
2908475,mnist-rotations,examples,backprop,0,0.0030,10,1,3,-1,-1,-1,383,500,10496,656,636068096,477168,477168,0
2908475,mnist-rotations,examples,backprop,0,0.0030,10,2,3,410,425,349,421,500,11264,704,682609664,477168,477168,0
2908475,mnist-rotations,examples,backprop,0,0.0030,11,0,1,410,425,349,421,500,11264,704,682609664,477168,477168,0
2908475,mnist-rotations,examples,backprop,0,0.0030,11,1,1,-1,431,-1,-1,500,11520,720,698123520,477168,477168,0
2908475,mnist-rotations,examples,backprop,0,0.0030,11,2,1,421,445,370,437,500,12288,768,744665088,477168,477168,0
2908475,mnist-rotations,work,jayce,24,0.1000,0,0,0,50,50,50,50,500,0,0,0,40,376360,0
2908475,mnist-rotations,work,jayce,24,0.1000,0,1,0,417,-1,-1,-1,500,496,31,3816384,376360,376360,240
2908475,mnist-rotations,work,jayce,24,0.1000,0,2,0,434,406,402,293,500,1312,82,15831168,376360,376360,240
2908475,mnist-rotations,work,jayce,24,0.1000,1,0,1,434,406,402,293,500,1312,82,15831168,376360,376360,240
2908475,mnist-rotations,work,jayce,24,0.1000,1,1,1,-1,419,-1,-1,500,1568,98,19600512,376360,376360,240
2908475,mnist-rotations,work,jayce,24,0.1000,1,2,1,439,432,377,412,500,2384,149,31615296,376360,376360,240
2908475,mnist-rotations,work,jayce,24,0.1000,2,0,2,439,432,377,412,500,2384,149,31615296,376360,376360,240
2908475,mnist-rotations,work,jayce,24,0.1000,2,1,2,-1,-1,410,-1,500,2640,165,35384640,376360,376360,240
2908475,mnist-rotations,work,jayce,24,0.1000,2,2,2,443,417,429,381,500,3456,216,47399424,376360,376360,240
2908475,mnist-rotations,work,jayce,24,0.1000,3,0,3,443,417,429,381,500,3456,216,47399424,376360,376360,240
2908475,mnist-rotations,work,jayce,24,0.1000,3,1,3,-1,-1,-1,393,500,3712,232,51168768,376360,376360,240
2908475,mnist-rotations,work,jayce,24,0.1000,3,2,3,426,420,415,417,500,4528,283,63183552,376360,376360,240
2908475,mnist-rotations,work,jayce,24,0.1000,4,0,0,426,420,415,417,500,4528,283,63183552,376360,376360,240
2908475,mnist-rotations,work,jayce,24,0.1000,4,1,0,436,-1,-1,-1,500,4784,299,66952896,376360,376360,240
2908475,mnist-rotations,work,jayce,24,0.1000,4,2,0,450,431,420,402,500,5600,350,78967680,376360,376360,240
2908475,mnist-rotations,work,jayce,24,0.1000,5,0,2,450,431,420,402,500,5600,350,78967680,376360,376360,240
2908475,mnist-rotations,work,jayce,24,0.1000,5,1,2,-1,-1,428,-1,500,5856,366,82737024,376360,376360,240
2908475,mnist-rotations,work,jayce,24,0.1000,5,2,2,441,427,438,396,500,6672,417,94751808,376360,376360,240
2908475,mnist-rotations,work,jayce,24,0.1000,6,0,1,441,427,438,396,500,6672,417,94751808,376360,376360,240
2908475,mnist-rotations,work,jayce,24,0.1000,6,1,1,-1,442,-1,-1,500,6928,433,98521152,376360,376360,240
2908475,mnist-rotations,work,jayce,24,0.1000,6,2,1,446,441,425,415,500,7744,484,110535936,376360,376360,240
2908475,mnist-rotations,work,jayce,24,0.1000,7,0,3,446,441,425,415,500,7744,484,110535936,376360,376360,240
2908475,mnist-rotations,work,jayce,24,0.1000,7,1,3,-1,-1,-1,426,500,8000,500,114305280,376360,376360,240
2908475,mnist-rotations,work,jayce,24,0.1000,7,2,3,436,436,422,428,500,8816,551,126320064,376360,376360,240
2908475,mnist-rotations,work,jayce,24,0.1000,8,0,2,436,436,422,428,500,8816,551,126320064,376360,376360,240
2908475,mnist-rotations,work,jayce,24,0.1000,8,1,2,-1,-1,429,-1,500,9072,567,130089408,376360,376360,240
2908475,mnist-rotations,work,jayce,24,0.1000,8,2,2,433,431,442,429,500,9888,618,142104192,376360,376360,240
2908475,mnist-rotations,work,jayce,24,0.1000,9,0,0,433,431,442,429,500,9888,618,142104192,376360,376360,240
2908475,mnist-rotations,work,jayce,24,0.1000,9,1,0,439,-1,-1,-1,500,10144,634,145873536,376360,376360,240
2908475,mnist-rotations,work,jayce,24,0.1000,9,2,0,448,432,444,411,500,10960,685,157888320,376360,376360,240
2908475,mnist-rotations,work,jayce,24,0.1000,10,0,3,448,432,444,411,500,10960,685,157888320,376360,376360,240
2908475,mnist-rotations,work,jayce,24,0.1000,10,1,3,-1,-1,-1,422,500,11216,701,161657664,376360,376360,240
2908475,mnist-rotations,work,jayce,24,0.1000,10,2,3,448,444,436,435,500,12032,752,173672448,376360,376360,240
2908475,mnist-rotations,work,jayce,24,0.1000,11,0,1,448,444,436,435,500,12032,752,173672448,376360,376360,240
2908475,mnist-rotations,work,jayce,24,0.1000,11,1,1,-1,450,-1,-1,500,12288,768,177441792,376360,376360,240
2908475,mnist-rotations,work,jayce,24,0.1000,11,2,1,449,446,426,429,500,13104,819,189456576,376360,376360,240
2908475,mnist-rotations,work,backprop,0,0.0030,0,0,0,49,50,45,40,500,0,0,0,477168,477168,0
2908475,mnist-rotations,work,backprop,0,0.0030,0,1,0,158,-1,-1,-1,500,64,4,3878464,477168,477168,0
2908475,mnist-rotations,work,backprop,0,0.0030,0,2,0,242,218,206,152,500,256,16,15513856,477168,477168,0
2908475,mnist-rotations,work,backprop,0,0.0030,1,0,1,242,218,206,152,500,256,16,15513856,477168,477168,0
2908475,mnist-rotations,work,backprop,0,0.0030,1,1,1,-1,260,-1,-1,500,320,20,19392320,477168,477168,0
2908475,mnist-rotations,work,backprop,0,0.0030,1,2,1,324,334,235,242,500,512,32,31027712,477168,477168,0
2908475,mnist-rotations,work,backprop,0,0.0030,2,0,2,324,334,235,242,500,512,32,31027712,477168,477168,0
2908475,mnist-rotations,work,backprop,0,0.0030,2,1,2,-1,-1,264,-1,500,576,36,34906176,477168,477168,0
2908475,mnist-rotations,work,backprop,0,0.0030,2,2,2,330,306,290,226,500,768,48,46541568,477168,477168,0
2908475,mnist-rotations,work,backprop,0,0.0030,3,0,3,330,306,290,226,500,768,48,46541568,477168,477168,0
2908475,mnist-rotations,work,backprop,0,0.0030,3,1,3,-1,-1,-1,298,500,832,52,50420032,477168,477168,0
2908475,mnist-rotations,work,backprop,0,0.0030,3,2,3,351,351,285,302,500,1024,64,62055424,477168,477168,0
2908475,mnist-rotations,work,backprop,0,0.0030,4,0,0,351,351,285,302,500,1024,64,62055424,477168,477168,0
2908475,mnist-rotations,work,backprop,0,0.0030,4,1,0,354,-1,-1,-1,500,1088,68,65933888,477168,477168,0
2908475,mnist-rotations,work,backprop,0,0.0030,4,2,0,365,365,286,323,500,1280,80,77569280,477168,477168,0
2908475,mnist-rotations,work,backprop,0,0.0030,5,0,2,365,365,286,323,500,1280,80,77569280,477168,477168,0
2908475,mnist-rotations,work,backprop,0,0.0030,5,1,2,-1,-1,340,-1,500,1344,84,81447744,477168,477168,0
2908475,mnist-rotations,work,backprop,0,0.0030,5,2,2,395,378,351,301,500,1536,96,93083136,477168,477168,0
2908475,mnist-rotations,work,backprop,0,0.0030,6,0,1,395,378,351,301,500,1536,96,93083136,477168,477168,0
2908475,mnist-rotations,work,backprop,0,0.0030,6,1,1,-1,380,-1,-1,500,1600,100,96961600,477168,477168,0
2908475,mnist-rotations,work,backprop,0,0.0030,6,2,1,390,379,319,301,500,1792,112,108596992,477168,477168,0
2908475,mnist-rotations,work,backprop,0,0.0030,7,0,3,390,379,319,301,500,1792,112,108596992,477168,477168,0
2908475,mnist-rotations,work,backprop,0,0.0030,7,1,3,-1,-1,-1,316,500,1856,116,112475456,477168,477168,0
2908475,mnist-rotations,work,backprop,0,0.0030,7,2,3,390,414,324,386,500,2048,128,124110848,477168,477168,0
2908475,mnist-rotations,work,backprop,0,0.0030,8,0,2,390,414,324,386,500,2048,128,124110848,477168,477168,0
2908475,mnist-rotations,work,backprop,0,0.0030,8,1,2,-1,-1,337,-1,500,2112,132,127989312,477168,477168,0
2908475,mnist-rotations,work,backprop,0,0.0030,8,2,2,392,371,347,314,500,2304,144,139624704,477168,477168,0
2908475,mnist-rotations,work,backprop,0,0.0030,9,0,0,392,371,347,314,500,2304,144,139624704,477168,477168,0
2908475,mnist-rotations,work,backprop,0,0.0030,9,1,0,376,-1,-1,-1,500,2368,148,143503168,477168,477168,0
2908475,mnist-rotations,work,backprop,0,0.0030,9,2,0,408,393,359,341,500,2560,160,155138560,477168,477168,0
2908475,mnist-rotations,work,backprop,0,0.0030,10,0,3,408,393,359,341,500,2560,160,155138560,477168,477168,0
2908475,mnist-rotations,work,backprop,0,0.0030,10,1,3,-1,-1,-1,347,500,2624,164,159017024,477168,477168,0
2908475,mnist-rotations,work,backprop,0,0.0030,10,2,3,402,396,336,356,500,2816,176,170652416,477168,477168,0
2908475,mnist-rotations,work,backprop,0,0.0030,11,0,1,402,396,336,356,500,2816,176,170652416,477168,477168,0
2908475,mnist-rotations,work,backprop,0,0.0030,11,1,1,-1,404,-1,-1,500,2880,180,174530880,477168,477168,0
2908475,mnist-rotations,work,backprop,0,0.0030,11,2,1,419,426,365,388,500,3072,192,186166272,477168,477168,0
2908475,mnist-rotations,memory,jayce,30,0.1000,0,0,0,50,50,50,50,500,0,0,0,40,470440,0
2908475,mnist-rotations,memory,jayce,30,0.1000,0,1,0,409,-1,-1,-1,500,256,16,158548,392040,470440,250
2908475,mnist-rotations,memory,jayce,30,0.1000,0,2,0,433,405,393,279,500,1024,64,13277592,470440,470440,300
2908475,mnist-rotations,memory,jayce,30,0.1000,1,0,1,433,405,393,279,500,1024,64,13277592,470440,470440,300
2908475,mnist-rotations,memory,jayce,30,0.1000,1,1,1,-1,418,-1,-1,500,1280,80,17951640,470440,470440,300
2908475,mnist-rotations,memory,jayce,30,0.1000,1,2,1,433,430,382,397,500,2048,128,31973784,470440,470440,300
2908475,mnist-rotations,memory,jayce,30,0.1000,2,0,2,433,430,382,397,500,2048,128,31973784,470440,470440,300
2908475,mnist-rotations,memory,jayce,30,0.1000,2,1,2,-1,-1,408,-1,500,2304,144,36647832,470440,470440,300
2908475,mnist-rotations,memory,jayce,30,0.1000,2,2,2,443,417,428,369,500,3072,192,50669976,470440,470440,300
2908475,mnist-rotations,memory,jayce,30,0.1000,3,0,3,443,417,428,369,500,3072,192,50669976,470440,470440,300
2908475,mnist-rotations,memory,jayce,30,0.1000,3,1,3,-1,-1,-1,394,500,3328,208,55344024,470440,470440,300
2908475,mnist-rotations,memory,jayce,30,0.1000,3,2,3,430,428,403,423,500,4096,256,69366168,470440,470440,300
2908475,mnist-rotations,memory,jayce,30,0.1000,4,0,0,430,428,403,423,500,4096,256,69366168,470440,470440,300
2908475,mnist-rotations,memory,jayce,30,0.1000,4,1,0,436,-1,-1,-1,500,4352,272,74040216,470440,470440,300
2908475,mnist-rotations,memory,jayce,30,0.1000,4,2,0,443,438,413,408,500,5120,320,88062360,470440,470440,300
2908475,mnist-rotations,memory,jayce,30,0.1000,5,0,2,443,438,413,408,500,5120,320,88062360,470440,470440,300
2908475,mnist-rotations,memory,jayce,30,0.1000,5,1,2,-1,-1,413,-1,500,5376,336,92736408,470440,470440,300
2908475,mnist-rotations,memory,jayce,30,0.1000,5,2,2,441,432,431,397,500,6144,384,106758552,470440,470440,300
2908475,mnist-rotations,memory,jayce,30,0.1000,6,0,1,441,432,431,397,500,6144,384,106758552,470440,470440,300
2908475,mnist-rotations,memory,jayce,30,0.1000,6,1,1,-1,443,-1,-1,500,6400,400,111432600,470440,470440,300
2908475,mnist-rotations,memory,jayce,30,0.1000,6,2,1,451,446,420,421,500,7168,448,125454744,470440,470440,300
2908475,mnist-rotations,memory,jayce,30,0.1000,7,0,3,451,446,420,421,500,7168,448,125454744,470440,470440,300
2908475,mnist-rotations,memory,jayce,30,0.1000,7,1,3,-1,-1,-1,422,500,7424,464,130128792,470440,470440,300
2908475,mnist-rotations,memory,jayce,30,0.1000,7,2,3,444,442,409,437,500,8192,512,144150936,470440,470440,300
2908475,mnist-rotations,memory,jayce,30,0.1000,8,0,2,444,442,409,437,500,8192,512,144150936,470440,470440,300
2908475,mnist-rotations,memory,jayce,30,0.1000,8,1,2,-1,-1,426,-1,500,8448,528,148824984,470440,470440,300
2908475,mnist-rotations,memory,jayce,30,0.1000,8,2,2,436,437,436,426,500,9216,576,162847128,470440,470440,300
2908475,mnist-rotations,memory,jayce,30,0.1000,9,0,0,436,437,436,426,500,9216,576,162847128,470440,470440,300
2908475,mnist-rotations,memory,jayce,30,0.1000,9,1,0,440,-1,-1,-1,500,9472,592,167521176,470440,470440,300
2908475,mnist-rotations,memory,jayce,30,0.1000,9,2,0,447,440,430,424,500,10240,640,181543320,470440,470440,300
2908475,mnist-rotations,memory,jayce,30,0.1000,10,0,3,447,440,430,424,500,10240,640,181543320,470440,470440,300
2908475,mnist-rotations,memory,jayce,30,0.1000,10,1,3,-1,-1,-1,427,500,10496,656,186217368,470440,470440,300
2908475,mnist-rotations,memory,jayce,30,0.1000,10,2,3,442,443,427,442,500,11264,704,200239512,470440,470440,300
2908475,mnist-rotations,memory,jayce,30,0.1000,11,0,1,442,443,427,442,500,11264,704,200239512,470440,470440,300
2908475,mnist-rotations,memory,jayce,30,0.1000,11,1,1,-1,450,-1,-1,500,11520,720,204913560,470440,470440,300
2908475,mnist-rotations,memory,jayce,30,0.1000,11,2,1,451,449,421,430,500,12288,768,218935704,470440,470440,300
2908475,mnist-rotations,memory,backprop,0,0.0030,0,0,0,49,50,45,40,500,0,0,0,477168,477168,0
2908475,mnist-rotations,memory,backprop,0,0.0030,0,1,0,242,-1,-1,-1,500,256,16,15513856,477168,477168,0
2908475,mnist-rotations,memory,backprop,0,0.0030,0,2,0,365,329,305,197,500,1024,64,62055424,477168,477168,0
2908475,mnist-rotations,memory,backprop,0,0.0030,1,0,1,365,329,305,197,500,1024,64,62055424,477168,477168,0
2908475,mnist-rotations,memory,backprop,0,0.0030,1,1,1,-1,376,-1,-1,500,1280,80,77569280,477168,477168,0
2908475,mnist-rotations,memory,backprop,0,0.0030,1,2,1,411,416,321,352,500,2048,128,124110848,477168,477168,0
2908475,mnist-rotations,memory,backprop,0,0.0030,2,0,2,411,416,321,352,500,2048,128,124110848,477168,477168,0
2908475,mnist-rotations,memory,backprop,0,0.0030,2,1,2,-1,-1,343,-1,500,2304,144,139624704,477168,477168,0
2908475,mnist-rotations,memory,backprop,0,0.0030,2,2,2,420,378,409,268,500,3072,192,186166272,477168,477168,0
2908475,mnist-rotations,memory,backprop,0,0.0030,3,0,3,420,378,409,268,500,3072,192,186166272,477168,477168,0
2908475,mnist-rotations,memory,backprop,0,0.0030,3,1,3,-1,-1,-1,298,500,3328,208,201680128,477168,477168,0
2908475,mnist-rotations,memory,backprop,0,0.0030,3,2,3,377,396,294,386,500,4096,256,248221696,477168,477168,0
2908475,mnist-rotations,memory,backprop,0,0.0030,4,0,0,377,396,294,386,500,4096,256,248221696,477168,477168,0
2908475,mnist-rotations,memory,backprop,0,0.0030,4,1,0,411,-1,-1,-1,500,4352,272,263735552,477168,477168,0
2908475,mnist-rotations,memory,backprop,0,0.0030,4,2,0,430,429,370,387,500,5120,320,310277120,477168,477168,0
2908475,mnist-rotations,memory,backprop,0,0.0030,5,0,2,430,429,370,387,500,5120,320,310277120,477168,477168,0
2908475,mnist-rotations,memory,backprop,0,0.0030,5,1,2,-1,-1,389,-1,500,5376,336,325790976,477168,477168,0
2908475,mnist-rotations,memory,backprop,0,0.0030,5,2,2,433,399,420,325,500,6144,384,372332544,477168,477168,0
2908475,mnist-rotations,memory,backprop,0,0.0030,6,0,1,433,399,420,325,500,6144,384,372332544,477168,477168,0
2908475,mnist-rotations,memory,backprop,0,0.0030,6,1,1,-1,383,-1,-1,500,6400,400,387846400,477168,477168,0
2908475,mnist-rotations,memory,backprop,0,0.0030,6,2,1,432,440,379,390,500,7168,448,434387968,477168,477168,0
2908475,mnist-rotations,memory,backprop,0,0.0030,7,0,3,432,440,379,390,500,7168,448,434387968,477168,477168,0
2908475,mnist-rotations,memory,backprop,0,0.0030,7,1,3,-1,-1,-1,378,500,7424,464,449901824,477168,477168,0
2908475,mnist-rotations,memory,backprop,0,0.0030,7,2,3,389,427,316,423,500,8192,512,496443392,477168,477168,0
2908475,mnist-rotations,memory,backprop,0,0.0030,8,0,2,389,427,316,423,500,8192,512,496443392,477168,477168,0
2908475,mnist-rotations,memory,backprop,0,0.0030,8,1,2,-1,-1,370,-1,500,8448,528,511957248,477168,477168,0
2908475,mnist-rotations,memory,backprop,0,0.0030,8,2,2,422,390,406,332,500,9216,576,558498816,477168,477168,0
2908475,mnist-rotations,memory,backprop,0,0.0030,9,0,0,422,390,406,332,500,9216,576,558498816,477168,477168,0
2908475,mnist-rotations,memory,backprop,0,0.0030,9,1,0,422,-1,-1,-1,500,9472,592,574012672,477168,477168,0
2908475,mnist-rotations,memory,backprop,0,0.0030,9,2,0,437,424,413,358,500,10240,640,620554240,477168,477168,0
2908475,mnist-rotations,memory,backprop,0,0.0030,10,0,3,437,424,413,358,500,10240,640,620554240,477168,477168,0
2908475,mnist-rotations,memory,backprop,0,0.0030,10,1,3,-1,-1,-1,383,500,10496,656,636068096,477168,477168,0
2908475,mnist-rotations,memory,backprop,0,0.0030,10,2,3,410,425,349,421,500,11264,704,682609664,477168,477168,0
2908475,mnist-rotations,memory,backprop,0,0.0030,11,0,1,410,425,349,421,500,11264,704,682609664,477168,477168,0
2908475,mnist-rotations,memory,backprop,0,0.0030,11,1,1,-1,431,-1,-1,500,11520,720,698123520,477168,477168,0
2908475,mnist-rotations,memory,backprop,0,0.0030,11,2,1,421,445,370,437,500,12288,768,744665088,477168,477168,0
3013204,mnist-rotations,examples,jayce,48,0.1000,0,0,0,50,50,50,50,500,0,0,0,40,752680,0
3013204,mnist-rotations,examples,jayce,48,0.1000,0,1,0,415,-1,-1,-1,500,256,16,50176,401448,752680,256
3013204,mnist-rotations,examples,jayce,48,0.1000,0,2,0,442,415,391,303,500,1024,64,15793920,752680,752680,480
3013204,mnist-rotations,examples,jayce,48,0.1000,1,0,1,442,415,391,303,500,1024,64,15793920,752680,752680,480
3013204,mnist-rotations,examples,jayce,48,0.1000,1,1,1,-1,409,-1,-1,500,1280,80,23182080,752680,752680,480
3013204,mnist-rotations,examples,jayce,48,0.1000,1,2,1,442,431,378,398,500,2048,128,45346560,752680,752680,480
3013204,mnist-rotations,examples,jayce,48,0.1000,2,0,2,442,431,378,398,500,2048,128,45346560,752680,752680,480
3013204,mnist-rotations,examples,jayce,48,0.1000,2,1,2,-1,-1,407,-1,500,2304,144,52734720,752680,752680,480
3013204,mnist-rotations,examples,jayce,48,0.1000,2,2,2,447,432,424,389,500,3072,192,74899200,752680,752680,480
3013204,mnist-rotations,examples,jayce,48,0.1000,3,0,3,447,432,424,389,500,3072,192,74899200,752680,752680,480
3013204,mnist-rotations,examples,jayce,48,0.1000,3,1,3,-1,-1,-1,417,500,3328,208,82287360,752680,752680,480
3013204,mnist-rotations,examples,jayce,48,0.1000,3,2,3,436,417,422,430,500,4096,256,104451840,752680,752680,480
3013204,mnist-rotations,examples,jayce,48,0.1000,4,0,0,436,417,422,430,500,4096,256,104451840,752680,752680,480
3013204,mnist-rotations,examples,jayce,48,0.1000,4,1,0,441,-1,-1,-1,500,4352,272,111840000,752680,752680,480
3013204,mnist-rotations,examples,jayce,48,0.1000,4,2,0,449,420,414,420,500,5120,320,134004480,752680,752680,480
3013204,mnist-rotations,examples,jayce,48,0.1000,5,0,2,449,420,414,420,500,5120,320,134004480,752680,752680,480
3013204,mnist-rotations,examples,jayce,48,0.1000,5,1,2,-1,-1,421,-1,500,5376,336,141392640,752680,752680,480
3013204,mnist-rotations,examples,jayce,48,0.1000,5,2,2,446,417,426,411,500,6144,384,163557120,752680,752680,480
3013204,mnist-rotations,examples,jayce,48,0.1000,6,0,1,446,417,426,411,500,6144,384,163557120,752680,752680,480
3013204,mnist-rotations,examples,jayce,48,0.1000,6,1,1,-1,424,-1,-1,500,6400,400,170945280,752680,752680,480
3013204,mnist-rotations,examples,jayce,48,0.1000,6,2,1,455,437,417,418,500,7168,448,193109760,752680,752680,480
3013204,mnist-rotations,examples,jayce,48,0.1000,7,0,3,455,437,417,418,500,7168,448,193109760,752680,752680,480
3013204,mnist-rotations,examples,jayce,48,0.1000,7,1,3,-1,-1,-1,426,500,7424,464,200497920,752680,752680,480
3013204,mnist-rotations,examples,jayce,48,0.1000,7,2,3,457,436,413,435,500,8192,512,222662400,752680,752680,480
3013204,mnist-rotations,examples,jayce,48,0.1000,8,0,2,457,436,413,435,500,8192,512,222662400,752680,752680,480
3013204,mnist-rotations,examples,jayce,48,0.1000,8,1,2,-1,-1,423,-1,500,8448,528,230050560,752680,752680,480
3013204,mnist-rotations,examples,jayce,48,0.1000,8,2,2,451,428,432,427,500,9216,576,252215040,752680,752680,480
3013204,mnist-rotations,examples,jayce,48,0.1000,9,0,0,451,428,432,427,500,9216,576,252215040,752680,752680,480
3013204,mnist-rotations,examples,jayce,48,0.1000,9,1,0,456,-1,-1,-1,500,9472,592,259603200,752680,752680,480
3013204,mnist-rotations,examples,jayce,48,0.1000,9,2,0,456,436,431,428,500,10240,640,281767680,752680,752680,480
3013204,mnist-rotations,examples,jayce,48,0.1000,10,0,3,456,436,431,428,500,10240,640,281767680,752680,752680,480
3013204,mnist-rotations,examples,jayce,48,0.1000,10,1,3,-1,-1,-1,428,500,10496,656,289155840,752680,752680,480
3013204,mnist-rotations,examples,jayce,48,0.1000,10,2,3,453,440,422,437,500,11264,704,311320320,752680,752680,480
3013204,mnist-rotations,examples,jayce,48,0.1000,11,0,1,453,440,422,437,500,11264,704,311320320,752680,752680,480
3013204,mnist-rotations,examples,jayce,48,0.1000,11,1,1,-1,436,-1,-1,500,11520,720,318708480,752680,752680,480
3013204,mnist-rotations,examples,jayce,48,0.1000,11,2,1,460,447,421,435,500,12288,768,340872960,752680,752680,480
3013204,mnist-rotations,examples,backprop,0,0.0030,0,0,0,44,36,55,31,500,0,0,0,477168,477168,0
3013204,mnist-rotations,examples,backprop,0,0.0030,0,1,0,260,-1,-1,-1,500,256,16,15513856,477168,477168,0
3013204,mnist-rotations,examples,backprop,0,0.0030,0,2,0,373,336,300,225,500,1024,64,62055424,477168,477168,0
3013204,mnist-rotations,examples,backprop,0,0.0030,1,0,1,373,336,300,225,500,1024,64,62055424,477168,477168,0
3013204,mnist-rotations,examples,backprop,0,0.0030,1,1,1,-1,374,-1,-1,500,1280,80,77569280,477168,477168,0
3013204,mnist-rotations,examples,backprop,0,0.0030,1,2,1,388,396,287,333,500,2048,128,124110848,477168,477168,0
3013204,mnist-rotations,examples,backprop,0,0.0030,2,0,2,388,396,287,333,500,2048,128,124110848,477168,477168,0
3013204,mnist-rotations,examples,backprop,0,0.0030,2,1,2,-1,-1,356,-1,500,2304,144,139624704,477168,477168,0
3013204,mnist-rotations,examples,backprop,0,0.0030,2,2,2,424,369,406,258,500,3072,192,186166272,477168,477168,0
3013204,mnist-rotations,examples,backprop,0,0.0030,3,0,3,424,369,406,258,500,3072,192,186166272,477168,477168,0
3013204,mnist-rotations,examples,backprop,0,0.0030,3,1,3,-1,-1,-1,300,500,3328,208,201680128,477168,477168,0
3013204,mnist-rotations,examples,backprop,0,0.0030,3,2,3,385,396,318,393,500,4096,256,248221696,477168,477168,0
3013204,mnist-rotations,examples,backprop,0,0.0030,4,0,0,385,396,318,393,500,4096,256,248221696,477168,477168,0
3013204,mnist-rotations,examples,backprop,0,0.0030,4,1,0,405,-1,-1,-1,500,4352,272,263735552,477168,477168,0
3013204,mnist-rotations,examples,backprop,0,0.0030,4,2,0,419,424,369,377,500,5120,320,310277120,477168,477168,0
3013204,mnist-rotations,examples,backprop,0,0.0030,5,0,2,419,424,369,377,500,5120,320,310277120,477168,477168,0
3013204,mnist-rotations,examples,backprop,0,0.0030,5,1,2,-1,-1,376,-1,500,5376,336,325790976,477168,477168,0
3013204,mnist-rotations,examples,backprop,0,0.0030,5,2,2,408,371,389,297,500,6144,384,372332544,477168,477168,0
3013204,mnist-rotations,examples,backprop,0,0.0030,6,0,1,408,371,389,297,500,6144,384,372332544,477168,477168,0
3013204,mnist-rotations,examples,backprop,0,0.0030,6,1,1,-1,373,-1,-1,500,6400,400,387846400,477168,477168,0
3013204,mnist-rotations,examples,backprop,0,0.0030,6,2,1,429,423,405,360,500,7168,448,434387968,477168,477168,0
3013204,mnist-rotations,examples,backprop,0,0.0030,7,0,3,429,423,405,360,500,7168,448,434387968,477168,477168,0
3013204,mnist-rotations,examples,backprop,0,0.0030,7,1,3,-1,-1,-1,366,500,7424,464,449901824,477168,477168,0
3013204,mnist-rotations,examples,backprop,0,0.0030,7,2,3,396,432,333,423,500,8192,512,496443392,477168,477168,0
3013204,mnist-rotations,examples,backprop,0,0.0030,8,0,2,396,432,333,423,500,8192,512,496443392,477168,477168,0
3013204,mnist-rotations,examples,backprop,0,0.0030,8,1,2,-1,-1,362,-1,500,8448,528,511957248,477168,477168,0
3013204,mnist-rotations,examples,backprop,0,0.0030,8,2,2,403,380,385,340,500,9216,576,558498816,477168,477168,0
3013204,mnist-rotations,examples,backprop,0,0.0030,9,0,0,403,380,385,340,500,9216,576,558498816,477168,477168,0
3013204,mnist-rotations,examples,backprop,0,0.0030,9,1,0,424,-1,-1,-1,500,9472,592,574012672,477168,477168,0
3013204,mnist-rotations,examples,backprop,0,0.0030,9,2,0,426,412,398,340,500,10240,640,620554240,477168,477168,0
3013204,mnist-rotations,examples,backprop,0,0.0030,10,0,3,426,412,398,340,500,10240,640,620554240,477168,477168,0
3013204,mnist-rotations,examples,backprop,0,0.0030,10,1,3,-1,-1,-1,394,500,10496,656,636068096,477168,477168,0
3013204,mnist-rotations,examples,backprop,0,0.0030,10,2,3,414,435,360,429,500,11264,704,682609664,477168,477168,0
3013204,mnist-rotations,examples,backprop,0,0.0030,11,0,1,414,435,360,429,500,11264,704,682609664,477168,477168,0
3013204,mnist-rotations,examples,backprop,0,0.0030,11,1,1,-1,430,-1,-1,500,11520,720,698123520,477168,477168,0
3013204,mnist-rotations,examples,backprop,0,0.0030,11,2,1,410,432,345,425,500,12288,768,744665088,477168,477168,0
3013204,mnist-rotations,work,jayce,24,0.1000,0,0,0,50,50,50,50,500,0,0,0,40,376360,0
3013204,mnist-rotations,work,jayce,24,0.1000,0,1,0,432,-1,-1,-1,500,496,31,3816384,376360,376360,240
3013204,mnist-rotations,work,jayce,24,0.1000,0,2,0,444,409,400,282,500,1312,82,15831168,376360,376360,240
3013204,mnist-rotations,work,jayce,24,0.1000,1,0,1,444,409,400,282,500,1312,82,15831168,376360,376360,240
3013204,mnist-rotations,work,jayce,24,0.1000,1,1,1,-1,431,-1,-1,500,1568,98,19600512,376360,376360,240
3013204,mnist-rotations,work,jayce,24,0.1000,1,2,1,437,448,385,402,500,2384,149,31615296,376360,376360,240
3013204,mnist-rotations,work,jayce,24,0.1000,2,0,2,437,448,385,402,500,2384,149,31615296,376360,376360,240
3013204,mnist-rotations,work,jayce,24,0.1000,2,1,2,-1,-1,404,-1,500,2640,165,35384640,376360,376360,240
3013204,mnist-rotations,work,jayce,24,0.1000,2,2,2,434,433,437,369,500,3456,216,47399424,376360,376360,240
3013204,mnist-rotations,work,jayce,24,0.1000,3,0,3,434,433,437,369,500,3456,216,47399424,376360,376360,240
3013204,mnist-rotations,work,jayce,24,0.1000,3,1,3,-1,-1,-1,408,500,3712,232,51168768,376360,376360,240
3013204,mnist-rotations,work,jayce,24,0.1000,3,2,3,425,421,428,422,500,4528,283,63183552,376360,376360,240
3013204,mnist-rotations,work,jayce,24,0.1000,4,0,0,425,421,428,422,500,4528,283,63183552,376360,376360,240
3013204,mnist-rotations,work,jayce,24,0.1000,4,1,0,431,-1,-1,-1,500,4784,299,66952896,376360,376360,240
3013204,mnist-rotations,work,jayce,24,0.1000,4,2,0,440,424,423,416,500,5600,350,78967680,376360,376360,240
3013204,mnist-rotations,work,jayce,24,0.1000,5,0,2,440,424,423,416,500,5600,350,78967680,376360,376360,240
3013204,mnist-rotations,work,jayce,24,0.1000,5,1,2,-1,-1,430,-1,500,5856,366,82737024,376360,376360,240
3013204,mnist-rotations,work,jayce,24,0.1000,5,2,2,441,423,428,404,500,6672,417,94751808,376360,376360,240
3013204,mnist-rotations,work,jayce,24,0.1000,6,0,1,441,423,428,404,500,6672,417,94751808,376360,376360,240
3013204,mnist-rotations,work,jayce,24,0.1000,6,1,1,-1,435,-1,-1,500,6928,433,98521152,376360,376360,240
3013204,mnist-rotations,work,jayce,24,0.1000,6,2,1,447,445,420,421,500,7744,484,110535936,376360,376360,240
3013204,mnist-rotations,work,jayce,24,0.1000,7,0,3,447,445,420,421,500,7744,484,110535936,376360,376360,240
3013204,mnist-rotations,work,jayce,24,0.1000,7,1,3,-1,-1,-1,419,500,8000,500,114305280,376360,376360,240
3013204,mnist-rotations,work,jayce,24,0.1000,7,2,3,433,435,416,444,500,8816,551,126320064,376360,376360,240
3013204,mnist-rotations,work,jayce,24,0.1000,8,0,2,433,435,416,444,500,8816,551,126320064,376360,376360,240
3013204,mnist-rotations,work,jayce,24,0.1000,8,1,2,-1,-1,418,-1,500,9072,567,130089408,376360,376360,240
3013204,mnist-rotations,work,jayce,24,0.1000,8,2,2,438,420,433,431,500,9888,618,142104192,376360,376360,240
3013204,mnist-rotations,work,jayce,24,0.1000,9,0,0,438,420,433,431,500,9888,618,142104192,376360,376360,240
3013204,mnist-rotations,work,jayce,24,0.1000,9,1,0,440,-1,-1,-1,500,10144,634,145873536,376360,376360,240
3013204,mnist-rotations,work,jayce,24,0.1000,9,2,0,451,440,432,422,500,10960,685,157888320,376360,376360,240
3013204,mnist-rotations,work,jayce,24,0.1000,10,0,3,451,440,432,422,500,10960,685,157888320,376360,376360,240
3013204,mnist-rotations,work,jayce,24,0.1000,10,1,3,-1,-1,-1,427,500,11216,701,161657664,376360,376360,240
3013204,mnist-rotations,work,jayce,24,0.1000,10,2,3,448,431,430,435,500,12032,752,173672448,376360,376360,240
3013204,mnist-rotations,work,jayce,24,0.1000,11,0,1,448,431,430,435,500,12032,752,173672448,376360,376360,240
3013204,mnist-rotations,work,jayce,24,0.1000,11,1,1,-1,436,-1,-1,500,12288,768,177441792,376360,376360,240
3013204,mnist-rotations,work,jayce,24,0.1000,11,2,1,444,445,409,436,500,13104,819,189456576,376360,376360,240
3013204,mnist-rotations,work,backprop,0,0.0030,0,0,0,44,36,55,31,500,0,0,0,477168,477168,0
3013204,mnist-rotations,work,backprop,0,0.0030,0,1,0,107,-1,-1,-1,500,64,4,3878464,477168,477168,0
3013204,mnist-rotations,work,backprop,0,0.0030,0,2,0,260,189,259,138,500,256,16,15513856,477168,477168,0
3013204,mnist-rotations,work,backprop,0,0.0030,1,0,1,260,189,259,138,500,256,16,15513856,477168,477168,0
3013204,mnist-rotations,work,backprop,0,0.0030,1,1,1,-1,210,-1,-1,500,320,20,19392320,477168,477168,0
3013204,mnist-rotations,work,backprop,0,0.0030,1,2,1,294,265,250,195,500,512,32,31027712,477168,477168,0
3013204,mnist-rotations,work,backprop,0,0.0030,2,0,2,294,265,250,195,500,512,32,31027712,477168,477168,0
3013204,mnist-rotations,work,backprop,0,0.0030,2,1,2,-1,-1,305,-1,500,576,36,34906176,477168,477168,0
3013204,mnist-rotations,work,backprop,0,0.0030,2,2,2,348,314,333,236,500,768,48,46541568,477168,477168,0
3013204,mnist-rotations,work,backprop,0,0.0030,3,0,3,348,314,333,236,500,768,48,46541568,477168,477168,0
3013204,mnist-rotations,work,backprop,0,0.0030,3,1,3,-1,-1,-1,248,500,832,52,50420032,477168,477168,0
3013204,mnist-rotations,work,backprop,0,0.0030,3,2,3,380,361,322,303,500,1024,64,62055424,477168,477168,0
3013204,mnist-rotations,work,backprop,0,0.0030,4,0,0,380,361,322,303,500,1024,64,62055424,477168,477168,0
3013204,mnist-rotations,work,backprop,0,0.0030,4,1,0,351,-1,-1,-1,500,1088,68,65933888,477168,477168,0
3013204,mnist-rotations,work,backprop,0,0.0030,4,2,0,378,374,323,336,500,1280,80,77569280,477168,477168,0
3013204,mnist-rotations,work,backprop,0,0.0030,5,0,2,378,374,323,336,500,1280,80,77569280,477168,477168,0
3013204,mnist-rotations,work,backprop,0,0.0030,5,1,2,-1,-1,316,-1,500,1344,84,81447744,477168,477168,0
3013204,mnist-rotations,work,backprop,0,0.0030,5,2,2,363,359,317,312,500,1536,96,93083136,477168,477168,0
3013204,mnist-rotations,work,backprop,0,0.0030,6,0,1,363,359,317,312,500,1536,96,93083136,477168,477168,0
3013204,mnist-rotations,work,backprop,0,0.0030,6,1,1,-1,355,-1,-1,500,1600,100,96961600,477168,477168,0
3013204,mnist-rotations,work,backprop,0,0.0030,6,2,1,366,346,331,287,500,1792,112,108596992,477168,477168,0
3013204,mnist-rotations,work,backprop,0,0.0030,7,0,3,366,346,331,287,500,1792,112,108596992,477168,477168,0
3013204,mnist-rotations,work,backprop,0,0.0030,7,1,3,-1,-1,-1,332,500,1856,116,112475456,477168,477168,0
3013204,mnist-rotations,work,backprop,0,0.0030,7,2,3,371,360,311,334,500,2048,128,124110848,477168,477168,0
3013204,mnist-rotations,work,backprop,0,0.0030,8,0,2,371,360,311,334,500,2048,128,124110848,477168,477168,0
3013204,mnist-rotations,work,backprop,0,0.0030,8,1,2,-1,-1,352,-1,500,2112,132,127989312,477168,477168,0
3013204,mnist-rotations,work,backprop,0,0.0030,8,2,2,373,359,336,320,500,2304,144,139624704,477168,477168,0
3013204,mnist-rotations,work,backprop,0,0.0030,9,0,0,373,359,336,320,500,2304,144,139624704,477168,477168,0
3013204,mnist-rotations,work,backprop,0,0.0030,9,1,0,366,-1,-1,-1,500,2368,148,143503168,477168,477168,0
3013204,mnist-rotations,work,backprop,0,0.0030,9,2,0,404,390,370,344,500,2560,160,155138560,477168,477168,0
3013204,mnist-rotations,work,backprop,0,0.0030,10,0,3,404,390,370,344,500,2560,160,155138560,477168,477168,0
3013204,mnist-rotations,work,backprop,0,0.0030,10,1,3,-1,-1,-1,362,500,2624,164,159017024,477168,477168,0
3013204,mnist-rotations,work,backprop,0,0.0030,10,2,3,397,401,360,370,500,2816,176,170652416,477168,477168,0
3013204,mnist-rotations,work,backprop,0,0.0030,11,0,1,397,401,360,370,500,2816,176,170652416,477168,477168,0
3013204,mnist-rotations,work,backprop,0,0.0030,11,1,1,-1,405,-1,-1,500,2880,180,174530880,477168,477168,0
3013204,mnist-rotations,work,backprop,0,0.0030,11,2,1,402,403,367,362,500,3072,192,186166272,477168,477168,0
3013204,mnist-rotations,memory,jayce,30,0.1000,0,0,0,50,50,50,50,500,0,0,0,40,470440,0
3013204,mnist-rotations,memory,jayce,30,0.1000,0,1,0,415,-1,-1,-1,500,256,16,140486,393608,470440,251
3013204,mnist-rotations,memory,jayce,30,0.1000,0,2,0,439,416,393,293,500,1024,64,13277592,470440,470440,300
3013204,mnist-rotations,memory,jayce,30,0.1000,1,0,1,439,416,393,293,500,1024,64,13277592,470440,470440,300
3013204,mnist-rotations,memory,jayce,30,0.1000,1,1,1,-1,419,-1,-1,500,1280,80,17951640,470440,470440,300
3013204,mnist-rotations,memory,jayce,30,0.1000,1,2,1,439,443,372,393,500,2048,128,31973784,470440,470440,300
3013204,mnist-rotations,memory,jayce,30,0.1000,2,0,2,439,443,372,393,500,2048,128,31973784,470440,470440,300
3013204,mnist-rotations,memory,jayce,30,0.1000,2,1,2,-1,-1,424,-1,500,2304,144,36647832,470440,470440,300
3013204,mnist-rotations,memory,jayce,30,0.1000,2,2,2,443,423,423,379,500,3072,192,50669976,470440,470440,300
3013204,mnist-rotations,memory,jayce,30,0.1000,3,0,3,443,423,423,379,500,3072,192,50669976,470440,470440,300
3013204,mnist-rotations,memory,jayce,30,0.1000,3,1,3,-1,-1,-1,407,500,3328,208,55344024,470440,470440,300
3013204,mnist-rotations,memory,jayce,30,0.1000,3,2,3,435,422,419,427,500,4096,256,69366168,470440,470440,300
3013204,mnist-rotations,memory,jayce,30,0.1000,4,0,0,435,422,419,427,500,4096,256,69366168,470440,470440,300
3013204,mnist-rotations,memory,jayce,30,0.1000,4,1,0,438,-1,-1,-1,500,4352,272,74040216,470440,470440,300
3013204,mnist-rotations,memory,jayce,30,0.1000,4,2,0,448,426,415,407,500,5120,320,88062360,470440,470440,300
3013204,mnist-rotations,memory,jayce,30,0.1000,5,0,2,448,426,415,407,500,5120,320,88062360,470440,470440,300
3013204,mnist-rotations,memory,jayce,30,0.1000,5,1,2,-1,-1,427,-1,500,5376,336,92736408,470440,470440,300
3013204,mnist-rotations,memory,jayce,30,0.1000,5,2,2,439,421,438,393,500,6144,384,106758552,470440,470440,300
3013204,mnist-rotations,memory,jayce,30,0.1000,6,0,1,439,421,438,393,500,6144,384,106758552,470440,470440,300
3013204,mnist-rotations,memory,jayce,30,0.1000,6,1,1,-1,424,-1,-1,500,6400,400,111432600,470440,470440,300
3013204,mnist-rotations,memory,jayce,30,0.1000,6,2,1,449,440,426,415,500,7168,448,125454744,470440,470440,300
3013204,mnist-rotations,memory,jayce,30,0.1000,7,0,3,449,440,426,415,500,7168,448,125454744,470440,470440,300
3013204,mnist-rotations,memory,jayce,30,0.1000,7,1,3,-1,-1,-1,431,500,7424,464,130128792,470440,470440,300
3013204,mnist-rotations,memory,jayce,30,0.1000,7,2,3,431,432,417,443,500,8192,512,144150936,470440,470440,300
3013204,mnist-rotations,memory,jayce,30,0.1000,8,0,2,431,432,417,443,500,8192,512,144150936,470440,470440,300
3013204,mnist-rotations,memory,jayce,30,0.1000,8,1,2,-1,-1,425,-1,500,8448,528,148824984,470440,470440,300
3013204,mnist-rotations,memory,jayce,30,0.1000,8,2,2,433,421,440,438,500,9216,576,162847128,470440,470440,300
3013204,mnist-rotations,memory,jayce,30,0.1000,9,0,0,433,421,440,438,500,9216,576,162847128,470440,470440,300
3013204,mnist-rotations,memory,jayce,30,0.1000,9,1,0,444,-1,-1,-1,500,9472,592,167521176,470440,470440,300
3013204,mnist-rotations,memory,jayce,30,0.1000,9,2,0,452,437,436,432,500,10240,640,181543320,470440,470440,300
3013204,mnist-rotations,memory,jayce,30,0.1000,10,0,3,452,437,436,432,500,10240,640,181543320,470440,470440,300
3013204,mnist-rotations,memory,jayce,30,0.1000,10,1,3,-1,-1,-1,436,500,10496,656,186217368,470440,470440,300
3013204,mnist-rotations,memory,jayce,30,0.1000,10,2,3,450,434,432,438,500,11264,704,200239512,470440,470440,300
3013204,mnist-rotations,memory,jayce,30,0.1000,11,0,1,450,434,432,438,500,11264,704,200239512,470440,470440,300
3013204,mnist-rotations,memory,jayce,30,0.1000,11,1,1,-1,433,-1,-1,500,11520,720,204913560,470440,470440,300
3013204,mnist-rotations,memory,jayce,30,0.1000,11,2,1,448,440,427,431,500,12288,768,218935704,470440,470440,300
3013204,mnist-rotations,memory,backprop,0,0.0030,0,0,0,44,36,55,31,500,0,0,0,477168,477168,0
3013204,mnist-rotations,memory,backprop,0,0.0030,0,1,0,260,-1,-1,-1,500,256,16,15513856,477168,477168,0
3013204,mnist-rotations,memory,backprop,0,0.0030,0,2,0,373,336,300,225,500,1024,64,62055424,477168,477168,0
3013204,mnist-rotations,memory,backprop,0,0.0030,1,0,1,373,336,300,225,500,1024,64,62055424,477168,477168,0
3013204,mnist-rotations,memory,backprop,0,0.0030,1,1,1,-1,374,-1,-1,500,1280,80,77569280,477168,477168,0
3013204,mnist-rotations,memory,backprop,0,0.0030,1,2,1,388,396,287,333,500,2048,128,124110848,477168,477168,0
3013204,mnist-rotations,memory,backprop,0,0.0030,2,0,2,388,396,287,333,500,2048,128,124110848,477168,477168,0
3013204,mnist-rotations,memory,backprop,0,0.0030,2,1,2,-1,-1,356,-1,500,2304,144,139624704,477168,477168,0
3013204,mnist-rotations,memory,backprop,0,0.0030,2,2,2,424,369,406,258,500,3072,192,186166272,477168,477168,0
3013204,mnist-rotations,memory,backprop,0,0.0030,3,0,3,424,369,406,258,500,3072,192,186166272,477168,477168,0
3013204,mnist-rotations,memory,backprop,0,0.0030,3,1,3,-1,-1,-1,300,500,3328,208,201680128,477168,477168,0
3013204,mnist-rotations,memory,backprop,0,0.0030,3,2,3,385,396,318,393,500,4096,256,248221696,477168,477168,0
3013204,mnist-rotations,memory,backprop,0,0.0030,4,0,0,385,396,318,393,500,4096,256,248221696,477168,477168,0
3013204,mnist-rotations,memory,backprop,0,0.0030,4,1,0,405,-1,-1,-1,500,4352,272,263735552,477168,477168,0
3013204,mnist-rotations,memory,backprop,0,0.0030,4,2,0,419,424,369,377,500,5120,320,310277120,477168,477168,0
3013204,mnist-rotations,memory,backprop,0,0.0030,5,0,2,419,424,369,377,500,5120,320,310277120,477168,477168,0
3013204,mnist-rotations,memory,backprop,0,0.0030,5,1,2,-1,-1,376,-1,500,5376,336,325790976,477168,477168,0
3013204,mnist-rotations,memory,backprop,0,0.0030,5,2,2,408,371,389,297,500,6144,384,372332544,477168,477168,0
3013204,mnist-rotations,memory,backprop,0,0.0030,6,0,1,408,371,389,297,500,6144,384,372332544,477168,477168,0
3013204,mnist-rotations,memory,backprop,0,0.0030,6,1,1,-1,373,-1,-1,500,6400,400,387846400,477168,477168,0
3013204,mnist-rotations,memory,backprop,0,0.0030,6,2,1,429,423,405,360,500,7168,448,434387968,477168,477168,0
3013204,mnist-rotations,memory,backprop,0,0.0030,7,0,3,429,423,405,360,500,7168,448,434387968,477168,477168,0
3013204,mnist-rotations,memory,backprop,0,0.0030,7,1,3,-1,-1,-1,366,500,7424,464,449901824,477168,477168,0
3013204,mnist-rotations,memory,backprop,0,0.0030,7,2,3,396,432,333,423,500,8192,512,496443392,477168,477168,0
3013204,mnist-rotations,memory,backprop,0,0.0030,8,0,2,396,432,333,423,500,8192,512,496443392,477168,477168,0
3013204,mnist-rotations,memory,backprop,0,0.0030,8,1,2,-1,-1,362,-1,500,8448,528,511957248,477168,477168,0
3013204,mnist-rotations,memory,backprop,0,0.0030,8,2,2,403,380,385,340,500,9216,576,558498816,477168,477168,0
3013204,mnist-rotations,memory,backprop,0,0.0030,9,0,0,403,380,385,340,500,9216,576,558498816,477168,477168,0
3013204,mnist-rotations,memory,backprop,0,0.0030,9,1,0,424,-1,-1,-1,500,9472,592,574012672,477168,477168,0
3013204,mnist-rotations,memory,backprop,0,0.0030,9,2,0,426,412,398,340,500,10240,640,620554240,477168,477168,0
3013204,mnist-rotations,memory,backprop,0,0.0030,10,0,3,426,412,398,340,500,10240,640,620554240,477168,477168,0
3013204,mnist-rotations,memory,backprop,0,0.0030,10,1,3,-1,-1,-1,394,500,10496,656,636068096,477168,477168,0
3013204,mnist-rotations,memory,backprop,0,0.0030,10,2,3,414,435,360,429,500,11264,704,682609664,477168,477168,0
3013204,mnist-rotations,memory,backprop,0,0.0030,11,0,1,414,435,360,429,500,11264,704,682609664,477168,477168,0
3013204,mnist-rotations,memory,backprop,0,0.0030,11,1,1,-1,430,-1,-1,500,11520,720,698123520,477168,477168,0
3013204,mnist-rotations,memory,backprop,0,0.0030,11,2,1,410,432,345,425,500,12288,768,744665088,477168,477168,0
3117933,mnist-rotations,examples,jayce,48,0.1000,0,0,0,50,50,50,50,500,0,0,0,40,752680,0
3117933,mnist-rotations,examples,jayce,48,0.1000,0,1,0,400,-1,-1,-1,500,256,16,50176,401448,752680,256
3117933,mnist-rotations,examples,jayce,48,0.1000,0,2,0,427,402,387,277,500,1024,64,15793920,752680,752680,480
3117933,mnist-rotations,examples,jayce,48,0.1000,1,0,1,427,402,387,277,500,1024,64,15793920,752680,752680,480
3117933,mnist-rotations,examples,jayce,48,0.1000,1,1,1,-1,415,-1,-1,500,1280,80,23182080,752680,752680,480
3117933,mnist-rotations,examples,jayce,48,0.1000,1,2,1,437,425,372,409,500,2048,128,45346560,752680,752680,480
3117933,mnist-rotations,examples,jayce,48,0.1000,2,0,2,437,425,372,409,500,2048,128,45346560,752680,752680,480
3117933,mnist-rotations,examples,jayce,48,0.1000,2,1,2,-1,-1,402,-1,500,2304,144,52734720,752680,752680,480
3117933,mnist-rotations,examples,jayce,48,0.1000,2,2,2,436,417,433,381,500,3072,192,74899200,752680,752680,480
3117933,mnist-rotations,examples,jayce,48,0.1000,3,0,3,436,417,433,381,500,3072,192,74899200,752680,752680,480
3117933,mnist-rotations,examples,jayce,48,0.1000,3,1,3,-1,-1,-1,410,500,3328,208,82287360,752680,752680,480
3117933,mnist-rotations,examples,jayce,48,0.1000,3,2,3,426,414,411,427,500,4096,256,104451840,752680,752680,480
3117933,mnist-rotations,examples,jayce,48,0.1000,4,0,0,426,414,411,427,500,4096,256,104451840,752680,752680,480
3117933,mnist-rotations,examples,jayce,48,0.1000,4,1,0,428,-1,-1,-1,500,4352,272,111840000,752680,752680,480
3117933,mnist-rotations,examples,jayce,48,0.1000,4,2,0,441,435,420,415,500,5120,320,134004480,752680,752680,480
3117933,mnist-rotations,examples,jayce,48,0.1000,5,0,2,441,435,420,415,500,5120,320,134004480,752680,752680,480
3117933,mnist-rotations,examples,jayce,48,0.1000,5,1,2,-1,-1,424,-1,500,5376,336,141392640,752680,752680,480
3117933,mnist-rotations,examples,jayce,48,0.1000,5,2,2,445,427,435,408,500,6144,384,163557120,752680,752680,480
3117933,mnist-rotations,examples,jayce,48,0.1000,6,0,1,445,427,435,408,500,6144,384,163557120,752680,752680,480
3117933,mnist-rotations,examples,jayce,48,0.1000,6,1,1,-1,434,-1,-1,500,6400,400,170945280,752680,752680,480
3117933,mnist-rotations,examples,jayce,48,0.1000,6,2,1,442,436,428,407,500,7168,448,193109760,752680,752680,480
3117933,mnist-rotations,examples,jayce,48,0.1000,7,0,3,442,436,428,407,500,7168,448,193109760,752680,752680,480
3117933,mnist-rotations,examples,jayce,48,0.1000,7,1,3,-1,-1,-1,415,500,7424,464,200497920,752680,752680,480
3117933,mnist-rotations,examples,jayce,48,0.1000,7,2,3,440,433,419,423,500,8192,512,222662400,752680,752680,480
3117933,mnist-rotations,examples,jayce,48,0.1000,8,0,2,440,433,419,423,500,8192,512,222662400,752680,752680,480
3117933,mnist-rotations,examples,jayce,48,0.1000,8,1,2,-1,-1,421,-1,500,8448,528,230050560,752680,752680,480
3117933,mnist-rotations,examples,jayce,48,0.1000,8,2,2,441,431,431,424,500,9216,576,252215040,752680,752680,480
3117933,mnist-rotations,examples,jayce,48,0.1000,9,0,0,441,431,431,424,500,9216,576,252215040,752680,752680,480
3117933,mnist-rotations,examples,jayce,48,0.1000,9,1,0,441,-1,-1,-1,500,9472,592,259603200,752680,752680,480
3117933,mnist-rotations,examples,jayce,48,0.1000,9,2,0,447,436,428,402,500,10240,640,281767680,752680,752680,480
3117933,mnist-rotations,examples,jayce,48,0.1000,10,0,3,447,436,428,402,500,10240,640,281767680,752680,752680,480
3117933,mnist-rotations,examples,jayce,48,0.1000,10,1,3,-1,-1,-1,422,500,10496,656,289155840,752680,752680,480
3117933,mnist-rotations,examples,jayce,48,0.1000,10,2,3,444,433,422,438,500,11264,704,311320320,752680,752680,480
3117933,mnist-rotations,examples,jayce,48,0.1000,11,0,1,444,433,422,438,500,11264,704,311320320,752680,752680,480
3117933,mnist-rotations,examples,jayce,48,0.1000,11,1,1,-1,440,-1,-1,500,11520,720,318708480,752680,752680,480
3117933,mnist-rotations,examples,jayce,48,0.1000,11,2,1,444,439,421,429,500,12288,768,340872960,752680,752680,480
3117933,mnist-rotations,examples,backprop,0,0.0030,0,0,0,50,48,52,49,500,0,0,0,477168,477168,0
3117933,mnist-rotations,examples,backprop,0,0.0030,0,1,0,177,-1,-1,-1,500,256,16,15513856,477168,477168,0
3117933,mnist-rotations,examples,backprop,0,0.0030,0,2,0,379,335,341,233,500,1024,64,62055424,477168,477168,0
3117933,mnist-rotations,examples,backprop,0,0.0030,1,0,1,379,335,341,233,500,1024,64,62055424,477168,477168,0
3117933,mnist-rotations,examples,backprop,0,0.0030,1,1,1,-1,384,-1,-1,500,1280,80,77569280,477168,477168,0
3117933,mnist-rotations,examples,backprop,0,0.0030,1,2,1,389,415,304,363,500,2048,128,124110848,477168,477168,0
3117933,mnist-rotations,examples,backprop,0,0.0030,2,0,2,389,415,304,363,500,2048,128,124110848,477168,477168,0
3117933,mnist-rotations,examples,backprop,0,0.0030,2,1,2,-1,-1,300,-1,500,2304,144,139624704,477168,477168,0
3117933,mnist-rotations,examples,backprop,0,0.0030,2,2,2,420,349,412,252,500,3072,192,186166272,477168,477168,0
3117933,mnist-rotations,examples,backprop,0,0.0030,3,0,3,420,349,412,252,500,3072,192,186166272,477168,477168,0
3117933,mnist-rotations,examples,backprop,0,0.0030,3,1,3,-1,-1,-1,319,500,3328,208,201680128,477168,477168,0
3117933,mnist-rotations,examples,backprop,0,0.0030,3,2,3,402,433,332,411,500,4096,256,248221696,477168,477168,0
3117933,mnist-rotations,examples,backprop,0,0.0030,4,0,0,402,433,332,411,500,4096,256,248221696,477168,477168,0
3117933,mnist-rotations,examples,backprop,0,0.0030,4,1,0,403,-1,-1,-1,500,4352,272,263735552,477168,477168,0
3117933,mnist-rotations,examples,backprop,0,0.0030,4,2,0,414,393,382,342,500,5120,320,310277120,477168,477168,0
3117933,mnist-rotations,examples,backprop,0,0.0030,5,0,2,414,393,382,342,500,5120,320,310277120,477168,477168,0
3117933,mnist-rotations,examples,backprop,0,0.0030,5,1,2,-1,-1,386,-1,500,5376,336,325790976,477168,477168,0
3117933,mnist-rotations,examples,backprop,0,0.0030,5,2,2,424,391,410,318,500,6144,384,372332544,477168,477168,0
3117933,mnist-rotations,examples,backprop,0,0.0030,6,0,1,424,391,410,318,500,6144,384,372332544,477168,477168,0
3117933,mnist-rotations,examples,backprop,0,0.0030,6,1,1,-1,387,-1,-1,500,6400,400,387846400,477168,477168,0
3117933,mnist-rotations,examples,backprop,0,0.0030,6,2,1,423,426,370,371,500,7168,448,434387968,477168,477168,0
3117933,mnist-rotations,examples,backprop,0,0.0030,7,0,3,423,426,370,371,500,7168,448,434387968,477168,477168,0
3117933,mnist-rotations,examples,backprop,0,0.0030,7,1,3,-1,-1,-1,399,500,7424,464,449901824,477168,477168,0
3117933,mnist-rotations,examples,backprop,0,0.0030,7,2,3,406,430,331,429,500,8192,512,496443392,477168,477168,0
3117933,mnist-rotations,examples,backprop,0,0.0030,8,0,2,406,430,331,429,500,8192,512,496443392,477168,477168,0
3117933,mnist-rotations,examples,backprop,0,0.0030,8,1,2,-1,-1,378,-1,500,8448,528,511957248,477168,477168,0
3117933,mnist-rotations,examples,backprop,0,0.0030,8,2,2,428,406,401,362,500,9216,576,558498816,477168,477168,0
3117933,mnist-rotations,examples,backprop,0,0.0030,9,0,0,428,406,401,362,500,9216,576,558498816,477168,477168,0
3117933,mnist-rotations,examples,backprop,0,0.0030,9,1,0,432,-1,-1,-1,500,9472,592,574012672,477168,477168,0
3117933,mnist-rotations,examples,backprop,0,0.0030,9,2,0,434,415,397,351,500,10240,640,620554240,477168,477168,0
3117933,mnist-rotations,examples,backprop,0,0.0030,10,0,3,434,415,397,351,500,10240,640,620554240,477168,477168,0
3117933,mnist-rotations,examples,backprop,0,0.0030,10,1,3,-1,-1,-1,392,500,10496,656,636068096,477168,477168,0
3117933,mnist-rotations,examples,backprop,0,0.0030,10,2,3,423,431,353,414,500,11264,704,682609664,477168,477168,0
3117933,mnist-rotations,examples,backprop,0,0.0030,11,0,1,423,431,353,414,500,11264,704,682609664,477168,477168,0
3117933,mnist-rotations,examples,backprop,0,0.0030,11,1,1,-1,444,-1,-1,500,11520,720,698123520,477168,477168,0
3117933,mnist-rotations,examples,backprop,0,0.0030,11,2,1,418,435,340,424,500,12288,768,744665088,477168,477168,0
3117933,mnist-rotations,work,jayce,24,0.1000,0,0,0,50,50,50,50,500,0,0,0,40,376360,0
3117933,mnist-rotations,work,jayce,24,0.1000,0,1,0,414,-1,-1,-1,500,496,31,3816384,376360,376360,240
3117933,mnist-rotations,work,jayce,24,0.1000,0,2,0,439,400,392,271,500,1312,82,15831168,376360,376360,240
3117933,mnist-rotations,work,jayce,24,0.1000,1,0,1,439,400,392,271,500,1312,82,15831168,376360,376360,240
3117933,mnist-rotations,work,jayce,24,0.1000,1,1,1,-1,422,-1,-1,500,1568,98,19600512,376360,376360,240
3117933,mnist-rotations,work,jayce,24,0.1000,1,2,1,432,433,366,410,500,2384,149,31615296,376360,376360,240
3117933,mnist-rotations,work,jayce,24,0.1000,2,0,2,432,433,366,410,500,2384,149,31615296,376360,376360,240
3117933,mnist-rotations,work,jayce,24,0.1000,2,1,2,-1,-1,399,-1,500,2640,165,35384640,376360,376360,240
3117933,mnist-rotations,work,jayce,24,0.1000,2,2,2,436,412,433,386,500,3456,216,47399424,376360,376360,240
3117933,mnist-rotations,work,jayce,24,0.1000,3,0,3,436,412,433,386,500,3456,216,47399424,376360,376360,240
3117933,mnist-rotations,work,jayce,24,0.1000,3,1,3,-1,-1,-1,402,500,3712,232,51168768,376360,376360,240
3117933,mnist-rotations,work,jayce,24,0.1000,3,2,3,429,424,408,410,500,4528,283,63183552,376360,376360,240
3117933,mnist-rotations,work,jayce,24,0.1000,4,0,0,429,424,408,410,500,4528,283,63183552,376360,376360,240
3117933,mnist-rotations,work,jayce,24,0.1000,4,1,0,433,-1,-1,-1,500,4784,299,66952896,376360,376360,240
3117933,mnist-rotations,work,jayce,24,0.1000,4,2,0,448,430,411,405,500,5600,350,78967680,376360,376360,240
3117933,mnist-rotations,work,jayce,24,0.1000,5,0,2,448,430,411,405,500,5600,350,78967680,376360,376360,240
3117933,mnist-rotations,work,jayce,24,0.1000,5,1,2,-1,-1,424,-1,500,5856,366,82737024,376360,376360,240
3117933,mnist-rotations,work,jayce,24,0.1000,5,2,2,447,422,437,400,500,6672,417,94751808,376360,376360,240
3117933,mnist-rotations,work,jayce,24,0.1000,6,0,1,447,422,437,400,500,6672,417,94751808,376360,376360,240
3117933,mnist-rotations,work,jayce,24,0.1000,6,1,1,-1,426,-1,-1,500,6928,433,98521152,376360,376360,240
3117933,mnist-rotations,work,jayce,24,0.1000,6,2,1,443,439,419,400,500,7744,484,110535936,376360,376360,240
3117933,mnist-rotations,work,jayce,24,0.1000,7,0,3,443,439,419,400,500,7744,484,110535936,376360,376360,240
3117933,mnist-rotations,work,jayce,24,0.1000,7,1,3,-1,-1,-1,420,500,8000,500,114305280,376360,376360,240
3117933,mnist-rotations,work,jayce,24,0.1000,7,2,3,423,438,400,433,500,8816,551,126320064,376360,376360,240
3117933,mnist-rotations,work,jayce,24,0.1000,8,0,2,423,438,400,433,500,8816,551,126320064,376360,376360,240
3117933,mnist-rotations,work,jayce,24,0.1000,8,1,2,-1,-1,413,-1,500,9072,567,130089408,376360,376360,240
3117933,mnist-rotations,work,jayce,24,0.1000,8,2,2,433,437,428,428,500,9888,618,142104192,376360,376360,240
3117933,mnist-rotations,work,jayce,24,0.1000,9,0,0,433,437,428,428,500,9888,618,142104192,376360,376360,240
3117933,mnist-rotations,work,jayce,24,0.1000,9,1,0,440,-1,-1,-1,500,10144,634,145873536,376360,376360,240
3117933,mnist-rotations,work,jayce,24,0.1000,9,2,0,440,434,427,417,500,10960,685,157888320,376360,376360,240
3117933,mnist-rotations,work,jayce,24,0.1000,10,0,3,440,434,427,417,500,10960,685,157888320,376360,376360,240
3117933,mnist-rotations,work,jayce,24,0.1000,10,1,3,-1,-1,-1,422,500,11216,701,161657664,376360,376360,240
3117933,mnist-rotations,work,jayce,24,0.1000,10,2,3,433,443,425,439,500,12032,752,173672448,376360,376360,240
3117933,mnist-rotations,work,jayce,24,0.1000,11,0,1,433,443,425,439,500,12032,752,173672448,376360,376360,240
3117933,mnist-rotations,work,jayce,24,0.1000,11,1,1,-1,441,-1,-1,500,12288,768,177441792,376360,376360,240
3117933,mnist-rotations,work,jayce,24,0.1000,11,2,1,438,449,414,436,500,13104,819,189456576,376360,376360,240
3117933,mnist-rotations,work,backprop,0,0.0030,0,0,0,50,48,52,49,500,0,0,0,477168,477168,0
3117933,mnist-rotations,work,backprop,0,0.0030,0,1,0,77,-1,-1,-1,500,64,4,3878464,477168,477168,0
3117933,mnist-rotations,work,backprop,0,0.0030,0,2,0,177,141,153,96,500,256,16,15513856,477168,477168,0
3117933,mnist-rotations,work,backprop,0,0.0030,1,0,1,177,141,153,96,500,256,16,15513856,477168,477168,0
3117933,mnist-rotations,work,backprop,0,0.0030,1,1,1,-1,245,-1,-1,500,320,20,19392320,477168,477168,0
3117933,mnist-rotations,work,backprop,0,0.0030,1,2,1,289,274,232,215,500,512,32,31027712,477168,477168,0
3117933,mnist-rotations,work,backprop,0,0.0030,2,0,2,289,274,232,215,500,512,32,31027712,477168,477168,0
3117933,mnist-rotations,work,backprop,0,0.0030,2,1,2,-1,-1,265,-1,500,576,36,34906176,477168,477168,0
3117933,mnist-rotations,work,backprop,0,0.0030,2,2,2,325,312,272,252,500,768,48,46541568,477168,477168,0
3117933,mnist-rotations,work,backprop,0,0.0030,3,0,3,325,312,272,252,500,768,48,46541568,477168,477168,0
3117933,mnist-rotations,work,backprop,0,0.0030,3,1,3,-1,-1,-1,241,500,832,52,50420032,477168,477168,0
3117933,mnist-rotations,work,backprop,0,0.0030,3,2,3,378,371,341,320,500,1024,64,62055424,477168,477168,0
3117933,mnist-rotations,work,backprop,0,0.0030,4,0,0,378,371,341,320,500,1024,64,62055424,477168,477168,0
3117933,mnist-rotations,work,backprop,0,0.0030,4,1,0,371,-1,-1,-1,500,1088,68,65933888,477168,477168,0
3117933,mnist-rotations,work,backprop,0,0.0030,4,2,0,393,390,360,314,500,1280,80,77569280,477168,477168,0
3117933,mnist-rotations,work,backprop,0,0.0030,5,0,2,393,390,360,314,500,1280,80,77569280,477168,477168,0
3117933,mnist-rotations,work,backprop,0,0.0030,5,1,2,-1,-1,330,-1,500,1344,84,81447744,477168,477168,0
3117933,mnist-rotations,work,backprop,0,0.0030,5,2,2,381,360,345,294,500,1536,96,93083136,477168,477168,0
3117933,mnist-rotations,work,backprop,0,0.0030,6,0,1,381,360,345,294,500,1536,96,93083136,477168,477168,0
3117933,mnist-rotations,work,backprop,0,0.0030,6,1,1,-1,371,-1,-1,500,1600,100,96961600,477168,477168,0
3117933,mnist-rotations,work,backprop,0,0.0030,6,2,1,391,375,367,311,500,1792,112,108596992,477168,477168,0
3117933,mnist-rotations,work,backprop,0,0.0030,7,0,3,391,375,367,311,500,1792,112,108596992,477168,477168,0
3117933,mnist-rotations,work,backprop,0,0.0030,7,1,3,-1,-1,-1,329,500,1856,116,112475456,477168,477168,0
3117933,mnist-rotations,work,backprop,0,0.0030,7,2,3,385,382,328,354,500,2048,128,124110848,477168,477168,0
3117933,mnist-rotations,work,backprop,0,0.0030,8,0,2,385,382,328,354,500,2048,128,124110848,477168,477168,0
3117933,mnist-rotations,work,backprop,0,0.0030,8,1,2,-1,-1,343,-1,500,2112,132,127989312,477168,477168,0
3117933,mnist-rotations,work,backprop,0,0.0030,8,2,2,389,376,367,346,500,2304,144,139624704,477168,477168,0
3117933,mnist-rotations,work,backprop,0,0.0030,9,0,0,389,376,367,346,500,2304,144,139624704,477168,477168,0
3117933,mnist-rotations,work,backprop,0,0.0030,9,1,0,403,-1,-1,-1,500,2368,148,143503168,477168,477168,0
3117933,mnist-rotations,work,backprop,0,0.0030,9,2,0,398,388,364,345,500,2560,160,155138560,477168,477168,0
3117933,mnist-rotations,work,backprop,0,0.0030,10,0,3,398,388,364,345,500,2560,160,155138560,477168,477168,0
3117933,mnist-rotations,work,backprop,0,0.0030,10,1,3,-1,-1,-1,349,500,2624,164,159017024,477168,477168,0
3117933,mnist-rotations,work,backprop,0,0.0030,10,2,3,403,405,344,362,500,2816,176,170652416,477168,477168,0
3117933,mnist-rotations,work,backprop,0,0.0030,11,0,1,403,405,344,362,500,2816,176,170652416,477168,477168,0
3117933,mnist-rotations,work,backprop,0,0.0030,11,1,1,-1,409,-1,-1,500,2880,180,174530880,477168,477168,0
3117933,mnist-rotations,work,backprop,0,0.0030,11,2,1,411,422,343,393,500,3072,192,186166272,477168,477168,0
3117933,mnist-rotations,memory,jayce,30,0.1000,0,0,0,50,50,50,50,500,0,0,0,40,470440,0
3117933,mnist-rotations,memory,jayce,30,0.1000,0,1,0,400,-1,-1,-1,500,256,16,158548,392040,470440,250
3117933,mnist-rotations,memory,jayce,30,0.1000,0,2,0,434,400,387,277,500,1024,64,13277592,470440,470440,300
3117933,mnist-rotations,memory,jayce,30,0.1000,1,0,1,434,400,387,277,500,1024,64,13277592,470440,470440,300
3117933,mnist-rotations,memory,jayce,30,0.1000,1,1,1,-1,415,-1,-1,500,1280,80,17951640,470440,470440,300
3117933,mnist-rotations,memory,jayce,30,0.1000,1,2,1,438,436,363,409,500,2048,128,31973784,470440,470440,300
3117933,mnist-rotations,memory,jayce,30,0.1000,2,0,2,438,436,363,409,500,2048,128,31973784,470440,470440,300
3117933,mnist-rotations,memory,jayce,30,0.1000,2,1,2,-1,-1,394,-1,500,2304,144,36647832,470440,470440,300
3117933,mnist-rotations,memory,jayce,30,0.1000,2,2,2,439,420,417,388,500,3072,192,50669976,470440,470440,300
3117933,mnist-rotations,memory,jayce,30,0.1000,3,0,3,439,420,417,388,500,3072,192,50669976,470440,470440,300
3117933,mnist-rotations,memory,jayce,30,0.1000,3,1,3,-1,-1,-1,401,500,3328,208,55344024,470440,470440,300
3117933,mnist-rotations,memory,jayce,30,0.1000,3,2,3,429,421,412,418,500,4096,256,69366168,470440,470440,300
3117933,mnist-rotations,memory,jayce,30,0.1000,4,0,0,429,421,412,418,500,4096,256,69366168,470440,470440,300
3117933,mnist-rotations,memory,jayce,30,0.1000,4,1,0,436,-1,-1,-1,500,4352,272,74040216,470440,470440,300
3117933,mnist-rotations,memory,jayce,30,0.1000,4,2,0,449,437,409,419,500,5120,320,88062360,470440,470440,300
3117933,mnist-rotations,memory,jayce,30,0.1000,5,0,2,449,437,409,419,500,5120,320,88062360,470440,470440,300
3117933,mnist-rotations,memory,jayce,30,0.1000,5,1,2,-1,-1,416,-1,500,5376,336,92736408,470440,470440,300
3117933,mnist-rotations,memory,jayce,30,0.1000,5,2,2,443,430,438,409,500,6144,384,106758552,470440,470440,300
3117933,mnist-rotations,memory,jayce,30,0.1000,6,0,1,443,430,438,409,500,6144,384,106758552,470440,470440,300
3117933,mnist-rotations,memory,jayce,30,0.1000,6,1,1,-1,438,-1,-1,500,6400,400,111432600,470440,470440,300
3117933,mnist-rotations,memory,jayce,30,0.1000,6,2,1,445,442,428,418,500,7168,448,125454744,470440,470440,300
3117933,mnist-rotations,memory,jayce,30,0.1000,7,0,3,445,442,428,418,500,7168,448,125454744,470440,470440,300
3117933,mnist-rotations,memory,jayce,30,0.1000,7,1,3,-1,-1,-1,425,500,7424,464,130128792,470440,470440,300
3117933,mnist-rotations,memory,jayce,30,0.1000,7,2,3,441,437,410,425,500,8192,512,144150936,470440,470440,300
3117933,mnist-rotations,memory,jayce,30,0.1000,8,0,2,441,437,410,425,500,8192,512,144150936,470440,470440,300
3117933,mnist-rotations,memory,jayce,30,0.1000,8,1,2,-1,-1,416,-1,500,8448,528,148824984,470440,470440,300
3117933,mnist-rotations,memory,jayce,30,0.1000,8,2,2,444,425,432,421,500,9216,576,162847128,470440,470440,300
3117933,mnist-rotations,memory,jayce,30,0.1000,9,0,0,444,425,432,421,500,9216,576,162847128,470440,470440,300
3117933,mnist-rotations,memory,jayce,30,0.1000,9,1,0,449,-1,-1,-1,500,9472,592,167521176,470440,470440,300
3117933,mnist-rotations,memory,jayce,30,0.1000,9,2,0,456,436,435,413,500,10240,640,181543320,470440,470440,300
3117933,mnist-rotations,memory,jayce,30,0.1000,10,0,3,456,436,435,413,500,10240,640,181543320,470440,470440,300
3117933,mnist-rotations,memory,jayce,30,0.1000,10,1,3,-1,-1,-1,427,500,10496,656,186217368,470440,470440,300
3117933,mnist-rotations,memory,jayce,30,0.1000,10,2,3,449,448,420,440,500,11264,704,200239512,470440,470440,300
3117933,mnist-rotations,memory,jayce,30,0.1000,11,0,1,449,448,420,440,500,11264,704,200239512,470440,470440,300
3117933,mnist-rotations,memory,jayce,30,0.1000,11,1,1,-1,452,-1,-1,500,11520,720,204913560,470440,470440,300
3117933,mnist-rotations,memory,jayce,30,0.1000,11,2,1,453,446,418,438,500,12288,768,218935704,470440,470440,300
3117933,mnist-rotations,memory,backprop,0,0.0030,0,0,0,50,48,52,49,500,0,0,0,477168,477168,0
3117933,mnist-rotations,memory,backprop,0,0.0030,0,1,0,177,-1,-1,-1,500,256,16,15513856,477168,477168,0
3117933,mnist-rotations,memory,backprop,0,0.0030,0,2,0,379,335,341,233,500,1024,64,62055424,477168,477168,0
3117933,mnist-rotations,memory,backprop,0,0.0030,1,0,1,379,335,341,233,500,1024,64,62055424,477168,477168,0
3117933,mnist-rotations,memory,backprop,0,0.0030,1,1,1,-1,384,-1,-1,500,1280,80,77569280,477168,477168,0
3117933,mnist-rotations,memory,backprop,0,0.0030,1,2,1,389,415,304,363,500,2048,128,124110848,477168,477168,0
3117933,mnist-rotations,memory,backprop,0,0.0030,2,0,2,389,415,304,363,500,2048,128,124110848,477168,477168,0
3117933,mnist-rotations,memory,backprop,0,0.0030,2,1,2,-1,-1,300,-1,500,2304,144,139624704,477168,477168,0
3117933,mnist-rotations,memory,backprop,0,0.0030,2,2,2,420,349,412,252,500,3072,192,186166272,477168,477168,0
3117933,mnist-rotations,memory,backprop,0,0.0030,3,0,3,420,349,412,252,500,3072,192,186166272,477168,477168,0
3117933,mnist-rotations,memory,backprop,0,0.0030,3,1,3,-1,-1,-1,319,500,3328,208,201680128,477168,477168,0
3117933,mnist-rotations,memory,backprop,0,0.0030,3,2,3,402,433,332,411,500,4096,256,248221696,477168,477168,0
3117933,mnist-rotations,memory,backprop,0,0.0030,4,0,0,402,433,332,411,500,4096,256,248221696,477168,477168,0
3117933,mnist-rotations,memory,backprop,0,0.0030,4,1,0,403,-1,-1,-1,500,4352,272,263735552,477168,477168,0
3117933,mnist-rotations,memory,backprop,0,0.0030,4,2,0,414,393,382,342,500,5120,320,310277120,477168,477168,0
3117933,mnist-rotations,memory,backprop,0,0.0030,5,0,2,414,393,382,342,500,5120,320,310277120,477168,477168,0
3117933,mnist-rotations,memory,backprop,0,0.0030,5,1,2,-1,-1,386,-1,500,5376,336,325790976,477168,477168,0
3117933,mnist-rotations,memory,backprop,0,0.0030,5,2,2,424,391,410,318,500,6144,384,372332544,477168,477168,0
3117933,mnist-rotations,memory,backprop,0,0.0030,6,0,1,424,391,410,318,500,6144,384,372332544,477168,477168,0
3117933,mnist-rotations,memory,backprop,0,0.0030,6,1,1,-1,387,-1,-1,500,6400,400,387846400,477168,477168,0
3117933,mnist-rotations,memory,backprop,0,0.0030,6,2,1,423,426,370,371,500,7168,448,434387968,477168,477168,0
3117933,mnist-rotations,memory,backprop,0,0.0030,7,0,3,423,426,370,371,500,7168,448,434387968,477168,477168,0
3117933,mnist-rotations,memory,backprop,0,0.0030,7,1,3,-1,-1,-1,399,500,7424,464,449901824,477168,477168,0
3117933,mnist-rotations,memory,backprop,0,0.0030,7,2,3,406,430,331,429,500,8192,512,496443392,477168,477168,0
3117933,mnist-rotations,memory,backprop,0,0.0030,8,0,2,406,430,331,429,500,8192,512,496443392,477168,477168,0
3117933,mnist-rotations,memory,backprop,0,0.0030,8,1,2,-1,-1,378,-1,500,8448,528,511957248,477168,477168,0
3117933,mnist-rotations,memory,backprop,0,0.0030,8,2,2,428,406,401,362,500,9216,576,558498816,477168,477168,0
3117933,mnist-rotations,memory,backprop,0,0.0030,9,0,0,428,406,401,362,500,9216,576,558498816,477168,477168,0
3117933,mnist-rotations,memory,backprop,0,0.0030,9,1,0,432,-1,-1,-1,500,9472,592,574012672,477168,477168,0
3117933,mnist-rotations,memory,backprop,0,0.0030,9,2,0,434,415,397,351,500,10240,640,620554240,477168,477168,0
3117933,mnist-rotations,memory,backprop,0,0.0030,10,0,3,434,415,397,351,500,10240,640,620554240,477168,477168,0
3117933,mnist-rotations,memory,backprop,0,0.0030,10,1,3,-1,-1,-1,392,500,10496,656,636068096,477168,477168,0
3117933,mnist-rotations,memory,backprop,0,0.0030,10,2,3,423,431,353,414,500,11264,704,682609664,477168,477168,0
3117933,mnist-rotations,memory,backprop,0,0.0030,11,0,1,423,431,353,414,500,11264,704,682609664,477168,477168,0
3117933,mnist-rotations,memory,backprop,0,0.0030,11,1,1,-1,444,-1,-1,500,11520,720,698123520,477168,477168,0
3117933,mnist-rotations,memory,backprop,0,0.0030,11,2,1,418,435,340,424,500,12288,768,744665088,477168,477168,0
3222662,mnist-rotations,examples,jayce,48,0.1000,0,0,0,50,50,50,50,500,0,0,0,40,752680,0
3222662,mnist-rotations,examples,jayce,48,0.1000,0,1,0,418,-1,-1,-1,500,256,16,50176,401448,752680,256
3222662,mnist-rotations,examples,jayce,48,0.1000,0,2,0,446,409,392,267,500,1024,64,15793920,752680,752680,480
3222662,mnist-rotations,examples,jayce,48,0.1000,1,0,1,446,409,392,267,500,1024,64,15793920,752680,752680,480
3222662,mnist-rotations,examples,jayce,48,0.1000,1,1,1,-1,421,-1,-1,500,1280,80,23182080,752680,752680,480
3222662,mnist-rotations,examples,jayce,48,0.1000,1,2,1,440,428,375,395,500,2048,128,45346560,752680,752680,480
3222662,mnist-rotations,examples,jayce,48,0.1000,2,0,2,440,428,375,395,500,2048,128,45346560,752680,752680,480
3222662,mnist-rotations,examples,jayce,48,0.1000,2,1,2,-1,-1,402,-1,500,2304,144,52734720,752680,752680,480
3222662,mnist-rotations,examples,jayce,48,0.1000,2,2,2,443,407,422,363,500,3072,192,74899200,752680,752680,480
3222662,mnist-rotations,examples,jayce,48,0.1000,3,0,3,443,407,422,363,500,3072,192,74899200,752680,752680,480
3222662,mnist-rotations,examples,jayce,48,0.1000,3,1,3,-1,-1,-1,415,500,3328,208,82287360,752680,752680,480
3222662,mnist-rotations,examples,jayce,48,0.1000,3,2,3,435,422,412,430,500,4096,256,104451840,752680,752680,480
3222662,mnist-rotations,examples,jayce,48,0.1000,4,0,0,435,422,412,430,500,4096,256,104451840,752680,752680,480
3222662,mnist-rotations,examples,jayce,48,0.1000,4,1,0,439,-1,-1,-1,500,4352,272,111840000,752680,752680,480
3222662,mnist-rotations,examples,jayce,48,0.1000,4,2,0,450,434,414,425,500,5120,320,134004480,752680,752680,480
3222662,mnist-rotations,examples,jayce,48,0.1000,5,0,2,450,434,414,425,500,5120,320,134004480,752680,752680,480
3222662,mnist-rotations,examples,jayce,48,0.1000,5,1,2,-1,-1,426,-1,500,5376,336,141392640,752680,752680,480
3222662,mnist-rotations,examples,jayce,48,0.1000,5,2,2,452,430,432,407,500,6144,384,163557120,752680,752680,480
3222662,mnist-rotations,examples,jayce,48,0.1000,6,0,1,452,430,432,407,500,6144,384,163557120,752680,752680,480
3222662,mnist-rotations,examples,jayce,48,0.1000,6,1,1,-1,438,-1,-1,500,6400,400,170945280,752680,752680,480
3222662,mnist-rotations,examples,jayce,48,0.1000,6,2,1,461,444,430,414,500,7168,448,193109760,752680,752680,480
3222662,mnist-rotations,examples,jayce,48,0.1000,7,0,3,461,444,430,414,500,7168,448,193109760,752680,752680,480
3222662,mnist-rotations,examples,jayce,48,0.1000,7,1,3,-1,-1,-1,428,500,7424,464,200497920,752680,752680,480
3222662,mnist-rotations,examples,jayce,48,0.1000,7,2,3,451,438,421,420,500,8192,512,222662400,752680,752680,480
3222662,mnist-rotations,examples,jayce,48,0.1000,8,0,2,451,438,421,420,500,8192,512,222662400,752680,752680,480
3222662,mnist-rotations,examples,jayce,48,0.1000,8,1,2,-1,-1,419,-1,500,8448,528,230050560,752680,752680,480
3222662,mnist-rotations,examples,jayce,48,0.1000,8,2,2,449,426,423,415,500,9216,576,252215040,752680,752680,480
3222662,mnist-rotations,examples,jayce,48,0.1000,9,0,0,449,426,423,415,500,9216,576,252215040,752680,752680,480
3222662,mnist-rotations,examples,jayce,48,0.1000,9,1,0,447,-1,-1,-1,500,9472,592,259603200,752680,752680,480
3222662,mnist-rotations,examples,jayce,48,0.1000,9,2,0,460,436,437,410,500,10240,640,281767680,752680,752680,480
3222662,mnist-rotations,examples,jayce,48,0.1000,10,0,3,460,436,437,410,500,10240,640,281767680,752680,752680,480
3222662,mnist-rotations,examples,jayce,48,0.1000,10,1,3,-1,-1,-1,423,500,10496,656,289155840,752680,752680,480
3222662,mnist-rotations,examples,jayce,48,0.1000,10,2,3,459,437,435,431,500,11264,704,311320320,752680,752680,480
3222662,mnist-rotations,examples,jayce,48,0.1000,11,0,1,459,437,435,431,500,11264,704,311320320,752680,752680,480
3222662,mnist-rotations,examples,jayce,48,0.1000,11,1,1,-1,443,-1,-1,500,11520,720,318708480,752680,752680,480
3222662,mnist-rotations,examples,jayce,48,0.1000,11,2,1,469,444,429,430,500,12288,768,340872960,752680,752680,480
3222662,mnist-rotations,examples,backprop,0,0.0030,0,0,0,62,65,65,62,500,0,0,0,477168,477168,0
3222662,mnist-rotations,examples,backprop,0,0.0030,0,1,0,256,-1,-1,-1,500,256,16,15513856,477168,477168,0
3222662,mnist-rotations,examples,backprop,0,0.0030,0,2,0,424,383,368,254,500,1024,64,62055424,477168,477168,0
3222662,mnist-rotations,examples,backprop,0,0.0030,1,0,1,424,383,368,254,500,1024,64,62055424,477168,477168,0
3222662,mnist-rotations,examples,backprop,0,0.0030,1,1,1,-1,380,-1,-1,500,1280,80,77569280,477168,477168,0
3222662,mnist-rotations,examples,backprop,0,0.0030,1,2,1,367,383,251,346,500,2048,128,124110848,477168,477168,0
3222662,mnist-rotations,examples,backprop,0,0.0030,2,0,2,367,383,251,346,500,2048,128,124110848,477168,477168,0
3222662,mnist-rotations,examples,backprop,0,0.0030,2,1,2,-1,-1,321,-1,500,2304,144,139624704,477168,477168,0
3222662,mnist-rotations,examples,backprop,0,0.0030,2,2,2,371,314,349,215,500,3072,192,186166272,477168,477168,0
3222662,mnist-rotations,examples,backprop,0,0.0030,3,0,3,371,314,349,215,500,3072,192,186166272,477168,477168,0
3222662,mnist-rotations,examples,backprop,0,0.0030,3,1,3,-1,-1,-1,270,500,3328,208,201680128,477168,477168,0
3222662,mnist-rotations,examples,backprop,0,0.0030,3,2,3,404,413,353,400,500,4096,256,248221696,477168,477168,0
3222662,mnist-rotations,examples,backprop,0,0.0030,4,0,0,404,413,353,400,500,4096,256,248221696,477168,477168,0
3222662,mnist-rotations,examples,backprop,0,0.0030,4,1,0,414,-1,-1,-1,500,4352,272,263735552,477168,477168,0
3222662,mnist-rotations,examples,backprop,0,0.0030,4,2,0,404,409,350,359,500,5120,320,310277120,477168,477168,0
3222662,mnist-rotations,examples,backprop,0,0.0030,5,0,2,404,409,350,359,500,5120,320,310277120,477168,477168,0
3222662,mnist-rotations,examples,backprop,0,0.0030,5,1,2,-1,-1,384,-1,500,5376,336,325790976,477168,477168,0
3222662,mnist-rotations,examples,backprop,0,0.0030,5,2,2,424,387,416,313,500,6144,384,372332544,477168,477168,0
3222662,mnist-rotations,examples,backprop,0,0.0030,6,0,1,424,387,416,313,500,6144,384,372332544,477168,477168,0
3222662,mnist-rotations,examples,backprop,0,0.0030,6,1,1,-1,422,-1,-1,500,6400,400,387846400,477168,477168,0
3222662,mnist-rotations,examples,backprop,0,0.0030,6,2,1,435,435,389,392,500,7168,448,434387968,477168,477168,0
3222662,mnist-rotations,examples,backprop,0,0.0030,7,0,3,435,435,389,392,500,7168,448,434387968,477168,477168,0
3222662,mnist-rotations,examples,backprop,0,0.0030,7,1,3,-1,-1,-1,402,500,7424,464,449901824,477168,477168,0
3222662,mnist-rotations,examples,backprop,0,0.0030,7,2,3,407,424,326,419,500,8192,512,496443392,477168,477168,0
3222662,mnist-rotations,examples,backprop,0,0.0030,8,0,2,407,424,326,419,500,8192,512,496443392,477168,477168,0
3222662,mnist-rotations,examples,backprop,0,0.0030,8,1,2,-1,-1,394,-1,500,8448,528,511957248,477168,477168,0
3222662,mnist-rotations,examples,backprop,0,0.0030,8,2,2,437,416,420,373,500,9216,576,558498816,477168,477168,0
3222662,mnist-rotations,examples,backprop,0,0.0030,9,0,0,437,416,420,373,500,9216,576,558498816,477168,477168,0
3222662,mnist-rotations,examples,backprop,0,0.0030,9,1,0,424,-1,-1,-1,500,9472,592,574012672,477168,477168,0
3222662,mnist-rotations,examples,backprop,0,0.0030,9,2,0,432,413,397,363,500,10240,640,620554240,477168,477168,0
3222662,mnist-rotations,examples,backprop,0,0.0030,10,0,3,432,413,397,363,500,10240,640,620554240,477168,477168,0
3222662,mnist-rotations,examples,backprop,0,0.0030,10,1,3,-1,-1,-1,376,500,10496,656,636068096,477168,477168,0
3222662,mnist-rotations,examples,backprop,0,0.0030,10,2,3,385,420,302,422,500,11264,704,682609664,477168,477168,0
3222662,mnist-rotations,examples,backprop,0,0.0030,11,0,1,385,420,302,422,500,11264,704,682609664,477168,477168,0
3222662,mnist-rotations,examples,backprop,0,0.0030,11,1,1,-1,429,-1,-1,500,11520,720,698123520,477168,477168,0
3222662,mnist-rotations,examples,backprop,0,0.0030,11,2,1,438,446,377,421,500,12288,768,744665088,477168,477168,0
3222662,mnist-rotations,work,jayce,24,0.1000,0,0,0,50,50,50,50,500,0,0,0,40,376360,0
3222662,mnist-rotations,work,jayce,24,0.1000,0,1,0,421,-1,-1,-1,500,496,31,3816384,376360,376360,240
3222662,mnist-rotations,work,jayce,24,0.1000,0,2,0,446,402,401,266,500,1312,82,15831168,376360,376360,240
3222662,mnist-rotations,work,jayce,24,0.1000,1,0,1,446,402,401,266,500,1312,82,15831168,376360,376360,240
3222662,mnist-rotations,work,jayce,24,0.1000,1,1,1,-1,421,-1,-1,500,1568,98,19600512,376360,376360,240
3222662,mnist-rotations,work,jayce,24,0.1000,1,2,1,444,443,375,388,500,2384,149,31615296,376360,376360,240
3222662,mnist-rotations,work,jayce,24,0.1000,2,0,2,444,443,375,388,500,2384,149,31615296,376360,376360,240
3222662,mnist-rotations,work,jayce,24,0.1000,2,1,2,-1,-1,414,-1,500,2640,165,35384640,376360,376360,240
3222662,mnist-rotations,work,jayce,24,0.1000,2,2,2,453,420,435,358,500,3456,216,47399424,376360,376360,240
3222662,mnist-rotations,work,jayce,24,0.1000,3,0,3,453,420,435,358,500,3456,216,47399424,376360,376360,240
3222662,mnist-rotations,work,jayce,24,0.1000,3,1,3,-1,-1,-1,408,500,3712,232,51168768,376360,376360,240
3222662,mnist-rotations,work,jayce,24,0.1000,3,2,3,431,424,424,422,500,4528,283,63183552,376360,376360,240
3222662,mnist-rotations,work,jayce,24,0.1000,4,0,0,431,424,424,422,500,4528,283,63183552,376360,376360,240
3222662,mnist-rotations,work,jayce,24,0.1000,4,1,0,438,-1,-1,-1,500,4784,299,66952896,376360,376360,240
3222662,mnist-rotations,work,jayce,24,0.1000,4,2,0,444,430,422,413,500,5600,350,78967680,376360,376360,240
3222662,mnist-rotations,work,jayce,24,0.1000,5,0,2,444,430,422,413,500,5600,350,78967680,376360,376360,240
3222662,mnist-rotations,work,jayce,24,0.1000,5,1,2,-1,-1,430,-1,500,5856,366,82737024,376360,376360,240
3222662,mnist-rotations,work,jayce,24,0.1000,5,2,2,451,427,430,400,500,6672,417,94751808,376360,376360,240
3222662,mnist-rotations,work,jayce,24,0.1000,6,0,1,451,427,430,400,500,6672,417,94751808,376360,376360,240
3222662,mnist-rotations,work,jayce,24,0.1000,6,1,1,-1,435,-1,-1,500,6928,433,98521152,376360,376360,240
3222662,mnist-rotations,work,jayce,24,0.1000,6,2,1,452,439,421,419,500,7744,484,110535936,376360,376360,240
3222662,mnist-rotations,work,jayce,24,0.1000,7,0,3,452,439,421,419,500,7744,484,110535936,376360,376360,240
3222662,mnist-rotations,work,jayce,24,0.1000,7,1,3,-1,-1,-1,429,500,8000,500,114305280,376360,376360,240
3222662,mnist-rotations,work,jayce,24,0.1000,7,2,3,444,432,415,433,500,8816,551,126320064,376360,376360,240
3222662,mnist-rotations,work,jayce,24,0.1000,8,0,2,444,432,415,433,500,8816,551,126320064,376360,376360,240
3222662,mnist-rotations,work,jayce,24,0.1000,8,1,2,-1,-1,420,-1,500,9072,567,130089408,376360,376360,240
3222662,mnist-rotations,work,jayce,24,0.1000,8,2,2,447,416,428,425,500,9888,618,142104192,376360,376360,240
3222662,mnist-rotations,work,jayce,24,0.1000,9,0,0,447,416,428,425,500,9888,618,142104192,376360,376360,240
3222662,mnist-rotations,work,jayce,24,0.1000,9,1,0,449,-1,-1,-1,500,10144,634,145873536,376360,376360,240
3222662,mnist-rotations,work,jayce,24,0.1000,9,2,0,453,429,425,418,500,10960,685,157888320,376360,376360,240
3222662,mnist-rotations,work,jayce,24,0.1000,10,0,3,453,429,425,418,500,10960,685,157888320,376360,376360,240
3222662,mnist-rotations,work,jayce,24,0.1000,10,1,3,-1,-1,-1,431,500,11216,701,161657664,376360,376360,240
3222662,mnist-rotations,work,jayce,24,0.1000,10,2,3,441,436,410,441,500,12032,752,173672448,376360,376360,240
3222662,mnist-rotations,work,jayce,24,0.1000,11,0,1,441,436,410,441,500,12032,752,173672448,376360,376360,240
3222662,mnist-rotations,work,jayce,24,0.1000,11,1,1,-1,442,-1,-1,500,12288,768,177441792,376360,376360,240
3222662,mnist-rotations,work,jayce,24,0.1000,11,2,1,449,449,401,439,500,13104,819,189456576,376360,376360,240
3222662,mnist-rotations,work,backprop,0,0.0030,0,0,0,62,65,65,62,500,0,0,0,477168,477168,0
3222662,mnist-rotations,work,backprop,0,0.0030,0,1,0,107,-1,-1,-1,500,64,4,3878464,477168,477168,0
3222662,mnist-rotations,work,backprop,0,0.0030,0,2,0,256,205,216,157,500,256,16,15513856,477168,477168,0
3222662,mnist-rotations,work,backprop,0,0.0030,1,0,1,256,205,216,157,500,256,16,15513856,477168,477168,0
3222662,mnist-rotations,work,backprop,0,0.0030,1,1,1,-1,241,-1,-1,500,320,20,19392320,477168,477168,0
3222662,mnist-rotations,work,backprop,0,0.0030,1,2,1,302,275,239,197,500,512,32,31027712,477168,477168,0
3222662,mnist-rotations,work,backprop,0,0.0030,2,0,2,302,275,239,197,500,512,32,31027712,477168,477168,0
3222662,mnist-rotations,work,backprop,0,0.0030,2,1,2,-1,-1,292,-1,500,576,36,34906176,477168,477168,0
3222662,mnist-rotations,work,backprop,0,0.0030,2,2,2,352,310,322,218,500,768,48,46541568,477168,477168,0
3222662,mnist-rotations,work,backprop,0,0.0030,3,0,3,352,310,322,218,500,768,48,46541568,477168,477168,0
3222662,mnist-rotations,work,backprop,0,0.0030,3,1,3,-1,-1,-1,242,500,832,52,50420032,477168,477168,0
3222662,mnist-rotations,work,backprop,0,0.0030,3,2,3,334,323,260,265,500,1024,64,62055424,477168,477168,0
3222662,mnist-rotations,work,backprop,0,0.0030,4,0,0,334,323,260,265,500,1024,64,62055424,477168,477168,0
3222662,mnist-rotations,work,backprop,0,0.0030,4,1,0,379,-1,-1,-1,500,1088,68,65933888,477168,477168,0
3222662,mnist-rotations,work,backprop,0,0.0030,4,2,0,369,358,322,294,500,1280,80,77569280,477168,477168,0
3222662,mnist-rotations,work,backprop,0,0.0030,5,0,2,369,358,322,294,500,1280,80,77569280,477168,477168,0
3222662,mnist-rotations,work,backprop,0,0.0030,5,1,2,-1,-1,359,-1,500,1344,84,81447744,477168,477168,0
3222662,mnist-rotations,work,backprop,0,0.0030,5,2,2,415,385,396,308,500,1536,96,93083136,477168,477168,0
3222662,mnist-rotations,work,backprop,0,0.0030,6,0,1,415,385,396,308,500,1536,96,93083136,477168,477168,0
3222662,mnist-rotations,work,backprop,0,0.0030,6,1,1,-1,365,-1,-1,500,1600,100,96961600,477168,477168,0
3222662,mnist-rotations,work,backprop,0,0.0030,6,2,1,417,391,363,322,500,1792,112,108596992,477168,477168,0
3222662,mnist-rotations,work,backprop,0,0.0030,7,0,3,417,391,363,322,500,1792,112,108596992,477168,477168,0
3222662,mnist-rotations,work,backprop,0,0.0030,7,1,3,-1,-1,-1,336,500,1856,116,112475456,477168,477168,0
3222662,mnist-rotations,work,backprop,0,0.0030,7,2,3,395,379,330,345,500,2048,128,124110848,477168,477168,0
3222662,mnist-rotations,work,backprop,0,0.0030,8,0,2,395,379,330,345,500,2048,128,124110848,477168,477168,0
3222662,mnist-rotations,work,backprop,0,0.0030,8,1,2,-1,-1,362,-1,500,2112,132,127989312,477168,477168,0
3222662,mnist-rotations,work,backprop,0,0.0030,8,2,2,411,420,371,375,500,2304,144,139624704,477168,477168,0
3222662,mnist-rotations,work,backprop,0,0.0030,9,0,0,411,420,371,375,500,2304,144,139624704,477168,477168,0
3222662,mnist-rotations,work,backprop,0,0.0030,9,1,0,417,-1,-1,-1,500,2368,148,143503168,477168,477168,0
3222662,mnist-rotations,work,backprop,0,0.0030,9,2,0,405,390,370,339,500,2560,160,155138560,477168,477168,0
3222662,mnist-rotations,work,backprop,0,0.0030,10,0,3,405,390,370,339,500,2560,160,155138560,477168,477168,0
3222662,mnist-rotations,work,backprop,0,0.0030,10,1,3,-1,-1,-1,370,500,2624,164,159017024,477168,477168,0
3222662,mnist-rotations,work,backprop,0,0.0030,10,2,3,407,387,353,351,500,2816,176,170652416,477168,477168,0
3222662,mnist-rotations,work,backprop,0,0.0030,11,0,1,407,387,353,351,500,2816,176,170652416,477168,477168,0
3222662,mnist-rotations,work,backprop,0,0.0030,11,1,1,-1,399,-1,-1,500,2880,180,174530880,477168,477168,0
3222662,mnist-rotations,work,backprop,0,0.0030,11,2,1,409,422,364,391,500,3072,192,186166272,477168,477168,0
3222662,mnist-rotations,memory,jayce,30,0.1000,0,0,0,50,50,50,50,500,0,0,0,40,470440,0
3222662,mnist-rotations,memory,jayce,30,0.1000,0,1,0,418,-1,-1,-1,500,256,16,158548,392040,470440,250
3222662,mnist-rotations,memory,jayce,30,0.1000,0,2,0,440,403,402,276,500,1024,64,13277592,470440,470440,300
3222662,mnist-rotations,memory,jayce,30,0.1000,1,0,1,440,403,402,276,500,1024,64,13277592,470440,470440,300
3222662,mnist-rotations,memory,jayce,30,0.1000,1,1,1,-1,423,-1,-1,500,1280,80,17951640,470440,470440,300
3222662,mnist-rotations,memory,jayce,30,0.1000,1,2,1,450,434,368,394,500,2048,128,31973784,470440,470440,300
3222662,mnist-rotations,memory,jayce,30,0.1000,2,0,2,450,434,368,394,500,2048,128,31973784,470440,470440,300
3222662,mnist-rotations,memory,jayce,30,0.1000,2,1,2,-1,-1,406,-1,500,2304,144,36647832,470440,470440,300
3222662,mnist-rotations,memory,jayce,30,0.1000,2,2,2,450,416,439,360,500,3072,192,50669976,470440,470440,300
3222662,mnist-rotations,memory,jayce,30,0.1000,3,0,3,450,416,439,360,500,3072,192,50669976,470440,470440,300
3222662,mnist-rotations,memory,jayce,30,0.1000,3,1,3,-1,-1,-1,418,500,3328,208,55344024,470440,470440,300
3222662,mnist-rotations,memory,jayce,30,0.1000,3,2,3,433,439,417,425,500,4096,256,69366168,470440,470440,300
3222662,mnist-rotations,memory,jayce,30,0.1000,4,0,0,433,439,417,425,500,4096,256,69366168,470440,470440,300
3222662,mnist-rotations,memory,jayce,30,0.1000,4,1,0,435,-1,-1,-1,500,4352,272,74040216,470440,470440,300
3222662,mnist-rotations,memory,jayce,30,0.1000,4,2,0,441,441,416,418,500,5120,320,88062360,470440,470440,300
3222662,mnist-rotations,memory,jayce,30,0.1000,5,0,2,441,441,416,418,500,5120,320,88062360,470440,470440,300
3222662,mnist-rotations,memory,jayce,30,0.1000,5,1,2,-1,-1,423,-1,500,5376,336,92736408,470440,470440,300
3222662,mnist-rotations,memory,jayce,30,0.1000,5,2,2,443,430,426,403,500,6144,384,106758552,470440,470440,300
3222662,mnist-rotations,memory,jayce,30,0.1000,6,0,1,443,430,426,403,500,6144,384,106758552,470440,470440,300
3222662,mnist-rotations,memory,jayce,30,0.1000,6,1,1,-1,430,-1,-1,500,6400,400,111432600,470440,470440,300
3222662,mnist-rotations,memory,jayce,30,0.1000,6,2,1,454,442,425,415,500,7168,448,125454744,470440,470440,300
3222662,mnist-rotations,memory,jayce,30,0.1000,7,0,3,454,442,425,415,500,7168,448,125454744,470440,470440,300
3222662,mnist-rotations,memory,jayce,30,0.1000,7,1,3,-1,-1,-1,417,500,7424,464,130128792,470440,470440,300
3222662,mnist-rotations,memory,jayce,30,0.1000,7,2,3,443,441,414,427,500,8192,512,144150936,470440,470440,300
3222662,mnist-rotations,memory,jayce,30,0.1000,8,0,2,443,441,414,427,500,8192,512,144150936,470440,470440,300
3222662,mnist-rotations,memory,jayce,30,0.1000,8,1,2,-1,-1,423,-1,500,8448,528,148824984,470440,470440,300
3222662,mnist-rotations,memory,jayce,30,0.1000,8,2,2,448,441,424,414,500,9216,576,162847128,470440,470440,300
3222662,mnist-rotations,memory,jayce,30,0.1000,9,0,0,448,441,424,414,500,9216,576,162847128,470440,470440,300
3222662,mnist-rotations,memory,jayce,30,0.1000,9,1,0,449,-1,-1,-1,500,9472,592,167521176,470440,470440,300
3222662,mnist-rotations,memory,jayce,30,0.1000,9,2,0,452,434,423,412,500,10240,640,181543320,470440,470440,300
3222662,mnist-rotations,memory,jayce,30,0.1000,10,0,3,452,434,423,412,500,10240,640,181543320,470440,470440,300
3222662,mnist-rotations,memory,jayce,30,0.1000,10,1,3,-1,-1,-1,423,500,10496,656,186217368,470440,470440,300
3222662,mnist-rotations,memory,jayce,30,0.1000,10,2,3,451,433,419,437,500,11264,704,200239512,470440,470440,300
3222662,mnist-rotations,memory,jayce,30,0.1000,11,0,1,451,433,419,437,500,11264,704,200239512,470440,470440,300
3222662,mnist-rotations,memory,jayce,30,0.1000,11,1,1,-1,437,-1,-1,500,11520,720,204913560,470440,470440,300
3222662,mnist-rotations,memory,jayce,30,0.1000,11,2,1,454,445,416,432,500,12288,768,218935704,470440,470440,300
3222662,mnist-rotations,memory,backprop,0,0.0030,0,0,0,62,65,65,62,500,0,0,0,477168,477168,0
3222662,mnist-rotations,memory,backprop,0,0.0030,0,1,0,256,-1,-1,-1,500,256,16,15513856,477168,477168,0
3222662,mnist-rotations,memory,backprop,0,0.0030,0,2,0,424,383,368,254,500,1024,64,62055424,477168,477168,0
3222662,mnist-rotations,memory,backprop,0,0.0030,1,0,1,424,383,368,254,500,1024,64,62055424,477168,477168,0
3222662,mnist-rotations,memory,backprop,0,0.0030,1,1,1,-1,380,-1,-1,500,1280,80,77569280,477168,477168,0
3222662,mnist-rotations,memory,backprop,0,0.0030,1,2,1,367,383,251,346,500,2048,128,124110848,477168,477168,0
3222662,mnist-rotations,memory,backprop,0,0.0030,2,0,2,367,383,251,346,500,2048,128,124110848,477168,477168,0
3222662,mnist-rotations,memory,backprop,0,0.0030,2,1,2,-1,-1,321,-1,500,2304,144,139624704,477168,477168,0
3222662,mnist-rotations,memory,backprop,0,0.0030,2,2,2,371,314,349,215,500,3072,192,186166272,477168,477168,0
3222662,mnist-rotations,memory,backprop,0,0.0030,3,0,3,371,314,349,215,500,3072,192,186166272,477168,477168,0
3222662,mnist-rotations,memory,backprop,0,0.0030,3,1,3,-1,-1,-1,270,500,3328,208,201680128,477168,477168,0
3222662,mnist-rotations,memory,backprop,0,0.0030,3,2,3,404,413,353,400,500,4096,256,248221696,477168,477168,0
3222662,mnist-rotations,memory,backprop,0,0.0030,4,0,0,404,413,353,400,500,4096,256,248221696,477168,477168,0
3222662,mnist-rotations,memory,backprop,0,0.0030,4,1,0,414,-1,-1,-1,500,4352,272,263735552,477168,477168,0
3222662,mnist-rotations,memory,backprop,0,0.0030,4,2,0,404,409,350,359,500,5120,320,310277120,477168,477168,0
3222662,mnist-rotations,memory,backprop,0,0.0030,5,0,2,404,409,350,359,500,5120,320,310277120,477168,477168,0
3222662,mnist-rotations,memory,backprop,0,0.0030,5,1,2,-1,-1,384,-1,500,5376,336,325790976,477168,477168,0
3222662,mnist-rotations,memory,backprop,0,0.0030,5,2,2,424,387,416,313,500,6144,384,372332544,477168,477168,0
3222662,mnist-rotations,memory,backprop,0,0.0030,6,0,1,424,387,416,313,500,6144,384,372332544,477168,477168,0
3222662,mnist-rotations,memory,backprop,0,0.0030,6,1,1,-1,422,-1,-1,500,6400,400,387846400,477168,477168,0
3222662,mnist-rotations,memory,backprop,0,0.0030,6,2,1,435,435,389,392,500,7168,448,434387968,477168,477168,0
3222662,mnist-rotations,memory,backprop,0,0.0030,7,0,3,435,435,389,392,500,7168,448,434387968,477168,477168,0
3222662,mnist-rotations,memory,backprop,0,0.0030,7,1,3,-1,-1,-1,402,500,7424,464,449901824,477168,477168,0
3222662,mnist-rotations,memory,backprop,0,0.0030,7,2,3,407,424,326,419,500,8192,512,496443392,477168,477168,0
3222662,mnist-rotations,memory,backprop,0,0.0030,8,0,2,407,424,326,419,500,8192,512,496443392,477168,477168,0
3222662,mnist-rotations,memory,backprop,0,0.0030,8,1,2,-1,-1,394,-1,500,8448,528,511957248,477168,477168,0
3222662,mnist-rotations,memory,backprop,0,0.0030,8,2,2,437,416,420,373,500,9216,576,558498816,477168,477168,0
3222662,mnist-rotations,memory,backprop,0,0.0030,9,0,0,437,416,420,373,500,9216,576,558498816,477168,477168,0
3222662,mnist-rotations,memory,backprop,0,0.0030,9,1,0,424,-1,-1,-1,500,9472,592,574012672,477168,477168,0
3222662,mnist-rotations,memory,backprop,0,0.0030,9,2,0,432,413,397,363,500,10240,640,620554240,477168,477168,0
3222662,mnist-rotations,memory,backprop,0,0.0030,10,0,3,432,413,397,363,500,10240,640,620554240,477168,477168,0
3222662,mnist-rotations,memory,backprop,0,0.0030,10,1,3,-1,-1,-1,376,500,10496,656,636068096,477168,477168,0
3222662,mnist-rotations,memory,backprop,0,0.0030,10,2,3,385,420,302,422,500,11264,704,682609664,477168,477168,0
3222662,mnist-rotations,memory,backprop,0,0.0030,11,0,1,385,420,302,422,500,11264,704,682609664,477168,477168,0
3222662,mnist-rotations,memory,backprop,0,0.0030,11,1,1,-1,429,-1,-1,500,11520,720,698123520,477168,477168,0
3222662,mnist-rotations,memory,backprop,0,0.0030,11,2,1,438,446,377,421,500,12288,768,744665088,477168,477168,0
2280101,fashion-rotations,examples,jayce,48,0.0300,0,0,0,50,50,50,50,500,0,0,0,40,752680,0
2280101,fashion-rotations,examples,jayce,48,0.0300,0,1,0,346,-1,-1,-1,500,256,16,50176,401448,752680,256
2280101,fashion-rotations,examples,jayce,48,0.0300,0,2,0,358,266,274,154,500,1024,64,15793920,752680,752680,480
2280101,fashion-rotations,examples,jayce,48,0.0300,1,0,1,358,266,274,154,500,1024,64,15793920,752680,752680,480
2280101,fashion-rotations,examples,jayce,48,0.0300,1,1,1,-1,315,-1,-1,500,1280,80,23182080,752680,752680,480
2280101,fashion-rotations,examples,jayce,48,0.0300,1,2,1,367,331,291,307,500,2048,128,45346560,752680,752680,480
2280101,fashion-rotations,examples,jayce,48,0.0300,2,0,2,367,331,291,307,500,2048,128,45346560,752680,752680,480
2280101,fashion-rotations,examples,jayce,48,0.0300,2,1,2,-1,-1,320,-1,500,2304,144,52734720,752680,752680,480
2280101,fashion-rotations,examples,jayce,48,0.0300,2,2,2,372,334,355,310,500,3072,192,74899200,752680,752680,480
2280101,fashion-rotations,examples,jayce,48,0.0300,3,0,3,372,334,355,310,500,3072,192,74899200,752680,752680,480
2280101,fashion-rotations,examples,jayce,48,0.0300,3,1,3,-1,-1,-1,330,500,3328,208,82287360,752680,752680,480
2280101,fashion-rotations,examples,jayce,48,0.0300,3,2,3,365,312,336,340,500,4096,256,104451840,752680,752680,480
2280101,fashion-rotations,examples,jayce,48,0.0300,4,0,0,365,312,336,340,500,4096,256,104451840,752680,752680,480
2280101,fashion-rotations,examples,jayce,48,0.0300,4,1,0,368,-1,-1,-1,500,4352,272,111840000,752680,752680,480
2280101,fashion-rotations,examples,jayce,48,0.0300,4,2,0,365,313,338,338,500,5120,320,134004480,752680,752680,480
2280101,fashion-rotations,examples,jayce,48,0.0300,5,0,2,365,313,338,338,500,5120,320,134004480,752680,752680,480
2280101,fashion-rotations,examples,jayce,48,0.0300,5,1,2,-1,-1,341,-1,500,5376,336,141392640,752680,752680,480
2280101,fashion-rotations,examples,jayce,48,0.0300,5,2,2,370,313,355,338,500,6144,384,163557120,752680,752680,480
2280101,fashion-rotations,examples,jayce,48,0.0300,6,0,1,370,313,355,338,500,6144,384,163557120,752680,752680,480
2280101,fashion-rotations,examples,jayce,48,0.0300,6,1,1,-1,341,-1,-1,500,6400,400,170945280,752680,752680,480
2280101,fashion-rotations,examples,jayce,48,0.0300,6,2,1,372,352,352,317,500,7168,448,193109760,752680,752680,480
2280101,fashion-rotations,examples,jayce,48,0.0300,7,0,3,372,352,352,317,500,7168,448,193109760,752680,752680,480
2280101,fashion-rotations,examples,jayce,48,0.0300,7,1,3,-1,-1,-1,334,500,7424,464,200497920,752680,752680,480
2280101,fashion-rotations,examples,jayce,48,0.0300,7,2,3,365,324,352,342,500,8192,512,222662400,752680,752680,480
2280101,fashion-rotations,examples,jayce,48,0.0300,8,0,2,365,324,352,342,500,8192,512,222662400,752680,752680,480
2280101,fashion-rotations,examples,jayce,48,0.0300,8,1,2,-1,-1,354,-1,500,8448,528,230050560,752680,752680,480
2280101,fashion-rotations,examples,jayce,48,0.0300,8,2,2,366,318,350,344,500,9216,576,252215040,752680,752680,480
2280101,fashion-rotations,examples,jayce,48,0.0300,9,0,0,366,318,350,344,500,9216,576,252215040,752680,752680,480
2280101,fashion-rotations,examples,jayce,48,0.0300,9,1,0,369,-1,-1,-1,500,9472,592,259603200,752680,752680,480
2280101,fashion-rotations,examples,jayce,48,0.0300,9,2,0,377,316,351,342,500,10240,640,281767680,752680,752680,480
2280101,fashion-rotations,examples,jayce,48,0.0300,10,0,3,377,316,351,342,500,10240,640,281767680,752680,752680,480
2280101,fashion-rotations,examples,jayce,48,0.0300,10,1,3,-1,-1,-1,341,500,10496,656,289155840,752680,752680,480
2280101,fashion-rotations,examples,jayce,48,0.0300,10,2,3,372,311,347,340,500,11264,704,311320320,752680,752680,480
2280101,fashion-rotations,examples,jayce,48,0.0300,11,0,1,372,311,347,340,500,11264,704,311320320,752680,752680,480
2280101,fashion-rotations,examples,jayce,48,0.0300,11,1,1,-1,335,-1,-1,500,11520,720,318708480,752680,752680,480
2280101,fashion-rotations,examples,jayce,48,0.0300,11,2,1,373,352,344,327,500,12288,768,340872960,752680,752680,480
2280101,fashion-rotations,examples,backprop,0,0.0030,0,0,0,35,24,28,31,500,0,0,0,477168,477168,0
2280101,fashion-rotations,examples,backprop,0,0.0030,0,1,0,313,-1,-1,-1,500,256,16,15513856,477168,477168,0
2280101,fashion-rotations,examples,backprop,0,0.0030,0,2,0,360,295,264,163,500,1024,64,62055424,477168,477168,0
2280101,fashion-rotations,examples,backprop,0,0.0030,1,0,1,360,295,264,163,500,1024,64,62055424,477168,477168,0
2280101,fashion-rotations,examples,backprop,0,0.0030,1,1,1,-1,320,-1,-1,500,1280,80,77569280,477168,477168,0
2280101,fashion-rotations,examples,backprop,0,0.0030,1,2,1,342,306,239,178,500,2048,128,124110848,477168,477168,0
2280101,fashion-rotations,examples,backprop,0,0.0030,2,0,2,342,306,239,178,500,2048,128,124110848,477168,477168,0
2280101,fashion-rotations,examples,backprop,0,0.0030,2,1,2,-1,-1,330,-1,500,2304,144,139624704,477168,477168,0
2280101,fashion-rotations,examples,backprop,0,0.0030,2,2,2,359,346,352,150,500,3072,192,186166272,477168,477168,0
2280101,fashion-rotations,examples,backprop,0,0.0030,3,0,3,359,346,352,150,500,3072,192,186166272,477168,477168,0
2280101,fashion-rotations,examples,backprop,0,0.0030,3,1,3,-1,-1,-1,319,500,3328,208,201680128,477168,477168,0
2280101,fashion-rotations,examples,backprop,0,0.0030,3,2,3,323,354,281,354,500,4096,256,248221696,477168,477168,0
2280101,fashion-rotations,examples,backprop,0,0.0030,4,0,0,323,354,281,354,500,4096,256,248221696,477168,477168,0
2280101,fashion-rotations,examples,backprop,0,0.0030,4,1,0,360,-1,-1,-1,500,4352,272,263735552,477168,477168,0
2280101,fashion-rotations,examples,backprop,0,0.0030,4,2,0,367,336,326,281,500,5120,320,310277120,477168,477168,0
2280101,fashion-rotations,examples,backprop,0,0.0030,5,0,2,367,336,326,281,500,5120,320,310277120,477168,477168,0
2280101,fashion-rotations,examples,backprop,0,0.0030,5,1,2,-1,-1,356,-1,500,5376,336,325790976,477168,477168,0
2280101,fashion-rotations,examples,backprop,0,0.0030,5,2,2,378,343,358,263,500,6144,384,372332544,477168,477168,0
2280101,fashion-rotations,examples,backprop,0,0.0030,6,0,1,378,343,358,263,500,6144,384,372332544,477168,477168,0
2280101,fashion-rotations,examples,backprop,0,0.0030,6,1,1,-1,366,-1,-1,500,6400,400,387846400,477168,477168,0
2280101,fashion-rotations,examples,backprop,0,0.0030,6,2,1,376,382,357,333,500,7168,448,434387968,477168,477168,0
2280101,fashion-rotations,examples,backprop,0,0.0030,7,0,3,376,382,357,333,500,7168,448,434387968,477168,477168,0
2280101,fashion-rotations,examples,backprop,0,0.0030,7,1,3,-1,-1,-1,371,500,7424,464,449901824,477168,477168,0
2280101,fashion-rotations,examples,backprop,0,0.0030,7,2,3,370,381,334,383,500,8192,512,496443392,477168,477168,0
2280101,fashion-rotations,examples,backprop,0,0.0030,8,0,2,370,381,334,383,500,8192,512,496443392,477168,477168,0
2280101,fashion-rotations,examples,backprop,0,0.0030,8,1,2,-1,-1,350,-1,500,8448,528,511957248,477168,477168,0
2280101,fashion-rotations,examples,backprop,0,0.0030,8,2,2,371,373,366,347,500,9216,576,558498816,477168,477168,0
2280101,fashion-rotations,examples,backprop,0,0.0030,9,0,0,371,373,366,347,500,9216,576,558498816,477168,477168,0
2280101,fashion-rotations,examples,backprop,0,0.0030,9,1,0,377,-1,-1,-1,500,9472,592,574012672,477168,477168,0
2280101,fashion-rotations,examples,backprop,0,0.0030,9,2,0,384,380,380,336,500,10240,640,620554240,477168,477168,0
2280101,fashion-rotations,examples,backprop,0,0.0030,10,0,3,384,380,380,336,500,10240,640,620554240,477168,477168,0
2280101,fashion-rotations,examples,backprop,0,0.0030,10,1,3,-1,-1,-1,377,500,10496,656,636068096,477168,477168,0
2280101,fashion-rotations,examples,backprop,0,0.0030,10,2,3,368,370,356,379,500,11264,704,682609664,477168,477168,0
2280101,fashion-rotations,examples,backprop,0,0.0030,11,0,1,368,370,356,379,500,11264,704,682609664,477168,477168,0
2280101,fashion-rotations,examples,backprop,0,0.0030,11,1,1,-1,372,-1,-1,500,11520,720,698123520,477168,477168,0
2280101,fashion-rotations,examples,backprop,0,0.0030,11,2,1,381,379,351,369,500,12288,768,744665088,477168,477168,0
2280101,fashion-rotations,work,jayce,24,0.0300,0,0,0,50,50,50,50,500,0,0,0,40,376360,0
2280101,fashion-rotations,work,jayce,24,0.0300,0,1,0,351,-1,-1,-1,500,496,31,3816384,376360,376360,240
2280101,fashion-rotations,work,jayce,24,0.0300,0,2,0,361,268,279,146,500,1312,82,15831168,376360,376360,240
2280101,fashion-rotations,work,jayce,24,0.0300,1,0,1,361,268,279,146,500,1312,82,15831168,376360,376360,240
2280101,fashion-rotations,work,jayce,24,0.0300,1,1,1,-1,318,-1,-1,500,1568,98,19600512,376360,376360,240
2280101,fashion-rotations,work,jayce,24,0.0300,1,2,1,363,331,280,308,500,2384,149,31615296,376360,376360,240
2280101,fashion-rotations,work,jayce,24,0.0300,2,0,2,363,331,280,308,500,2384,149,31615296,376360,376360,240
2280101,fashion-rotations,work,jayce,24,0.0300,2,1,2,-1,-1,309,-1,500,2640,165,35384640,376360,376360,240
2280101,fashion-rotations,work,jayce,24,0.0300,2,2,2,366,336,344,318,500,3456,216,47399424,376360,376360,240
2280101,fashion-rotations,work,jayce,24,0.0300,3,0,3,366,336,344,318,500,3456,216,47399424,376360,376360,240
2280101,fashion-rotations,work,jayce,24,0.0300,3,1,3,-1,-1,-1,337,500,3712,232,51168768,376360,376360,240
2280101,fashion-rotations,work,jayce,24,0.0300,3,2,3,354,313,339,336,500,4528,283,63183552,376360,376360,240
2280101,fashion-rotations,work,jayce,24,0.0300,4,0,0,354,313,339,336,500,4528,283,63183552,376360,376360,240
2280101,fashion-rotations,work,jayce,24,0.0300,4,1,0,353,-1,-1,-1,500,4784,299,66952896,376360,376360,240
2280101,fashion-rotations,work,jayce,24,0.0300,4,2,0,357,313,339,334,500,5600,350,78967680,376360,376360,240
2280101,fashion-rotations,work,jayce,24,0.0300,5,0,2,357,313,339,334,500,5600,350,78967680,376360,376360,240
2280101,fashion-rotations,work,jayce,24,0.0300,5,1,2,-1,-1,357,-1,500,5856,366,82737024,376360,376360,240
2280101,fashion-rotations,work,jayce,24,0.0300,5,2,2,360,327,348,336,500,6672,417,94751808,376360,376360,240
2280101,fashion-rotations,work,jayce,24,0.0300,6,0,1,360,327,348,336,500,6672,417,94751808,376360,376360,240
2280101,fashion-rotations,work,jayce,24,0.0300,6,1,1,-1,334,-1,-1,500,6928,433,98521152,376360,376360,240
2280101,fashion-rotations,work,jayce,24,0.0300,6,2,1,361,347,351,321,500,7744,484,110535936,376360,376360,240
2280101,fashion-rotations,work,jayce,24,0.0300,7,0,3,361,347,351,321,500,7744,484,110535936,376360,376360,240
2280101,fashion-rotations,work,jayce,24,0.0300,7,1,3,-1,-1,-1,335,500,8000,500,114305280,376360,376360,240
2280101,fashion-rotations,work,jayce,24,0.0300,7,2,3,362,320,352,339,500,8816,551,126320064,376360,376360,240
2280101,fashion-rotations,work,jayce,24,0.0300,8,0,2,362,320,352,339,500,8816,551,126320064,376360,376360,240
2280101,fashion-rotations,work,jayce,24,0.0300,8,1,2,-1,-1,360,-1,500,9072,567,130089408,376360,376360,240
2280101,fashion-rotations,work,jayce,24,0.0300,8,2,2,358,329,355,337,500,9888,618,142104192,376360,376360,240
2280101,fashion-rotations,work,jayce,24,0.0300,9,0,0,358,329,355,337,500,9888,618,142104192,376360,376360,240
2280101,fashion-rotations,work,jayce,24,0.0300,9,1,0,365,-1,-1,-1,500,10144,634,145873536,376360,376360,240
2280101,fashion-rotations,work,jayce,24,0.0300,9,2,0,365,322,362,332,500,10960,685,157888320,376360,376360,240
2280101,fashion-rotations,work,jayce,24,0.0300,10,0,3,365,322,362,332,500,10960,685,157888320,376360,376360,240
2280101,fashion-rotations,work,jayce,24,0.0300,10,1,3,-1,-1,-1,333,500,11216,701,161657664,376360,376360,240
2280101,fashion-rotations,work,jayce,24,0.0300,10,2,3,368,313,354,342,500,12032,752,173672448,376360,376360,240
2280101,fashion-rotations,work,jayce,24,0.0300,11,0,1,368,313,354,342,500,12032,752,173672448,376360,376360,240
2280101,fashion-rotations,work,jayce,24,0.0300,11,1,1,-1,320,-1,-1,500,12288,768,177441792,376360,376360,240
2280101,fashion-rotations,work,jayce,24,0.0300,11,2,1,374,346,345,338,500,13104,819,189456576,376360,376360,240
2280101,fashion-rotations,work,backprop,0,0.0030,0,0,0,35,24,28,31,500,0,0,0,477168,477168,0
2280101,fashion-rotations,work,backprop,0,0.0030,0,1,0,186,-1,-1,-1,500,64,4,3878464,477168,477168,0
2280101,fashion-rotations,work,backprop,0,0.0030,0,2,0,313,265,250,222,500,256,16,15513856,477168,477168,0
2280101,fashion-rotations,work,backprop,0,0.0030,1,0,1,313,265,250,222,500,256,16,15513856,477168,477168,0
2280101,fashion-rotations,work,backprop,0,0.0030,1,1,1,-1,269,-1,-1,500,320,20,19392320,477168,477168,0
2280101,fashion-rotations,work,backprop,0,0.0030,1,2,1,314,319,243,258,500,512,32,31027712,477168,477168,0
2280101,fashion-rotations,work,backprop,0,0.0030,2,0,2,314,319,243,258,500,512,32,31027712,477168,477168,0
2280101,fashion-rotations,work,backprop,0,0.0030,2,1,2,-1,-1,257,-1,500,576,36,34906176,477168,477168,0
2280101,fashion-rotations,work,backprop,0,0.0030,2,2,2,321,299,299,227,500,768,48,46541568,477168,477168,0
2280101,fashion-rotations,work,backprop,0,0.0030,3,0,3,321,299,299,227,500,768,48,46541568,477168,477168,0
2280101,fashion-rotations,work,backprop,0,0.0030,3,1,3,-1,-1,-1,257,500,832,52,50420032,477168,477168,0
2280101,fashion-rotations,work,backprop,0,0.0030,3,2,3,294,301,257,303,500,1024,64,62055424,477168,477168,0
2280101,fashion-rotations,work,backprop,0,0.0030,4,0,0,294,301,257,303,500,1024,64,62055424,477168,477168,0
2280101,fashion-rotations,work,backprop,0,0.0030,4,1,0,302,-1,-1,-1,500,1088,68,65933888,477168,477168,0
2280101,fashion-rotations,work,backprop,0,0.0030,4,2,0,335,314,286,211,500,1280,80,77569280,477168,477168,0
2280101,fashion-rotations,work,backprop,0,0.0030,5,0,2,335,314,286,211,500,1280,80,77569280,477168,477168,0
2280101,fashion-rotations,work,backprop,0,0.0030,5,1,2,-1,-1,323,-1,500,1344,84,81447744,477168,477168,0
2280101,fashion-rotations,work,backprop,0,0.0030,5,2,2,334,333,339,309,500,1536,96,93083136,477168,477168,0
2280101,fashion-rotations,work,backprop,0,0.0030,6,0,1,334,333,339,309,500,1536,96,93083136,477168,477168,0
2280101,fashion-rotations,work,backprop,0,0.0030,6,1,1,-1,352,-1,-1,500,1600,100,96961600,477168,477168,0
2280101,fashion-rotations,work,backprop,0,0.0030,6,2,1,360,360,331,322,500,1792,112,108596992,477168,477168,0
2280101,fashion-rotations,work,backprop,0,0.0030,7,0,3,360,360,331,322,500,1792,112,108596992,477168,477168,0
2280101,fashion-rotations,work,backprop,0,0.0030,7,1,3,-1,-1,-1,316,500,1856,116,112475456,477168,477168,0
2280101,fashion-rotations,work,backprop,0,0.0030,7,2,3,355,358,312,351,500,2048,128,124110848,477168,477168,0
2280101,fashion-rotations,work,backprop,0,0.0030,8,0,2,355,358,312,351,500,2048,128,124110848,477168,477168,0
2280101,fashion-rotations,work,backprop,0,0.0030,8,1,2,-1,-1,303,-1,500,2112,132,127989312,477168,477168,0
2280101,fashion-rotations,work,backprop,0,0.0030,8,2,2,363,348,339,296,500,2304,144,139624704,477168,477168,0
2280101,fashion-rotations,work,backprop,0,0.0030,9,0,0,363,348,339,296,500,2304,144,139624704,477168,477168,0
2280101,fashion-rotations,work,backprop,0,0.0030,9,1,0,351,-1,-1,-1,500,2368,148,143503168,477168,477168,0
2280101,fashion-rotations,work,backprop,0,0.0030,9,2,0,369,347,344,280,500,2560,160,155138560,477168,477168,0
2280101,fashion-rotations,work,backprop,0,0.0030,10,0,3,369,347,344,280,500,2560,160,155138560,477168,477168,0
2280101,fashion-rotations,work,backprop,0,0.0030,10,1,3,-1,-1,-1,330,500,2624,164,159017024,477168,477168,0
2280101,fashion-rotations,work,backprop,0,0.0030,10,2,3,340,336,323,343,500,2816,176,170652416,477168,477168,0
2280101,fashion-rotations,work,backprop,0,0.0030,11,0,1,340,336,323,343,500,2816,176,170652416,477168,477168,0
2280101,fashion-rotations,work,backprop,0,0.0030,11,1,1,-1,337,-1,-1,500,2880,180,174530880,477168,477168,0
2280101,fashion-rotations,work,backprop,0,0.0030,11,2,1,356,353,328,319,500,3072,192,186166272,477168,477168,0
2280101,fashion-rotations,memory,jayce,30,0.0100,0,0,0,50,50,50,50,500,0,0,0,40,470440,0
2280101,fashion-rotations,memory,jayce,30,0.0100,0,1,0,347,-1,-1,-1,500,256,16,212734,387336,470440,247
2280101,fashion-rotations,memory,jayce,30,0.0100,0,2,0,358,276,270,157,500,1024,64,13277592,470440,470440,300
2280101,fashion-rotations,memory,jayce,30,0.0100,1,0,1,358,276,270,157,500,1024,64,13277592,470440,470440,300
2280101,fashion-rotations,memory,jayce,30,0.0100,1,1,1,-1,288,-1,-1,500,1280,80,17951640,470440,470440,300
2280101,fashion-rotations,memory,jayce,30,0.0100,1,2,1,361,314,284,259,500,2048,128,31973784,470440,470440,300
2280101,fashion-rotations,memory,jayce,30,0.0100,2,0,2,361,314,284,259,500,2048,128,31973784,470440,470440,300
2280101,fashion-rotations,memory,jayce,30,0.0100,2,1,2,-1,-1,297,-1,500,2304,144,36647832,470440,470440,300
2280101,fashion-rotations,memory,jayce,30,0.0100,2,2,2,362,313,305,267,500,3072,192,50669976,470440,470440,300
2280101,fashion-rotations,memory,jayce,30,0.0100,3,0,3,362,313,305,267,500,3072,192,50669976,470440,470440,300
2280101,fashion-rotations,memory,jayce,30,0.0100,3,1,3,-1,-1,-1,285,500,3328,208,55344024,470440,470440,300
2280101,fashion-rotations,memory,jayce,30,0.0100,3,2,3,362,319,306,331,500,4096,256,69366168,470440,470440,300
2280101,fashion-rotations,memory,jayce,30,0.0100,4,0,0,362,319,306,331,500,4096,256,69366168,470440,470440,300
2280101,fashion-rotations,memory,jayce,30,0.0100,4,1,0,365,-1,-1,-1,500,4352,272,74040216,470440,470440,300
2280101,fashion-rotations,memory,jayce,30,0.0100,4,2,0,370,319,309,328,500,5120,320,88062360,470440,470440,300
2280101,fashion-rotations,memory,jayce,30,0.0100,5,0,2,370,319,309,328,500,5120,320,88062360,470440,470440,300
2280101,fashion-rotations,memory,jayce,30,0.0100,5,1,2,-1,-1,310,-1,500,5376,336,92736408,470440,470440,300
2280101,fashion-rotations,memory,jayce,30,0.0100,5,2,2,369,322,333,327,500,6144,384,106758552,470440,470440,300
2280101,fashion-rotations,memory,jayce,30,0.0100,6,0,1,369,322,333,327,500,6144,384,106758552,470440,470440,300
2280101,fashion-rotations,memory,jayce,30,0.0100,6,1,1,-1,322,-1,-1,500,6400,400,111432600,470440,470440,300
2280101,fashion-rotations,memory,jayce,30,0.0100,6,2,1,369,329,332,334,500,7168,448,125454744,470440,470440,300
2280101,fashion-rotations,memory,jayce,30,0.0100,7,0,3,369,329,332,334,500,7168,448,125454744,470440,470440,300
2280101,fashion-rotations,memory,jayce,30,0.0100,7,1,3,-1,-1,-1,336,500,7424,464,130128792,470440,470440,300
2280101,fashion-rotations,memory,jayce,30,0.0100,7,2,3,369,312,328,341,500,8192,512,144150936,470440,470440,300
2280101,fashion-rotations,memory,jayce,30,0.0100,8,0,2,369,312,328,341,500,8192,512,144150936,470440,470440,300
2280101,fashion-rotations,memory,jayce,30,0.0100,8,1,2,-1,-1,334,-1,500,8448,528,148824984,470440,470440,300
2280101,fashion-rotations,memory,jayce,30,0.0100,8,2,2,361,312,343,340,500,9216,576,162847128,470440,470440,300
2280101,fashion-rotations,memory,jayce,30,0.0100,9,0,0,361,312,343,340,500,9216,576,162847128,470440,470440,300
2280101,fashion-rotations,memory,jayce,30,0.0100,9,1,0,364,-1,-1,-1,500,9472,592,167521176,470440,470440,300
2280101,fashion-rotations,memory,jayce,30,0.0100,9,2,0,369,314,344,334,500,10240,640,181543320,470440,470440,300
2280101,fashion-rotations,memory,jayce,30,0.0100,10,0,3,369,314,344,334,500,10240,640,181543320,470440,470440,300
2280101,fashion-rotations,memory,jayce,30,0.0100,10,1,3,-1,-1,-1,340,500,10496,656,186217368,470440,470440,300
2280101,fashion-rotations,memory,jayce,30,0.0100,10,2,3,366,294,345,336,500,11264,704,200239512,470440,470440,300
2280101,fashion-rotations,memory,jayce,30,0.0100,11,0,1,366,294,345,336,500,11264,704,200239512,470440,470440,300
2280101,fashion-rotations,memory,jayce,30,0.0100,11,1,1,-1,309,-1,-1,500,11520,720,204913560,470440,470440,300
2280101,fashion-rotations,memory,jayce,30,0.0100,11,2,1,365,335,338,332,500,12288,768,218935704,470440,470440,300
2280101,fashion-rotations,memory,backprop,0,0.0030,0,0,0,35,24,28,31,500,0,0,0,477168,477168,0
2280101,fashion-rotations,memory,backprop,0,0.0030,0,1,0,313,-1,-1,-1,500,256,16,15513856,477168,477168,0
2280101,fashion-rotations,memory,backprop,0,0.0030,0,2,0,360,295,264,163,500,1024,64,62055424,477168,477168,0
2280101,fashion-rotations,memory,backprop,0,0.0030,1,0,1,360,295,264,163,500,1024,64,62055424,477168,477168,0
2280101,fashion-rotations,memory,backprop,0,0.0030,1,1,1,-1,320,-1,-1,500,1280,80,77569280,477168,477168,0
2280101,fashion-rotations,memory,backprop,0,0.0030,1,2,1,342,306,239,178,500,2048,128,124110848,477168,477168,0
2280101,fashion-rotations,memory,backprop,0,0.0030,2,0,2,342,306,239,178,500,2048,128,124110848,477168,477168,0
2280101,fashion-rotations,memory,backprop,0,0.0030,2,1,2,-1,-1,330,-1,500,2304,144,139624704,477168,477168,0
2280101,fashion-rotations,memory,backprop,0,0.0030,2,2,2,359,346,352,150,500,3072,192,186166272,477168,477168,0
2280101,fashion-rotations,memory,backprop,0,0.0030,3,0,3,359,346,352,150,500,3072,192,186166272,477168,477168,0
2280101,fashion-rotations,memory,backprop,0,0.0030,3,1,3,-1,-1,-1,319,500,3328,208,201680128,477168,477168,0
2280101,fashion-rotations,memory,backprop,0,0.0030,3,2,3,323,354,281,354,500,4096,256,248221696,477168,477168,0
2280101,fashion-rotations,memory,backprop,0,0.0030,4,0,0,323,354,281,354,500,4096,256,248221696,477168,477168,0
2280101,fashion-rotations,memory,backprop,0,0.0030,4,1,0,360,-1,-1,-1,500,4352,272,263735552,477168,477168,0
2280101,fashion-rotations,memory,backprop,0,0.0030,4,2,0,367,336,326,281,500,5120,320,310277120,477168,477168,0
2280101,fashion-rotations,memory,backprop,0,0.0030,5,0,2,367,336,326,281,500,5120,320,310277120,477168,477168,0
2280101,fashion-rotations,memory,backprop,0,0.0030,5,1,2,-1,-1,356,-1,500,5376,336,325790976,477168,477168,0
2280101,fashion-rotations,memory,backprop,0,0.0030,5,2,2,378,343,358,263,500,6144,384,372332544,477168,477168,0
2280101,fashion-rotations,memory,backprop,0,0.0030,6,0,1,378,343,358,263,500,6144,384,372332544,477168,477168,0
2280101,fashion-rotations,memory,backprop,0,0.0030,6,1,1,-1,366,-1,-1,500,6400,400,387846400,477168,477168,0
2280101,fashion-rotations,memory,backprop,0,0.0030,6,2,1,376,382,357,333,500,7168,448,434387968,477168,477168,0
2280101,fashion-rotations,memory,backprop,0,0.0030,7,0,3,376,382,357,333,500,7168,448,434387968,477168,477168,0
2280101,fashion-rotations,memory,backprop,0,0.0030,7,1,3,-1,-1,-1,371,500,7424,464,449901824,477168,477168,0
2280101,fashion-rotations,memory,backprop,0,0.0030,7,2,3,370,381,334,383,500,8192,512,496443392,477168,477168,0
2280101,fashion-rotations,memory,backprop,0,0.0030,8,0,2,370,381,334,383,500,8192,512,496443392,477168,477168,0
2280101,fashion-rotations,memory,backprop,0,0.0030,8,1,2,-1,-1,350,-1,500,8448,528,511957248,477168,477168,0
2280101,fashion-rotations,memory,backprop,0,0.0030,8,2,2,371,373,366,347,500,9216,576,558498816,477168,477168,0
2280101,fashion-rotations,memory,backprop,0,0.0030,9,0,0,371,373,366,347,500,9216,576,558498816,477168,477168,0
2280101,fashion-rotations,memory,backprop,0,0.0030,9,1,0,377,-1,-1,-1,500,9472,592,574012672,477168,477168,0
2280101,fashion-rotations,memory,backprop,0,0.0030,9,2,0,384,380,380,336,500,10240,640,620554240,477168,477168,0
2280101,fashion-rotations,memory,backprop,0,0.0030,10,0,3,384,380,380,336,500,10240,640,620554240,477168,477168,0
2280101,fashion-rotations,memory,backprop,0,0.0030,10,1,3,-1,-1,-1,377,500,10496,656,636068096,477168,477168,0
2280101,fashion-rotations,memory,backprop,0,0.0030,10,2,3,368,370,356,379,500,11264,704,682609664,477168,477168,0
2280101,fashion-rotations,memory,backprop,0,0.0030,11,0,1,368,370,356,379,500,11264,704,682609664,477168,477168,0
2280101,fashion-rotations,memory,backprop,0,0.0030,11,1,1,-1,372,-1,-1,500,11520,720,698123520,477168,477168,0
2280101,fashion-rotations,memory,backprop,0,0.0030,11,2,1,381,379,351,369,500,12288,768,744665088,477168,477168,0
2384830,fashion-rotations,examples,jayce,48,0.0300,0,0,0,50,50,50,50,500,0,0,0,40,752680,0
2384830,fashion-rotations,examples,jayce,48,0.0300,0,1,0,362,-1,-1,-1,500,256,16,50176,401448,752680,256
2384830,fashion-rotations,examples,jayce,48,0.0300,0,2,0,370,292,292,181,500,1024,64,15793920,752680,752680,480
2384830,fashion-rotations,examples,jayce,48,0.0300,1,0,1,370,292,292,181,500,1024,64,15793920,752680,752680,480
2384830,fashion-rotations,examples,jayce,48,0.0300,1,1,1,-1,325,-1,-1,500,1280,80,23182080,752680,752680,480
2384830,fashion-rotations,examples,jayce,48,0.0300,1,2,1,371,345,291,314,500,2048,128,45346560,752680,752680,480
2384830,fashion-rotations,examples,jayce,48,0.0300,2,0,2,371,345,291,314,500,2048,128,45346560,752680,752680,480
2384830,fashion-rotations,examples,jayce,48,0.0300,2,1,2,-1,-1,323,-1,500,2304,144,52734720,752680,752680,480
2384830,fashion-rotations,examples,jayce,48,0.0300,2,2,2,369,349,357,308,500,3072,192,74899200,752680,752680,480
2384830,fashion-rotations,examples,jayce,48,0.0300,3,0,3,369,349,357,308,500,3072,192,74899200,752680,752680,480
2384830,fashion-rotations,examples,jayce,48,0.0300,3,1,3,-1,-1,-1,344,500,3328,208,82287360,752680,752680,480
2384830,fashion-rotations,examples,jayce,48,0.0300,3,2,3,369,314,359,358,500,4096,256,104451840,752680,752680,480
2384830,fashion-rotations,examples,jayce,48,0.0300,4,0,0,369,314,359,358,500,4096,256,104451840,752680,752680,480
2384830,fashion-rotations,examples,jayce,48,0.0300,4,1,0,366,-1,-1,-1,500,4352,272,111840000,752680,752680,480
2384830,fashion-rotations,examples,jayce,48,0.0300,4,2,0,370,308,362,358,500,5120,320,134004480,752680,752680,480
2384830,fashion-rotations,examples,jayce,48,0.0300,5,0,2,370,308,362,358,500,5120,320,134004480,752680,752680,480
2384830,fashion-rotations,examples,jayce,48,0.0300,5,1,2,-1,-1,364,-1,500,5376,336,141392640,752680,752680,480
2384830,fashion-rotations,examples,jayce,48,0.0300,5,2,2,367,303,360,353,500,6144,384,163557120,752680,752680,480
2384830,fashion-rotations,examples,jayce,48,0.0300,6,0,1,367,303,360,353,500,6144,384,163557120,752680,752680,480
2384830,fashion-rotations,examples,jayce,48,0.0300,6,1,1,-1,332,-1,-1,500,6400,400,170945280,752680,752680,480
2384830,fashion-rotations,examples,jayce,48,0.0300,6,2,1,368,356,359,341,500,7168,448,193109760,752680,752680,480
2384830,fashion-rotations,examples,jayce,48,0.0300,7,0,3,368,356,359,341,500,7168,448,193109760,752680,752680,480
2384830,fashion-rotations,examples,jayce,48,0.0300,7,1,3,-1,-1,-1,355,500,7424,464,200497920,752680,752680,480
2384830,fashion-rotations,examples,jayce,48,0.0300,7,2,3,367,315,352,352,500,8192,512,222662400,752680,752680,480
2384830,fashion-rotations,examples,jayce,48,0.0300,8,0,2,367,315,352,352,500,8192,512,222662400,752680,752680,480
2384830,fashion-rotations,examples,jayce,48,0.0300,8,1,2,-1,-1,364,-1,500,8448,528,230050560,752680,752680,480
2384830,fashion-rotations,examples,jayce,48,0.0300,8,2,2,359,309,367,350,500,9216,576,252215040,752680,752680,480
2384830,fashion-rotations,examples,jayce,48,0.0300,9,0,0,359,309,367,350,500,9216,576,252215040,752680,752680,480
2384830,fashion-rotations,examples,jayce,48,0.0300,9,1,0,362,-1,-1,-1,500,9472,592,259603200,752680,752680,480
2384830,fashion-rotations,examples,jayce,48,0.0300,9,2,0,367,300,367,347,500,10240,640,281767680,752680,752680,480
2384830,fashion-rotations,examples,jayce,48,0.0300,10,0,3,367,300,367,347,500,10240,640,281767680,752680,752680,480
2384830,fashion-rotations,examples,jayce,48,0.0300,10,1,3,-1,-1,-1,351,500,10496,656,289155840,752680,752680,480
2384830,fashion-rotations,examples,jayce,48,0.0300,10,2,3,369,310,363,360,500,11264,704,311320320,752680,752680,480
2384830,fashion-rotations,examples,jayce,48,0.0300,11,0,1,369,310,363,360,500,11264,704,311320320,752680,752680,480
2384830,fashion-rotations,examples,jayce,48,0.0300,11,1,1,-1,321,-1,-1,500,11520,720,318708480,752680,752680,480
2384830,fashion-rotations,examples,jayce,48,0.0300,11,2,1,371,356,363,349,500,12288,768,340872960,752680,752680,480
2384830,fashion-rotations,examples,backprop,0,0.0030,0,0,0,28,26,30,21,500,0,0,0,477168,477168,0
2384830,fashion-rotations,examples,backprop,0,0.0030,0,1,0,282,-1,-1,-1,500,256,16,15513856,477168,477168,0
2384830,fashion-rotations,examples,backprop,0,0.0030,0,2,0,369,286,273,165,500,1024,64,62055424,477168,477168,0
2384830,fashion-rotations,examples,backprop,0,0.0030,1,0,1,369,286,273,165,500,1024,64,62055424,477168,477168,0
2384830,fashion-rotations,examples,backprop,0,0.0030,1,1,1,-1,359,-1,-1,500,1280,80,77569280,477168,477168,0
2384830,fashion-rotations,examples,backprop,0,0.0030,1,2,1,371,380,278,271,500,2048,128,124110848,477168,477168,0
2384830,fashion-rotations,examples,backprop,0,0.0030,2,0,2,371,380,278,271,500,2048,128,124110848,477168,477168,0
2384830,fashion-rotations,examples,backprop,0,0.0030,2,1,2,-1,-1,323,-1,500,2304,144,139624704,477168,477168,0
2384830,fashion-rotations,examples,backprop,0,0.0030,2,2,2,373,365,364,190,500,3072,192,186166272,477168,477168,0
2384830,fashion-rotations,examples,backprop,0,0.0030,3,0,3,373,365,364,190,500,3072,192,186166272,477168,477168,0
2384830,fashion-rotations,examples,backprop,0,0.0030,3,1,3,-1,-1,-1,321,500,3328,208,201680128,477168,477168,0
2384830,fashion-rotations,examples,backprop,0,0.0030,3,2,3,364,367,308,370,500,4096,256,248221696,477168,477168,0
2384830,fashion-rotations,examples,backprop,0,0.0030,4,0,0,364,367,308,370,500,4096,256,248221696,477168,477168,0
2384830,fashion-rotations,examples,backprop,0,0.0030,4,1,0,367,-1,-1,-1,500,4352,272,263735552,477168,477168,0
2384830,fashion-rotations,examples,backprop,0,0.0030,4,2,0,371,366,286,334,500,5120,320,310277120,477168,477168,0
2384830,fashion-rotations,examples,backprop,0,0.0030,5,0,2,371,366,286,334,500,5120,320,310277120,477168,477168,0
2384830,fashion-rotations,examples,backprop,0,0.0030,5,1,2,-1,-1,364,-1,500,5376,336,325790976,477168,477168,0
2384830,fashion-rotations,examples,backprop,0,0.0030,5,2,2,377,366,373,295,500,6144,384,372332544,477168,477168,0
2384830,fashion-rotations,examples,backprop,0,0.0030,6,0,1,377,366,373,295,500,6144,384,372332544,477168,477168,0
2384830,fashion-rotations,examples,backprop,0,0.0030,6,1,1,-1,379,-1,-1,500,6400,400,387846400,477168,477168,0
2384830,fashion-rotations,examples,backprop,0,0.0030,6,2,1,390,386,360,357,500,7168,448,434387968,477168,477168,0
2384830,fashion-rotations,examples,backprop,0,0.0030,7,0,3,390,386,360,357,500,7168,448,434387968,477168,477168,0
2384830,fashion-rotations,examples,backprop,0,0.0030,7,1,3,-1,-1,-1,360,500,7424,464,449901824,477168,477168,0
2384830,fashion-rotations,examples,backprop,0,0.0030,7,2,3,359,373,318,382,500,8192,512,496443392,477168,477168,0
2384830,fashion-rotations,examples,backprop,0,0.0030,8,0,2,359,373,318,382,500,8192,512,496443392,477168,477168,0
2384830,fashion-rotations,examples,backprop,0,0.0030,8,1,2,-1,-1,341,-1,500,8448,528,511957248,477168,477168,0
2384830,fashion-rotations,examples,backprop,0,0.0030,8,2,2,377,368,373,365,500,9216,576,558498816,477168,477168,0
2384830,fashion-rotations,examples,backprop,0,0.0030,9,0,0,377,368,373,365,500,9216,576,558498816,477168,477168,0
2384830,fashion-rotations,examples,backprop,0,0.0030,9,1,0,379,-1,-1,-1,500,9472,592,574012672,477168,477168,0
2384830,fashion-rotations,examples,backprop,0,0.0030,9,2,0,391,375,368,325,500,10240,640,620554240,477168,477168,0
2384830,fashion-rotations,examples,backprop,0,0.0030,10,0,3,391,375,368,325,500,10240,640,620554240,477168,477168,0
2384830,fashion-rotations,examples,backprop,0,0.0030,10,1,3,-1,-1,-1,337,500,10496,656,636068096,477168,477168,0
2384830,fashion-rotations,examples,backprop,0,0.0030,10,2,3,385,382,353,388,500,11264,704,682609664,477168,477168,0
2384830,fashion-rotations,examples,backprop,0,0.0030,11,0,1,385,382,353,388,500,11264,704,682609664,477168,477168,0
2384830,fashion-rotations,examples,backprop,0,0.0030,11,1,1,-1,386,-1,-1,500,11520,720,698123520,477168,477168,0
2384830,fashion-rotations,examples,backprop,0,0.0030,11,2,1,388,389,357,367,500,12288,768,744665088,477168,477168,0
2384830,fashion-rotations,work,jayce,24,0.0300,0,0,0,50,50,50,50,500,0,0,0,40,376360,0
2384830,fashion-rotations,work,jayce,24,0.0300,0,1,0,365,-1,-1,-1,500,496,31,3816384,376360,376360,240
2384830,fashion-rotations,work,jayce,24,0.0300,0,2,0,372,289,298,210,500,1312,82,15831168,376360,376360,240
2384830,fashion-rotations,work,jayce,24,0.0300,1,0,1,372,289,298,210,500,1312,82,15831168,376360,376360,240
2384830,fashion-rotations,work,jayce,24,0.0300,1,1,1,-1,323,-1,-1,500,1568,98,19600512,376360,376360,240
2384830,fashion-rotations,work,jayce,24,0.0300,1,2,1,378,367,298,315,500,2384,149,31615296,376360,376360,240
2384830,fashion-rotations,work,jayce,24,0.0300,2,0,2,378,367,298,315,500,2384,149,31615296,376360,376360,240
2384830,fashion-rotations,work,jayce,24,0.0300,2,1,2,-1,-1,327,-1,500,2640,165,35384640,376360,376360,240
2384830,fashion-rotations,work,jayce,24,0.0300,2,2,2,376,364,359,325,500,3456,216,47399424,376360,376360,240
2384830,fashion-rotations,work,jayce,24,0.0300,3,0,3,376,364,359,325,500,3456,216,47399424,376360,376360,240
2384830,fashion-rotations,work,jayce,24,0.0300,3,1,3,-1,-1,-1,358,500,3712,232,51168768,376360,376360,240
2384830,fashion-rotations,work,jayce,24,0.0300,3,2,3,367,329,358,360,500,4528,283,63183552,376360,376360,240
2384830,fashion-rotations,work,jayce,24,0.0300,4,0,0,367,329,358,360,500,4528,283,63183552,376360,376360,240
2384830,fashion-rotations,work,jayce,24,0.0300,4,1,0,371,-1,-1,-1,500,4784,299,66952896,376360,376360,240
2384830,fashion-rotations,work,jayce,24,0.0300,4,2,0,375,328,356,355,500,5600,350,78967680,376360,376360,240
2384830,fashion-rotations,work,jayce,24,0.0300,5,0,2,375,328,356,355,500,5600,350,78967680,376360,376360,240
2384830,fashion-rotations,work,jayce,24,0.0300,5,1,2,-1,-1,360,-1,500,5856,366,82737024,376360,376360,240
2384830,fashion-rotations,work,jayce,24,0.0300,5,2,2,375,340,371,352,500,6672,417,94751808,376360,376360,240
2384830,fashion-rotations,work,jayce,24,0.0300,6,0,1,375,340,371,352,500,6672,417,94751808,376360,376360,240
2384830,fashion-rotations,work,jayce,24,0.0300,6,1,1,-1,368,-1,-1,500,6928,433,98521152,376360,376360,240
2384830,fashion-rotations,work,jayce,24,0.0300,6,2,1,373,375,365,312,500,7744,484,110535936,376360,376360,240
2384830,fashion-rotations,work,jayce,24,0.0300,7,0,3,373,375,365,312,500,7744,484,110535936,376360,376360,240
2384830,fashion-rotations,work,jayce,24,0.0300,7,1,3,-1,-1,-1,352,500,8000,500,114305280,376360,376360,240
2384830,fashion-rotations,work,jayce,24,0.0300,7,2,3,369,310,358,361,500,8816,551,126320064,376360,376360,240
2384830,fashion-rotations,work,jayce,24,0.0300,8,0,2,369,310,358,361,500,8816,551,126320064,376360,376360,240
2384830,fashion-rotations,work,jayce,24,0.0300,8,1,2,-1,-1,362,-1,500,9072,567,130089408,376360,376360,240
2384830,fashion-rotations,work,jayce,24,0.0300,8,2,2,367,327,370,361,500,9888,618,142104192,376360,376360,240
2384830,fashion-rotations,work,jayce,24,0.0300,9,0,0,367,327,370,361,500,9888,618,142104192,376360,376360,240
2384830,fashion-rotations,work,jayce,24,0.0300,9,1,0,372,-1,-1,-1,500,10144,634,145873536,376360,376360,240
2384830,fashion-rotations,work,jayce,24,0.0300,9,2,0,380,324,368,357,500,10960,685,157888320,376360,376360,240
2384830,fashion-rotations,work,jayce,24,0.0300,10,0,3,380,324,368,357,500,10960,685,157888320,376360,376360,240
2384830,fashion-rotations,work,jayce,24,0.0300,10,1,3,-1,-1,-1,362,500,11216,701,161657664,376360,376360,240
2384830,fashion-rotations,work,jayce,24,0.0300,10,2,3,375,308,356,366,500,12032,752,173672448,376360,376360,240
2384830,fashion-rotations,work,jayce,24,0.0300,11,0,1,375,308,356,366,500,12032,752,173672448,376360,376360,240
2384830,fashion-rotations,work,jayce,24,0.0300,11,1,1,-1,350,-1,-1,500,12288,768,177441792,376360,376360,240
2384830,fashion-rotations,work,jayce,24,0.0300,11,2,1,369,370,360,334,500,13104,819,189456576,376360,376360,240
2384830,fashion-rotations,work,backprop,0,0.0030,0,0,0,28,26,30,21,500,0,0,0,477168,477168,0
2384830,fashion-rotations,work,backprop,0,0.0030,0,1,0,217,-1,-1,-1,500,64,4,3878464,477168,477168,0
2384830,fashion-rotations,work,backprop,0,0.0030,0,2,0,282,205,232,154,500,256,16,15513856,477168,477168,0
2384830,fashion-rotations,work,backprop,0,0.0030,1,0,1,282,205,232,154,500,256,16,15513856,477168,477168,0
2384830,fashion-rotations,work,backprop,0,0.0030,1,1,1,-1,245,-1,-1,500,320,20,19392320,477168,477168,0
2384830,fashion-rotations,work,backprop,0,0.0030,1,2,1,327,309,273,263,500,512,32,31027712,477168,477168,0
2384830,fashion-rotations,work,backprop,0,0.0030,2,0,2,327,309,273,263,500,512,32,31027712,477168,477168,0
2384830,fashion-rotations,work,backprop,0,0.0030,2,1,2,-1,-1,282,-1,500,576,36,34906176,477168,477168,0
2384830,fashion-rotations,work,backprop,0,0.0030,2,2,2,352,333,310,234,500,768,48,46541568,477168,477168,0
2384830,fashion-rotations,work,backprop,0,0.0030,3,0,3,352,333,310,234,500,768,48,46541568,477168,477168,0
2384830,fashion-rotations,work,backprop,0,0.0030,3,1,3,-1,-1,-1,265,500,832,52,50420032,477168,477168,0
2384830,fashion-rotations,work,backprop,0,0.0030,3,2,3,327,341,304,330,500,1024,64,62055424,477168,477168,0
2384830,fashion-rotations,work,backprop,0,0.0030,4,0,0,327,341,304,330,500,1024,64,62055424,477168,477168,0
2384830,fashion-rotations,work,backprop,0,0.0030,4,1,0,339,-1,-1,-1,500,1088,68,65933888,477168,477168,0
2384830,fashion-rotations,work,backprop,0,0.0030,4,2,0,345,317,282,265,500,1280,80,77569280,477168,477168,0
2384830,fashion-rotations,work,backprop,0,0.0030,5,0,2,345,317,282,265,500,1280,80,77569280,477168,477168,0
2384830,fashion-rotations,work,backprop,0,0.0030,5,1,2,-1,-1,329,-1,500,1344,84,81447744,477168,477168,0
2384830,fashion-rotations,work,backprop,0,0.0030,5,2,2,356,336,338,287,500,1536,96,93083136,477168,477168,0
2384830,fashion-rotations,work,backprop,0,0.0030,6,0,1,356,336,338,287,500,1536,96,93083136,477168,477168,0
2384830,fashion-rotations,work,backprop,0,0.0030,6,1,1,-1,335,-1,-1,500,1600,100,96961600,477168,477168,0
2384830,fashion-rotations,work,backprop,0,0.0030,6,2,1,355,353,328,315,500,1792,112,108596992,477168,477168,0
2384830,fashion-rotations,work,backprop,0,0.0030,7,0,3,355,353,328,315,500,1792,112,108596992,477168,477168,0
2384830,fashion-rotations,work,backprop,0,0.0030,7,1,3,-1,-1,-1,330,500,1856,116,112475456,477168,477168,0
2384830,fashion-rotations,work,backprop,0,0.0030,7,2,3,352,368,333,340,500,2048,128,124110848,477168,477168,0
2384830,fashion-rotations,work,backprop,0,0.0030,8,0,2,352,368,333,340,500,2048,128,124110848,477168,477168,0
2384830,fashion-rotations,work,backprop,0,0.0030,8,1,2,-1,-1,335,-1,500,2112,132,127989312,477168,477168,0
2384830,fashion-rotations,work,backprop,0,0.0030,8,2,2,365,363,351,296,500,2304,144,139624704,477168,477168,0
2384830,fashion-rotations,work,backprop,0,0.0030,9,0,0,365,363,351,296,500,2304,144,139624704,477168,477168,0
2384830,fashion-rotations,work,backprop,0,0.0030,9,1,0,375,-1,-1,-1,500,2368,148,143503168,477168,477168,0
2384830,fashion-rotations,work,backprop,0,0.0030,9,2,0,371,363,340,334,500,2560,160,155138560,477168,477168,0
2384830,fashion-rotations,work,backprop,0,0.0030,10,0,3,371,363,340,334,500,2560,160,155138560,477168,477168,0
2384830,fashion-rotations,work,backprop,0,0.0030,10,1,3,-1,-1,-1,337,500,2624,164,159017024,477168,477168,0
2384830,fashion-rotations,work,backprop,0,0.0030,10,2,3,321,332,284,343,500,2816,176,170652416,477168,477168,0
2384830,fashion-rotations,work,backprop,0,0.0030,11,0,1,321,332,284,343,500,2816,176,170652416,477168,477168,0
2384830,fashion-rotations,work,backprop,0,0.0030,11,1,1,-1,358,-1,-1,500,2880,180,174530880,477168,477168,0
2384830,fashion-rotations,work,backprop,0,0.0030,11,2,1,356,355,301,328,500,3072,192,186166272,477168,477168,0
2384830,fashion-rotations,memory,jayce,30,0.0100,0,0,0,50,50,50,50,500,0,0,0,40,470440,0
2384830,fashion-rotations,memory,jayce,30,0.0100,0,1,0,362,-1,-1,-1,500,256,16,68238,399880,470440,255
2384830,fashion-rotations,memory,jayce,30,0.0100,0,2,0,364,289,308,184,500,1024,64,13277592,470440,470440,300
2384830,fashion-rotations,memory,jayce,30,0.0100,1,0,1,364,289,308,184,500,1024,64,13277592,470440,470440,300
2384830,fashion-rotations,memory,jayce,30,0.0100,1,1,1,-1,301,-1,-1,500,1280,80,17951640,470440,470440,300
2384830,fashion-rotations,memory,jayce,30,0.0100,1,2,1,365,343,291,269,500,2048,128,31973784,470440,470440,300
2384830,fashion-rotations,memory,jayce,30,0.0100,2,0,2,365,343,291,269,500,2048,128,31973784,470440,470440,300
2384830,fashion-rotations,memory,jayce,30,0.0100,2,1,2,-1,-1,311,-1,500,2304,144,36647832,470440,470440,300
2384830,fashion-rotations,memory,jayce,30,0.0100,2,2,2,373,336,333,261,500,3072,192,50669976,470440,470440,300
2384830,fashion-rotations,memory,jayce,30,0.0100,3,0,3,373,336,333,261,500,3072,192,50669976,470440,470440,300
2384830,fashion-rotations,memory,jayce,30,0.0100,3,1,3,-1,-1,-1,305,500,3328,208,55344024,470440,470440,300
2384830,fashion-rotations,memory,jayce,30,0.0100,3,2,3,373,347,324,349,500,4096,256,69366168,470440,470440,300
2384830,fashion-rotations,memory,jayce,30,0.0100,4,0,0,373,347,324,349,500,4096,256,69366168,470440,470440,300
2384830,fashion-rotations,memory,jayce,30,0.0100,4,1,0,373,-1,-1,-1,500,4352,272,74040216,470440,470440,300
2384830,fashion-rotations,memory,jayce,30,0.0100,4,2,0,373,349,326,347,500,5120,320,88062360,470440,470440,300
2384830,fashion-rotations,memory,jayce,30,0.0100,5,0,2,373,349,326,347,500,5120,320,88062360,470440,470440,300
2384830,fashion-rotations,memory,jayce,30,0.0100,5,1,2,-1,-1,332,-1,500,5376,336,92736408,470440,470440,300
2384830,fashion-rotations,memory,jayce,30,0.0100,5,2,2,372,344,346,342,500,6144,384,106758552,470440,470440,300
2384830,fashion-rotations,memory,jayce,30,0.0100,6,0,1,372,344,346,342,500,6144,384,106758552,470440,470440,300
2384830,fashion-rotations,memory,jayce,30,0.0100,6,1,1,-1,352,-1,-1,500,6400,400,111432600,470440,470440,300
2384830,fashion-rotations,memory,jayce,30,0.0100,6,2,1,376,358,343,328,500,7168,448,125454744,470440,470440,300
2384830,fashion-rotations,memory,jayce,30,0.0100,7,0,3,376,358,343,328,500,7168,448,125454744,470440,470440,300
2384830,fashion-rotations,memory,jayce,30,0.0100,7,1,3,-1,-1,-1,336,500,7424,464,130128792,470440,470440,300
2384830,fashion-rotations,memory,jayce,30,0.0100,7,2,3,378,342,346,353,500,8192,512,144150936,470440,470440,300
2384830,fashion-rotations,memory,jayce,30,0.0100,8,0,2,378,342,346,353,500,8192,512,144150936,470440,470440,300
2384830,fashion-rotations,memory,jayce,30,0.0100,8,1,2,-1,-1,348,-1,500,8448,528,148824984,470440,470440,300
2384830,fashion-rotations,memory,jayce,30,0.0100,8,2,2,377,347,356,346,500,9216,576,162847128,470440,470440,300
2384830,fashion-rotations,memory,jayce,30,0.0100,9,0,0,377,347,356,346,500,9216,576,162847128,470440,470440,300
2384830,fashion-rotations,memory,jayce,30,0.0100,9,1,0,378,-1,-1,-1,500,9472,592,167521176,470440,470440,300
2384830,fashion-rotations,memory,jayce,30,0.0100,9,2,0,379,351,356,345,500,10240,640,181543320,470440,470440,300
2384830,fashion-rotations,memory,jayce,30,0.0100,10,0,3,379,351,356,345,500,10240,640,181543320,470440,470440,300
2384830,fashion-rotations,memory,jayce,30,0.0100,10,1,3,-1,-1,-1,355,500,10496,656,186217368,470440,470440,300
2384830,fashion-rotations,memory,jayce,30,0.0100,10,2,3,381,321,352,367,500,11264,704,200239512,470440,470440,300
2384830,fashion-rotations,memory,jayce,30,0.0100,11,0,1,381,321,352,367,500,11264,704,200239512,470440,470440,300
2384830,fashion-rotations,memory,jayce,30,0.0100,11,1,1,-1,341,-1,-1,500,11520,720,204913560,470440,470440,300
2384830,fashion-rotations,memory,jayce,30,0.0100,11,2,1,382,360,357,353,500,12288,768,218935704,470440,470440,300
2384830,fashion-rotations,memory,backprop,0,0.0030,0,0,0,28,26,30,21,500,0,0,0,477168,477168,0
2384830,fashion-rotations,memory,backprop,0,0.0030,0,1,0,282,-1,-1,-1,500,256,16,15513856,477168,477168,0
2384830,fashion-rotations,memory,backprop,0,0.0030,0,2,0,369,286,273,165,500,1024,64,62055424,477168,477168,0
2384830,fashion-rotations,memory,backprop,0,0.0030,1,0,1,369,286,273,165,500,1024,64,62055424,477168,477168,0
2384830,fashion-rotations,memory,backprop,0,0.0030,1,1,1,-1,359,-1,-1,500,1280,80,77569280,477168,477168,0
2384830,fashion-rotations,memory,backprop,0,0.0030,1,2,1,371,380,278,271,500,2048,128,124110848,477168,477168,0
2384830,fashion-rotations,memory,backprop,0,0.0030,2,0,2,371,380,278,271,500,2048,128,124110848,477168,477168,0
2384830,fashion-rotations,memory,backprop,0,0.0030,2,1,2,-1,-1,323,-1,500,2304,144,139624704,477168,477168,0
2384830,fashion-rotations,memory,backprop,0,0.0030,2,2,2,373,365,364,190,500,3072,192,186166272,477168,477168,0
2384830,fashion-rotations,memory,backprop,0,0.0030,3,0,3,373,365,364,190,500,3072,192,186166272,477168,477168,0
2384830,fashion-rotations,memory,backprop,0,0.0030,3,1,3,-1,-1,-1,321,500,3328,208,201680128,477168,477168,0
2384830,fashion-rotations,memory,backprop,0,0.0030,3,2,3,364,367,308,370,500,4096,256,248221696,477168,477168,0
2384830,fashion-rotations,memory,backprop,0,0.0030,4,0,0,364,367,308,370,500,4096,256,248221696,477168,477168,0
2384830,fashion-rotations,memory,backprop,0,0.0030,4,1,0,367,-1,-1,-1,500,4352,272,263735552,477168,477168,0
2384830,fashion-rotations,memory,backprop,0,0.0030,4,2,0,371,366,286,334,500,5120,320,310277120,477168,477168,0
2384830,fashion-rotations,memory,backprop,0,0.0030,5,0,2,371,366,286,334,500,5120,320,310277120,477168,477168,0
2384830,fashion-rotations,memory,backprop,0,0.0030,5,1,2,-1,-1,364,-1,500,5376,336,325790976,477168,477168,0
2384830,fashion-rotations,memory,backprop,0,0.0030,5,2,2,377,366,373,295,500,6144,384,372332544,477168,477168,0
2384830,fashion-rotations,memory,backprop,0,0.0030,6,0,1,377,366,373,295,500,6144,384,372332544,477168,477168,0
2384830,fashion-rotations,memory,backprop,0,0.0030,6,1,1,-1,379,-1,-1,500,6400,400,387846400,477168,477168,0
2384830,fashion-rotations,memory,backprop,0,0.0030,6,2,1,390,386,360,357,500,7168,448,434387968,477168,477168,0
2384830,fashion-rotations,memory,backprop,0,0.0030,7,0,3,390,386,360,357,500,7168,448,434387968,477168,477168,0
2384830,fashion-rotations,memory,backprop,0,0.0030,7,1,3,-1,-1,-1,360,500,7424,464,449901824,477168,477168,0
2384830,fashion-rotations,memory,backprop,0,0.0030,7,2,3,359,373,318,382,500,8192,512,496443392,477168,477168,0
2384830,fashion-rotations,memory,backprop,0,0.0030,8,0,2,359,373,318,382,500,8192,512,496443392,477168,477168,0
2384830,fashion-rotations,memory,backprop,0,0.0030,8,1,2,-1,-1,341,-1,500,8448,528,511957248,477168,477168,0
2384830,fashion-rotations,memory,backprop,0,0.0030,8,2,2,377,368,373,365,500,9216,576,558498816,477168,477168,0
2384830,fashion-rotations,memory,backprop,0,0.0030,9,0,0,377,368,373,365,500,9216,576,558498816,477168,477168,0
2384830,fashion-rotations,memory,backprop,0,0.0030,9,1,0,379,-1,-1,-1,500,9472,592,574012672,477168,477168,0
2384830,fashion-rotations,memory,backprop,0,0.0030,9,2,0,391,375,368,325,500,10240,640,620554240,477168,477168,0
2384830,fashion-rotations,memory,backprop,0,0.0030,10,0,3,391,375,368,325,500,10240,640,620554240,477168,477168,0
2384830,fashion-rotations,memory,backprop,0,0.0030,10,1,3,-1,-1,-1,337,500,10496,656,636068096,477168,477168,0
2384830,fashion-rotations,memory,backprop,0,0.0030,10,2,3,385,382,353,388,500,11264,704,682609664,477168,477168,0
2384830,fashion-rotations,memory,backprop,0,0.0030,11,0,1,385,382,353,388,500,11264,704,682609664,477168,477168,0
2384830,fashion-rotations,memory,backprop,0,0.0030,11,1,1,-1,386,-1,-1,500,11520,720,698123520,477168,477168,0
2384830,fashion-rotations,memory,backprop,0,0.0030,11,2,1,388,389,357,367,500,12288,768,744665088,477168,477168,0
2489559,fashion-rotations,examples,jayce,48,0.0300,0,0,0,50,50,50,50,500,0,0,0,40,752680,0
2489559,fashion-rotations,examples,jayce,48,0.0300,0,1,0,345,-1,-1,-1,500,256,16,50176,401448,752680,256
2489559,fashion-rotations,examples,jayce,48,0.0300,0,2,0,359,270,303,142,500,1024,64,15793920,752680,752680,480
2489559,fashion-rotations,examples,jayce,48,0.0300,1,0,1,359,270,303,142,500,1024,64,15793920,752680,752680,480
2489559,fashion-rotations,examples,jayce,48,0.0300,1,1,1,-1,323,-1,-1,500,1280,80,23182080,752680,752680,480
2489559,fashion-rotations,examples,jayce,48,0.0300,1,2,1,363,347,312,309,500,2048,128,45346560,752680,752680,480
2489559,fashion-rotations,examples,jayce,48,0.0300,2,0,2,363,347,312,309,500,2048,128,45346560,752680,752680,480
2489559,fashion-rotations,examples,jayce,48,0.0300,2,1,2,-1,-1,332,-1,500,2304,144,52734720,752680,752680,480
2489559,fashion-rotations,examples,jayce,48,0.0300,2,2,2,361,352,359,295,500,3072,192,74899200,752680,752680,480
2489559,fashion-rotations,examples,jayce,48,0.0300,3,0,3,361,352,359,295,500,3072,192,74899200,752680,752680,480
2489559,fashion-rotations,examples,jayce,48,0.0300,3,1,3,-1,-1,-1,340,500,3328,208,82287360,752680,752680,480
2489559,fashion-rotations,examples,jayce,48,0.0300,3,2,3,357,342,348,360,500,4096,256,104451840,752680,752680,480
2489559,fashion-rotations,examples,jayce,48,0.0300,4,0,0,357,342,348,360,500,4096,256,104451840,752680,752680,480
2489559,fashion-rotations,examples,jayce,48,0.0300,4,1,0,358,-1,-1,-1,500,4352,272,111840000,752680,752680,480
2489559,fashion-rotations,examples,jayce,48,0.0300,4,2,0,356,335,345,363,500,5120,320,134004480,752680,752680,480
2489559,fashion-rotations,examples,jayce,48,0.0300,5,0,2,356,335,345,363,500,5120,320,134004480,752680,752680,480
2489559,fashion-rotations,examples,jayce,48,0.0300,5,1,2,-1,-1,345,-1,500,5376,336,141392640,752680,752680,480
2489559,fashion-rotations,examples,jayce,48,0.0300,5,2,2,353,336,360,356,500,6144,384,163557120,752680,752680,480
2489559,fashion-rotations,examples,jayce,48,0.0300,6,0,1,353,336,360,356,500,6144,384,163557120,752680,752680,480
2489559,fashion-rotations,examples,jayce,48,0.0300,6,1,1,-1,354,-1,-1,500,6400,400,170945280,752680,752680,480
2489559,fashion-rotations,examples,jayce,48,0.0300,6,2,1,357,364,351,361,500,7168,448,193109760,752680,752680,480
2489559,fashion-rotations,examples,jayce,48,0.0300,7,0,3,357,364,351,361,500,7168,448,193109760,752680,752680,480
2489559,fashion-rotations,examples,jayce,48,0.0300,7,1,3,-1,-1,-1,370,500,7424,464,200497920,752680,752680,480
2489559,fashion-rotations,examples,jayce,48,0.0300,7,2,3,356,335,346,369,500,8192,512,222662400,752680,752680,480
2489559,fashion-rotations,examples,jayce,48,0.0300,8,0,2,356,335,346,369,500,8192,512,222662400,752680,752680,480
2489559,fashion-rotations,examples,jayce,48,0.0300,8,1,2,-1,-1,354,-1,500,8448,528,230050560,752680,752680,480
2489559,fashion-rotations,examples,jayce,48,0.0300,8,2,2,359,336,360,369,500,9216,576,252215040,752680,752680,480
2489559,fashion-rotations,examples,jayce,48,0.0300,9,0,0,359,336,360,369,500,9216,576,252215040,752680,752680,480
2489559,fashion-rotations,examples,jayce,48,0.0300,9,1,0,361,-1,-1,-1,500,9472,592,259603200,752680,752680,480
2489559,fashion-rotations,examples,jayce,48,0.0300,9,2,0,362,344,357,364,500,10240,640,281767680,752680,752680,480
2489559,fashion-rotations,examples,jayce,48,0.0300,10,0,3,362,344,357,364,500,10240,640,281767680,752680,752680,480
2489559,fashion-rotations,examples,jayce,48,0.0300,10,1,3,-1,-1,-1,358,500,10496,656,289155840,752680,752680,480
2489559,fashion-rotations,examples,jayce,48,0.0300,10,2,3,362,322,352,353,500,11264,704,311320320,752680,752680,480
2489559,fashion-rotations,examples,jayce,48,0.0300,11,0,1,362,322,352,353,500,11264,704,311320320,752680,752680,480
2489559,fashion-rotations,examples,jayce,48,0.0300,11,1,1,-1,340,-1,-1,500,11520,720,318708480,752680,752680,480
2489559,fashion-rotations,examples,jayce,48,0.0300,11,2,1,359,364,353,347,500,12288,768,340872960,752680,752680,480
2489559,fashion-rotations,examples,backprop,0,0.0030,0,0,0,101,83,113,99,500,0,0,0,477168,477168,0
2489559,fashion-rotations,examples,backprop,0,0.0030,0,1,0,279,-1,-1,-1,500,256,16,15513856,477168,477168,0
2489559,fashion-rotations,examples,backprop,0,0.0030,0,2,0,365,287,285,155,500,1024,64,62055424,477168,477168,0
2489559,fashion-rotations,examples,backprop,0,0.0030,1,0,1,365,287,285,155,500,1024,64,62055424,477168,477168,0
2489559,fashion-rotations,examples,backprop,0,0.0030,1,1,1,-1,337,-1,-1,500,1280,80,77569280,477168,477168,0
2489559,fashion-rotations,examples,backprop,0,0.0030,1,2,1,351,343,255,235,500,2048,128,124110848,477168,477168,0
2489559,fashion-rotations,examples,backprop,0,0.0030,2,0,2,351,343,255,235,500,2048,128,124110848,477168,477168,0
2489559,fashion-rotations,examples,backprop,0,0.0030,2,1,2,-1,-1,341,-1,500,2304,144,139624704,477168,477168,0
2489559,fashion-rotations,examples,backprop,0,0.0030,2,2,2,362,317,374,139,500,3072,192,186166272,477168,477168,0
2489559,fashion-rotations,examples,backprop,0,0.0030,3,0,3,362,317,374,139,500,3072,192,186166272,477168,477168,0
2489559,fashion-rotations,examples,backprop,0,0.0030,3,1,3,-1,-1,-1,290,500,3328,208,201680128,477168,477168,0
2489559,fashion-rotations,examples,backprop,0,0.0030,3,2,3,352,363,331,376,500,4096,256,248221696,477168,477168,0
2489559,fashion-rotations,examples,backprop,0,0.0030,4,0,0,352,363,331,376,500,4096,256,248221696,477168,477168,0
2489559,fashion-rotations,examples,backprop,0,0.0030,4,1,0,370,-1,-1,-1,500,4352,272,263735552,477168,477168,0
2489559,fashion-rotations,examples,backprop,0,0.0030,4,2,0,376,338,312,303,500,5120,320,310277120,477168,477168,0
2489559,fashion-rotations,examples,backprop,0,0.0030,5,0,2,376,338,312,303,500,5120,320,310277120,477168,477168,0
2489559,fashion-rotations,examples,backprop,0,0.0030,5,1,2,-1,-1,345,-1,500,5376,336,325790976,477168,477168,0
2489559,fashion-rotations,examples,backprop,0,0.0030,5,2,2,383,362,375,305,500,6144,384,372332544,477168,477168,0
2489559,fashion-rotations,examples,backprop,0,0.0030,6,0,1,383,362,375,305,500,6144,384,372332544,477168,477168,0
2489559,fashion-rotations,examples,backprop,0,0.0030,6,1,1,-1,377,-1,-1,500,6400,400,387846400,477168,477168,0
2489559,fashion-rotations,examples,backprop,0,0.0030,6,2,1,379,380,340,332,500,7168,448,434387968,477168,477168,0
2489559,fashion-rotations,examples,backprop,0,0.0030,7,0,3,379,380,340,332,500,7168,448,434387968,477168,477168,0
2489559,fashion-rotations,examples,backprop,0,0.0030,7,1,3,-1,-1,-1,366,500,7424,464,449901824,477168,477168,0
2489559,fashion-rotations,examples,backprop,0,0.0030,7,2,3,364,373,311,388,500,8192,512,496443392,477168,477168,0
2489559,fashion-rotations,examples,backprop,0,0.0030,8,0,2,364,373,311,388,500,8192,512,496443392,477168,477168,0
2489559,fashion-rotations,examples,backprop,0,0.0030,8,1,2,-1,-1,356,-1,500,8448,528,511957248,477168,477168,0
2489559,fashion-rotations,examples,backprop,0,0.0030,8,2,2,366,368,370,329,500,9216,576,558498816,477168,477168,0
2489559,fashion-rotations,examples,backprop,0,0.0030,9,0,0,366,368,370,329,500,9216,576,558498816,477168,477168,0
2489559,fashion-rotations,examples,backprop,0,0.0030,9,1,0,384,-1,-1,-1,500,9472,592,574012672,477168,477168,0
2489559,fashion-rotations,examples,backprop,0,0.0030,9,2,0,385,376,367,349,500,10240,640,620554240,477168,477168,0
2489559,fashion-rotations,examples,backprop,0,0.0030,10,0,3,385,376,367,349,500,10240,640,620554240,477168,477168,0
2489559,fashion-rotations,examples,backprop,0,0.0030,10,1,3,-1,-1,-1,382,500,10496,656,636068096,477168,477168,0
2489559,fashion-rotations,examples,backprop,0,0.0030,10,2,3,374,371,343,374,500,11264,704,682609664,477168,477168,0
2489559,fashion-rotations,examples,backprop,0,0.0030,11,0,1,374,371,343,374,500,11264,704,682609664,477168,477168,0
2489559,fashion-rotations,examples,backprop,0,0.0030,11,1,1,-1,359,-1,-1,500,11520,720,698123520,477168,477168,0
2489559,fashion-rotations,examples,backprop,0,0.0030,11,2,1,387,388,344,392,500,12288,768,744665088,477168,477168,0
2489559,fashion-rotations,work,jayce,24,0.0300,0,0,0,50,50,50,50,500,0,0,0,40,376360,0
2489559,fashion-rotations,work,jayce,24,0.0300,0,1,0,346,-1,-1,-1,500,496,31,3816384,376360,376360,240
2489559,fashion-rotations,work,jayce,24,0.0300,0,2,0,355,274,302,154,500,1312,82,15831168,376360,376360,240
2489559,fashion-rotations,work,jayce,24,0.0300,1,0,1,355,274,302,154,500,1312,82,15831168,376360,376360,240
2489559,fashion-rotations,work,jayce,24,0.0300,1,1,1,-1,321,-1,-1,500,1568,98,19600512,376360,376360,240
2489559,fashion-rotations,work,jayce,24,0.0300,1,2,1,355,350,290,310,500,2384,149,31615296,376360,376360,240
2489559,fashion-rotations,work,jayce,24,0.0300,2,0,2,355,350,290,310,500,2384,149,31615296,376360,376360,240
2489559,fashion-rotations,work,jayce,24,0.0300,2,1,2,-1,-1,312,-1,500,2640,165,35384640,376360,376360,240
2489559,fashion-rotations,work,jayce,24,0.0300,2,2,2,345,353,364,302,500,3456,216,47399424,376360,376360,240
2489559,fashion-rotations,work,jayce,24,0.0300,3,0,3,345,353,364,302,500,3456,216,47399424,376360,376360,240
2489559,fashion-rotations,work,jayce,24,0.0300,3,1,3,-1,-1,-1,342,500,3712,232,51168768,376360,376360,240
2489559,fashion-rotations,work,jayce,24,0.0300,3,2,3,338,308,334,354,500,4528,283,63183552,376360,376360,240
2489559,fashion-rotations,work,jayce,24,0.0300,4,0,0,338,308,334,354,500,4528,283,63183552,376360,376360,240
2489559,fashion-rotations,work,jayce,24,0.0300,4,1,0,348,-1,-1,-1,500,4784,299,66952896,376360,376360,240
2489559,fashion-rotations,work,jayce,24,0.0300,4,2,0,356,311,343,353,500,5600,350,78967680,376360,376360,240
2489559,fashion-rotations,work,jayce,24,0.0300,5,0,2,356,311,343,353,500,5600,350,78967680,376360,376360,240
2489559,fashion-rotations,work,jayce,24,0.0300,5,1,2,-1,-1,354,-1,500,5856,366,82737024,376360,376360,240
2489559,fashion-rotations,work,jayce,24,0.0300,5,2,2,357,298,373,347,500,6672,417,94751808,376360,376360,240
2489559,fashion-rotations,work,jayce,24,0.0300,6,0,1,357,298,373,347,500,6672,417,94751808,376360,376360,240
2489559,fashion-rotations,work,jayce,24,0.0300,6,1,1,-1,348,-1,-1,500,6928,433,98521152,376360,376360,240
2489559,fashion-rotations,work,jayce,24,0.0300,6,2,1,360,361,361,299,500,7744,484,110535936,376360,376360,240
2489559,fashion-rotations,work,jayce,24,0.0300,7,0,3,360,361,361,299,500,7744,484,110535936,376360,376360,240
2489559,fashion-rotations,work,jayce,24,0.0300,7,1,3,-1,-1,-1,341,500,8000,500,114305280,376360,376360,240
2489559,fashion-rotations,work,jayce,24,0.0300,7,2,3,351,299,345,355,500,8816,551,126320064,376360,376360,240
2489559,fashion-rotations,work,jayce,24,0.0300,8,0,2,351,299,345,355,500,8816,551,126320064,376360,376360,240
2489559,fashion-rotations,work,jayce,24,0.0300,8,1,2,-1,-1,352,-1,500,9072,567,130089408,376360,376360,240
2489559,fashion-rotations,work,jayce,24,0.0300,8,2,2,353,306,362,346,500,9888,618,142104192,376360,376360,240
2489559,fashion-rotations,work,jayce,24,0.0300,9,0,0,353,306,362,346,500,9888,618,142104192,376360,376360,240
2489559,fashion-rotations,work,jayce,24,0.0300,9,1,0,358,-1,-1,-1,500,10144,634,145873536,376360,376360,240
2489559,fashion-rotations,work,jayce,24,0.0300,9,2,0,362,307,363,350,500,10960,685,157888320,376360,376360,240
2489559,fashion-rotations,work,jayce,24,0.0300,10,0,3,362,307,363,350,500,10960,685,157888320,376360,376360,240
2489559,fashion-rotations,work,jayce,24,0.0300,10,1,3,-1,-1,-1,347,500,11216,701,161657664,376360,376360,240
2489559,fashion-rotations,work,jayce,24,0.0300,10,2,3,351,296,347,343,500,12032,752,173672448,376360,376360,240
2489559,fashion-rotations,work,jayce,24,0.0300,11,0,1,351,296,347,343,500,12032,752,173672448,376360,376360,240
2489559,fashion-rotations,work,jayce,24,0.0300,11,1,1,-1,325,-1,-1,500,12288,768,177441792,376360,376360,240
2489559,fashion-rotations,work,jayce,24,0.0300,11,2,1,351,366,347,310,500,13104,819,189456576,376360,376360,240
2489559,fashion-rotations,work,backprop,0,0.0030,0,0,0,101,83,113,99,500,0,0,0,477168,477168,0
2489559,fashion-rotations,work,backprop,0,0.0030,0,1,0,158,-1,-1,-1,500,64,4,3878464,477168,477168,0
2489559,fashion-rotations,work,backprop,0,0.0030,0,2,0,279,243,261,160,500,256,16,15513856,477168,477168,0
2489559,fashion-rotations,work,backprop,0,0.0030,1,0,1,279,243,261,160,500,256,16,15513856,477168,477168,0
2489559,fashion-rotations,work,backprop,0,0.0030,1,1,1,-1,269,-1,-1,500,320,20,19392320,477168,477168,0
2489559,fashion-rotations,work,backprop,0,0.0030,1,2,1,340,309,284,270,500,512,32,31027712,477168,477168,0
2489559,fashion-rotations,work,backprop,0,0.0030,2,0,2,340,309,284,270,500,512,32,31027712,477168,477168,0
2489559,fashion-rotations,work,backprop,0,0.0030,2,1,2,-1,-1,326,-1,500,576,36,34906176,477168,477168,0
2489559,fashion-rotations,work,backprop,0,0.0030,2,2,2,321,325,306,187,500,768,48,46541568,477168,477168,0
2489559,fashion-rotations,work,backprop,0,0.0030,3,0,3,321,325,306,187,500,768,48,46541568,477168,477168,0
2489559,fashion-rotations,work,backprop,0,0.0030,3,1,3,-1,-1,-1,289,500,832,52,50420032,477168,477168,0
2489559,fashion-rotations,work,backprop,0,0.0030,3,2,3,288,302,276,299,500,1024,64,62055424,477168,477168,0
2489559,fashion-rotations,work,backprop,0,0.0030,4,0,0,288,302,276,299,500,1024,64,62055424,477168,477168,0
2489559,fashion-rotations,work,backprop,0,0.0030,4,1,0,320,-1,-1,-1,500,1088,68,65933888,477168,477168,0
2489559,fashion-rotations,work,backprop,0,0.0030,4,2,0,353,287,302,203,500,1280,80,77569280,477168,477168,0
2489559,fashion-rotations,work,backprop,0,0.0030,5,0,2,353,287,302,203,500,1280,80,77569280,477168,477168,0
2489559,fashion-rotations,work,backprop,0,0.0030,5,1,2,-1,-1,337,-1,500,1344,84,81447744,477168,477168,0
2489559,fashion-rotations,work,backprop,0,0.0030,5,2,2,339,318,318,274,500,1536,96,93083136,477168,477168,0
2489559,fashion-rotations,work,backprop,0,0.0030,6,0,1,339,318,318,274,500,1536,96,93083136,477168,477168,0
2489559,fashion-rotations,work,backprop,0,0.0030,6,1,1,-1,333,-1,-1,500,1600,100,96961600,477168,477168,0
2489559,fashion-rotations,work,backprop,0,0.0030,6,2,1,353,339,351,288,500,1792,112,108596992,477168,477168,0
2489559,fashion-rotations,work,backprop,0,0.0030,7,0,3,353,339,351,288,500,1792,112,108596992,477168,477168,0
2489559,fashion-rotations,work,backprop,0,0.0030,7,1,3,-1,-1,-1,303,500,1856,116,112475456,477168,477168,0
2489559,fashion-rotations,work,backprop,0,0.0030,7,2,3,338,333,291,334,500,2048,128,124110848,477168,477168,0
2489559,fashion-rotations,work,backprop,0,0.0030,8,0,2,338,333,291,334,500,2048,128,124110848,477168,477168,0
2489559,fashion-rotations,work,backprop,0,0.0030,8,1,2,-1,-1,325,-1,500,2112,132,127989312,477168,477168,0
2489559,fashion-rotations,work,backprop,0,0.0030,8,2,2,361,351,331,312,500,2304,144,139624704,477168,477168,0
2489559,fashion-rotations,work,backprop,0,0.0030,9,0,0,361,351,331,312,500,2304,144,139624704,477168,477168,0
2489559,fashion-rotations,work,backprop,0,0.0030,9,1,0,358,-1,-1,-1,500,2368,148,143503168,477168,477168,0
2489559,fashion-rotations,work,backprop,0,0.0030,9,2,0,344,321,332,283,500,2560,160,155138560,477168,477168,0
2489559,fashion-rotations,work,backprop,0,0.0030,10,0,3,344,321,332,283,500,2560,160,155138560,477168,477168,0
2489559,fashion-rotations,work,backprop,0,0.0030,10,1,3,-1,-1,-1,341,500,2624,164,159017024,477168,477168,0
2489559,fashion-rotations,work,backprop,0,0.0030,10,2,3,355,345,317,346,500,2816,176,170652416,477168,477168,0
2489559,fashion-rotations,work,backprop,0,0.0030,11,0,1,355,345,317,346,500,2816,176,170652416,477168,477168,0
2489559,fashion-rotations,work,backprop,0,0.0030,11,1,1,-1,361,-1,-1,500,2880,180,174530880,477168,477168,0
2489559,fashion-rotations,work,backprop,0,0.0030,11,2,1,348,347,333,293,500,3072,192,186166272,477168,477168,0
2489559,fashion-rotations,memory,jayce,30,0.0100,0,0,0,50,50,50,50,500,0,0,0,40,470440,0
2489559,fashion-rotations,memory,jayce,30,0.0100,0,1,0,346,-1,-1,-1,500,256,16,176610,390472,470440,249
2489559,fashion-rotations,memory,jayce,30,0.0100,0,2,0,349,262,296,143,500,1024,64,13277592,470440,470440,300
2489559,fashion-rotations,memory,jayce,30,0.0100,1,0,1,349,262,296,143,500,1024,64,13277592,470440,470440,300
2489559,fashion-rotations,memory,jayce,30,0.0100,1,1,1,-1,288,-1,-1,500,1280,80,17951640,470440,470440,300
2489559,fashion-rotations,memory,jayce,30,0.0100,1,2,1,351,328,296,253,500,2048,128,31973784,470440,470440,300
2489559,fashion-rotations,memory,jayce,30,0.0100,2,0,2,351,328,296,253,500,2048,128,31973784,470440,470440,300
2489559,fashion-rotations,memory,jayce,30,0.0100,2,1,2,-1,-1,303,-1,500,2304,144,36647832,470440,470440,300
2489559,fashion-rotations,memory,jayce,30,0.0100,2,2,2,351,325,331,217,500,3072,192,50669976,470440,470440,300
2489559,fashion-rotations,memory,jayce,30,0.0100,3,0,3,351,325,331,217,500,3072,192,50669976,470440,470440,300
2489559,fashion-rotations,memory,jayce,30,0.0100,3,1,3,-1,-1,-1,279,500,3328,208,55344024,470440,470440,300
2489559,fashion-rotations,memory,jayce,30,0.0100,3,2,3,357,331,319,332,500,4096,256,69366168,470440,470440,300
2489559,fashion-rotations,memory,jayce,30,0.0100,4,0,0,357,331,319,332,500,4096,256,69366168,470440,470440,300
2489559,fashion-rotations,memory,jayce,30,0.0100,4,1,0,357,-1,-1,-1,500,4352,272,74040216,470440,470440,300
2489559,fashion-rotations,memory,jayce,30,0.0100,4,2,0,359,334,321,333,500,5120,320,88062360,470440,470440,300
2489559,fashion-rotations,memory,jayce,30,0.0100,5,0,2,359,334,321,333,500,5120,320,88062360,470440,470440,300
2489559,fashion-rotations,memory,jayce,30,0.0100,5,1,2,-1,-1,320,-1,500,5376,336,92736408,470440,470440,300
2489559,fashion-rotations,memory,jayce,30,0.0100,5,2,2,366,332,338,331,500,6144,384,106758552,470440,470440,300
2489559,fashion-rotations,memory,jayce,30,0.0100,6,0,1,366,332,338,331,500,6144,384,106758552,470440,470440,300
2489559,fashion-rotations,memory,jayce,30,0.0100,6,1,1,-1,335,-1,-1,500,6400,400,111432600,470440,470440,300
2489559,fashion-rotations,memory,jayce,30,0.0100,6,2,1,366,357,347,338,500,7168,448,125454744,470440,470440,300
2489559,fashion-rotations,memory,jayce,30,0.0100,7,0,3,366,357,347,338,500,7168,448,125454744,470440,470440,300
2489559,fashion-rotations,memory,jayce,30,0.0100,7,1,3,-1,-1,-1,341,500,7424,464,130128792,470440,470440,300
2489559,fashion-rotations,memory,jayce,30,0.0100,7,2,3,366,349,342,351,500,8192,512,144150936,470440,470440,300
2489559,fashion-rotations,memory,jayce,30,0.0100,8,0,2,366,349,342,351,500,8192,512,144150936,470440,470440,300
2489559,fashion-rotations,memory,jayce,30,0.0100,8,1,2,-1,-1,349,-1,500,8448,528,148824984,470440,470440,300
2489559,fashion-rotations,memory,jayce,30,0.0100,8,2,2,365,349,353,352,500,9216,576,162847128,470440,470440,300
2489559,fashion-rotations,memory,jayce,30,0.0100,9,0,0,365,349,353,352,500,9216,576,162847128,470440,470440,300
2489559,fashion-rotations,memory,jayce,30,0.0100,9,1,0,365,-1,-1,-1,500,9472,592,167521176,470440,470440,300
2489559,fashion-rotations,memory,jayce,30,0.0100,9,2,0,369,355,357,355,500,10240,640,181543320,470440,470440,300
2489559,fashion-rotations,memory,jayce,30,0.0100,10,0,3,369,355,357,355,500,10240,640,181543320,470440,470440,300
2489559,fashion-rotations,memory,jayce,30,0.0100,10,1,3,-1,-1,-1,351,500,10496,656,186217368,470440,470440,300
2489559,fashion-rotations,memory,jayce,30,0.0100,10,2,3,362,339,358,365,500,11264,704,200239512,470440,470440,300
2489559,fashion-rotations,memory,jayce,30,0.0100,11,0,1,362,339,358,365,500,11264,704,200239512,470440,470440,300
2489559,fashion-rotations,memory,jayce,30,0.0100,11,1,1,-1,355,-1,-1,500,11520,720,204913560,470440,470440,300
2489559,fashion-rotations,memory,jayce,30,0.0100,11,2,1,359,367,348,359,500,12288,768,218935704,470440,470440,300
2489559,fashion-rotations,memory,backprop,0,0.0030,0,0,0,101,83,113,99,500,0,0,0,477168,477168,0
2489559,fashion-rotations,memory,backprop,0,0.0030,0,1,0,279,-1,-1,-1,500,256,16,15513856,477168,477168,0
2489559,fashion-rotations,memory,backprop,0,0.0030,0,2,0,365,287,285,155,500,1024,64,62055424,477168,477168,0
2489559,fashion-rotations,memory,backprop,0,0.0030,1,0,1,365,287,285,155,500,1024,64,62055424,477168,477168,0
2489559,fashion-rotations,memory,backprop,0,0.0030,1,1,1,-1,337,-1,-1,500,1280,80,77569280,477168,477168,0
2489559,fashion-rotations,memory,backprop,0,0.0030,1,2,1,351,343,255,235,500,2048,128,124110848,477168,477168,0
2489559,fashion-rotations,memory,backprop,0,0.0030,2,0,2,351,343,255,235,500,2048,128,124110848,477168,477168,0
2489559,fashion-rotations,memory,backprop,0,0.0030,2,1,2,-1,-1,341,-1,500,2304,144,139624704,477168,477168,0
2489559,fashion-rotations,memory,backprop,0,0.0030,2,2,2,362,317,374,139,500,3072,192,186166272,477168,477168,0
2489559,fashion-rotations,memory,backprop,0,0.0030,3,0,3,362,317,374,139,500,3072,192,186166272,477168,477168,0
2489559,fashion-rotations,memory,backprop,0,0.0030,3,1,3,-1,-1,-1,290,500,3328,208,201680128,477168,477168,0
2489559,fashion-rotations,memory,backprop,0,0.0030,3,2,3,352,363,331,376,500,4096,256,248221696,477168,477168,0
2489559,fashion-rotations,memory,backprop,0,0.0030,4,0,0,352,363,331,376,500,4096,256,248221696,477168,477168,0
2489559,fashion-rotations,memory,backprop,0,0.0030,4,1,0,370,-1,-1,-1,500,4352,272,263735552,477168,477168,0
2489559,fashion-rotations,memory,backprop,0,0.0030,4,2,0,376,338,312,303,500,5120,320,310277120,477168,477168,0
2489559,fashion-rotations,memory,backprop,0,0.0030,5,0,2,376,338,312,303,500,5120,320,310277120,477168,477168,0
2489559,fashion-rotations,memory,backprop,0,0.0030,5,1,2,-1,-1,345,-1,500,5376,336,325790976,477168,477168,0
2489559,fashion-rotations,memory,backprop,0,0.0030,5,2,2,383,362,375,305,500,6144,384,372332544,477168,477168,0
2489559,fashion-rotations,memory,backprop,0,0.0030,6,0,1,383,362,375,305,500,6144,384,372332544,477168,477168,0
2489559,fashion-rotations,memory,backprop,0,0.0030,6,1,1,-1,377,-1,-1,500,6400,400,387846400,477168,477168,0
2489559,fashion-rotations,memory,backprop,0,0.0030,6,2,1,379,380,340,332,500,7168,448,434387968,477168,477168,0
2489559,fashion-rotations,memory,backprop,0,0.0030,7,0,3,379,380,340,332,500,7168,448,434387968,477168,477168,0
2489559,fashion-rotations,memory,backprop,0,0.0030,7,1,3,-1,-1,-1,366,500,7424,464,449901824,477168,477168,0
2489559,fashion-rotations,memory,backprop,0,0.0030,7,2,3,364,373,311,388,500,8192,512,496443392,477168,477168,0
2489559,fashion-rotations,memory,backprop,0,0.0030,8,0,2,364,373,311,388,500,8192,512,496443392,477168,477168,0
2489559,fashion-rotations,memory,backprop,0,0.0030,8,1,2,-1,-1,356,-1,500,8448,528,511957248,477168,477168,0
2489559,fashion-rotations,memory,backprop,0,0.0030,8,2,2,366,368,370,329,500,9216,576,558498816,477168,477168,0
2489559,fashion-rotations,memory,backprop,0,0.0030,9,0,0,366,368,370,329,500,9216,576,558498816,477168,477168,0
2489559,fashion-rotations,memory,backprop,0,0.0030,9,1,0,384,-1,-1,-1,500,9472,592,574012672,477168,477168,0
2489559,fashion-rotations,memory,backprop,0,0.0030,9,2,0,385,376,367,349,500,10240,640,620554240,477168,477168,0
2489559,fashion-rotations,memory,backprop,0,0.0030,10,0,3,385,376,367,349,500,10240,640,620554240,477168,477168,0
2489559,fashion-rotations,memory,backprop,0,0.0030,10,1,3,-1,-1,-1,382,500,10496,656,636068096,477168,477168,0
2489559,fashion-rotations,memory,backprop,0,0.0030,10,2,3,374,371,343,374,500,11264,704,682609664,477168,477168,0
2489559,fashion-rotations,memory,backprop,0,0.0030,11,0,1,374,371,343,374,500,11264,704,682609664,477168,477168,0
2489559,fashion-rotations,memory,backprop,0,0.0030,11,1,1,-1,359,-1,-1,500,11520,720,698123520,477168,477168,0
2489559,fashion-rotations,memory,backprop,0,0.0030,11,2,1,387,388,344,392,500,12288,768,744665088,477168,477168,0
2594288,fashion-rotations,examples,jayce,48,0.0300,0,0,0,50,50,50,50,500,0,0,0,40,752680,0
2594288,fashion-rotations,examples,jayce,48,0.0300,0,1,0,344,-1,-1,-1,500,256,16,50176,401448,752680,256
2594288,fashion-rotations,examples,jayce,48,0.0300,0,2,0,379,285,285,158,500,1024,64,15793920,752680,752680,480
2594288,fashion-rotations,examples,jayce,48,0.0300,1,0,1,379,285,285,158,500,1024,64,15793920,752680,752680,480
2594288,fashion-rotations,examples,jayce,48,0.0300,1,1,1,-1,337,-1,-1,500,1280,80,23182080,752680,752680,480
2594288,fashion-rotations,examples,jayce,48,0.0300,1,2,1,371,356,294,301,500,2048,128,45346560,752680,752680,480
2594288,fashion-rotations,examples,jayce,48,0.0300,2,0,2,371,356,294,301,500,2048,128,45346560,752680,752680,480
2594288,fashion-rotations,examples,jayce,48,0.0300,2,1,2,-1,-1,331,-1,500,2304,144,52734720,752680,752680,480
2594288,fashion-rotations,examples,jayce,48,0.0300,2,2,2,379,355,357,300,500,3072,192,74899200,752680,752680,480
2594288,fashion-rotations,examples,jayce,48,0.0300,3,0,3,379,355,357,300,500,3072,192,74899200,752680,752680,480
2594288,fashion-rotations,examples,jayce,48,0.0300,3,1,3,-1,-1,-1,312,500,3328,208,82287360,752680,752680,480
2594288,fashion-rotations,examples,jayce,48,0.0300,3,2,3,375,334,359,363,500,4096,256,104451840,752680,752680,480
2594288,fashion-rotations,examples,jayce,48,0.0300,4,0,0,375,334,359,363,500,4096,256,104451840,752680,752680,480
2594288,fashion-rotations,examples,jayce,48,0.0300,4,1,0,372,-1,-1,-1,500,4352,272,111840000,752680,752680,480
2594288,fashion-rotations,examples,jayce,48,0.0300,4,2,0,375,330,359,366,500,5120,320,134004480,752680,752680,480
2594288,fashion-rotations,examples,jayce,48,0.0300,5,0,2,375,330,359,366,500,5120,320,134004480,752680,752680,480
2594288,fashion-rotations,examples,jayce,48,0.0300,5,1,2,-1,-1,367,-1,500,5376,336,141392640,752680,752680,480
2594288,fashion-rotations,examples,jayce,48,0.0300,5,2,2,374,330,381,356,500,6144,384,163557120,752680,752680,480
2594288,fashion-rotations,examples,jayce,48,0.0300,6,0,1,374,330,381,356,500,6144,384,163557120,752680,752680,480
2594288,fashion-rotations,examples,jayce,48,0.0300,6,1,1,-1,353,-1,-1,500,6400,400,170945280,752680,752680,480
2594288,fashion-rotations,examples,jayce,48,0.0300,6,2,1,374,371,378,348,500,7168,448,193109760,752680,752680,480
2594288,fashion-rotations,examples,jayce,48,0.0300,7,0,3,374,371,378,348,500,7168,448,193109760,752680,752680,480
2594288,fashion-rotations,examples,jayce,48,0.0300,7,1,3,-1,-1,-1,357,500,7424,464,200497920,752680,752680,480
2594288,fashion-rotations,examples,jayce,48,0.0300,7,2,3,373,347,379,365,500,8192,512,222662400,752680,752680,480
2594288,fashion-rotations,examples,jayce,48,0.0300,8,0,2,373,347,379,365,500,8192,512,222662400,752680,752680,480
2594288,fashion-rotations,examples,jayce,48,0.0300,8,1,2,-1,-1,377,-1,500,8448,528,230050560,752680,752680,480
2594288,fashion-rotations,examples,jayce,48,0.0300,8,2,2,368,343,371,365,500,9216,576,252215040,752680,752680,480
2594288,fashion-rotations,examples,jayce,48,0.0300,9,0,0,368,343,371,365,500,9216,576,252215040,752680,752680,480
2594288,fashion-rotations,examples,jayce,48,0.0300,9,1,0,371,-1,-1,-1,500,9472,592,259603200,752680,752680,480
2594288,fashion-rotations,examples,jayce,48,0.0300,9,2,0,376,342,373,361,500,10240,640,281767680,752680,752680,480
2594288,fashion-rotations,examples,jayce,48,0.0300,10,0,3,376,342,373,361,500,10240,640,281767680,752680,752680,480
2594288,fashion-rotations,examples,jayce,48,0.0300,10,1,3,-1,-1,-1,357,500,10496,656,289155840,752680,752680,480
2594288,fashion-rotations,examples,jayce,48,0.0300,10,2,3,377,331,371,362,500,11264,704,311320320,752680,752680,480
2594288,fashion-rotations,examples,jayce,48,0.0300,11,0,1,377,331,371,362,500,11264,704,311320320,752680,752680,480
2594288,fashion-rotations,examples,jayce,48,0.0300,11,1,1,-1,333,-1,-1,500,11520,720,318708480,752680,752680,480
2594288,fashion-rotations,examples,jayce,48,0.0300,11,2,1,378,357,370,362,500,12288,768,340872960,752680,752680,480
2594288,fashion-rotations,examples,backprop,0,0.0030,0,0,0,49,47,37,44,500,0,0,0,477168,477168,0
2594288,fashion-rotations,examples,backprop,0,0.0030,0,1,0,294,-1,-1,-1,500,256,16,15513856,477168,477168,0
2594288,fashion-rotations,examples,backprop,0,0.0030,0,2,0,374,305,270,141,500,1024,64,62055424,477168,477168,0
2594288,fashion-rotations,examples,backprop,0,0.0030,1,0,1,374,305,270,141,500,1024,64,62055424,477168,477168,0
2594288,fashion-rotations,examples,backprop,0,0.0030,1,1,1,-1,346,-1,-1,500,1280,80,77569280,477168,477168,0
2594288,fashion-rotations,examples,backprop,0,0.0030,1,2,1,377,373,275,276,500,2048,128,124110848,477168,477168,0
2594288,fashion-rotations,examples,backprop,0,0.0030,2,0,2,377,373,275,276,500,2048,128,124110848,477168,477168,0
2594288,fashion-rotations,examples,backprop,0,0.0030,2,1,2,-1,-1,333,-1,500,2304,144,139624704,477168,477168,0
2594288,fashion-rotations,examples,backprop,0,0.0030,2,2,2,368,332,366,166,500,3072,192,186166272,477168,477168,0
2594288,fashion-rotations,examples,backprop,0,0.0030,3,0,3,368,332,366,166,500,3072,192,186166272,477168,477168,0
2594288,fashion-rotations,examples,backprop,0,0.0030,3,1,3,-1,-1,-1,310,500,3328,208,201680128,477168,477168,0
2594288,fashion-rotations,examples,backprop,0,0.0030,3,2,3,363,372,321,377,500,4096,256,248221696,477168,477168,0
2594288,fashion-rotations,examples,backprop,0,0.0030,4,0,0,363,372,321,377,500,4096,256,248221696,477168,477168,0
2594288,fashion-rotations,examples,backprop,0,0.0030,4,1,0,366,-1,-1,-1,500,4352,272,263735552,477168,477168,0
2594288,fashion-rotations,examples,backprop,0,0.0030,4,2,0,361,348,285,282,500,5120,320,310277120,477168,477168,0
2594288,fashion-rotations,examples,backprop,0,0.0030,5,0,2,361,348,285,282,500,5120,320,310277120,477168,477168,0
2594288,fashion-rotations,examples,backprop,0,0.0030,5,1,2,-1,-1,369,-1,500,5376,336,325790976,477168,477168,0
2594288,fashion-rotations,examples,backprop,0,0.0030,5,2,2,381,363,375,293,500,6144,384,372332544,477168,477168,0
2594288,fashion-rotations,examples,backprop,0,0.0030,6,0,1,381,363,375,293,500,6144,384,372332544,477168,477168,0
2594288,fashion-rotations,examples,backprop,0,0.0030,6,1,1,-1,373,-1,-1,500,6400,400,387846400,477168,477168,0
2594288,fashion-rotations,examples,backprop,0,0.0030,6,2,1,380,388,361,332,500,7168,448,434387968,477168,477168,0
2594288,fashion-rotations,examples,backprop,0,0.0030,7,0,3,380,388,361,332,500,7168,448,434387968,477168,477168,0
2594288,fashion-rotations,examples,backprop,0,0.0030,7,1,3,-1,-1,-1,331,500,7424,464,449901824,477168,477168,0
2594288,fashion-rotations,examples,backprop,0,0.0030,7,2,3,379,384,337,384,500,8192,512,496443392,477168,477168,0
2594288,fashion-rotations,examples,backprop,0,0.0030,8,0,2,379,384,337,384,500,8192,512,496443392,477168,477168,0
2594288,fashion-rotations,examples,backprop,0,0.0030,8,1,2,-1,-1,370,-1,500,8448,528,511957248,477168,477168,0
2594288,fashion-rotations,examples,backprop,0,0.0030,8,2,2,389,367,380,289,500,9216,576,558498816,477168,477168,0
2594288,fashion-rotations,examples,backprop,0,0.0030,9,0,0,389,367,380,289,500,9216,576,558498816,477168,477168,0
2594288,fashion-rotations,examples,backprop,0,0.0030,9,1,0,376,-1,-1,-1,500,9472,592,574012672,477168,477168,0
2594288,fashion-rotations,examples,backprop,0,0.0030,9,2,0,381,369,364,314,500,10240,640,620554240,477168,477168,0
2594288,fashion-rotations,examples,backprop,0,0.0030,10,0,3,381,369,364,314,500,10240,640,620554240,477168,477168,0
2594288,fashion-rotations,examples,backprop,0,0.0030,10,1,3,-1,-1,-1,358,500,10496,656,636068096,477168,477168,0
2594288,fashion-rotations,examples,backprop,0,0.0030,10,2,3,362,360,332,372,500,11264,704,682609664,477168,477168,0
2594288,fashion-rotations,examples,backprop,0,0.0030,11,0,1,362,360,332,372,500,11264,704,682609664,477168,477168,0
2594288,fashion-rotations,examples,backprop,0,0.0030,11,1,1,-1,369,-1,-1,500,11520,720,698123520,477168,477168,0
2594288,fashion-rotations,examples,backprop,0,0.0030,11,2,1,376,375,347,375,500,12288,768,744665088,477168,477168,0
2594288,fashion-rotations,work,jayce,24,0.0300,0,0,0,50,50,50,50,500,0,0,0,40,376360,0
2594288,fashion-rotations,work,jayce,24,0.0300,0,1,0,353,-1,-1,-1,500,496,31,3816384,376360,376360,240
2594288,fashion-rotations,work,jayce,24,0.0300,0,2,0,359,280,285,175,500,1312,82,15831168,376360,376360,240
2594288,fashion-rotations,work,jayce,24,0.0300,1,0,1,359,280,285,175,500,1312,82,15831168,376360,376360,240
2594288,fashion-rotations,work,jayce,24,0.0300,1,1,1,-1,338,-1,-1,500,1568,98,19600512,376360,376360,240
2594288,fashion-rotations,work,jayce,24,0.0300,1,2,1,369,366,293,309,500,2384,149,31615296,376360,376360,240
2594288,fashion-rotations,work,jayce,24,0.0300,2,0,2,369,366,293,309,500,2384,149,31615296,376360,376360,240
2594288,fashion-rotations,work,jayce,24,0.0300,2,1,2,-1,-1,311,-1,500,2640,165,35384640,376360,376360,240
2594288,fashion-rotations,work,jayce,24,0.0300,2,2,2,363,358,355,300,500,3456,216,47399424,376360,376360,240
2594288,fashion-rotations,work,jayce,24,0.0300,3,0,3,363,358,355,300,500,3456,216,47399424,376360,376360,240
2594288,fashion-rotations,work,jayce,24,0.0300,3,1,3,-1,-1,-1,329,500,3712,232,51168768,376360,376360,240
2594288,fashion-rotations,work,jayce,24,0.0300,3,2,3,356,321,347,365,500,4528,283,63183552,376360,376360,240
2594288,fashion-rotations,work,jayce,24,0.0300,4,0,0,356,321,347,365,500,4528,283,63183552,376360,376360,240
2594288,fashion-rotations,work,jayce,24,0.0300,4,1,0,360,-1,-1,-1,500,4784,299,66952896,376360,376360,240
2594288,fashion-rotations,work,jayce,24,0.0300,4,2,0,361,326,354,366,500,5600,350,78967680,376360,376360,240
2594288,fashion-rotations,work,jayce,24,0.0300,5,0,2,361,326,354,366,500,5600,350,78967680,376360,376360,240
2594288,fashion-rotations,work,jayce,24,0.0300,5,1,2,-1,-1,360,-1,500,5856,366,82737024,376360,376360,240
2594288,fashion-rotations,work,jayce,24,0.0300,5,2,2,355,328,359,363,500,6672,417,94751808,376360,376360,240
2594288,fashion-rotations,work,jayce,24,0.0300,6,0,1,355,328,359,363,500,6672,417,94751808,376360,376360,240
2594288,fashion-rotations,work,jayce,24,0.0300,6,1,1,-1,349,-1,-1,500,6928,433,98521152,376360,376360,240
2594288,fashion-rotations,work,jayce,24,0.0300,6,2,1,356,375,351,358,500,7744,484,110535936,376360,376360,240
2594288,fashion-rotations,work,jayce,24,0.0300,7,0,3,356,375,351,358,500,7744,484,110535936,376360,376360,240
2594288,fashion-rotations,work,jayce,24,0.0300,7,1,3,-1,-1,-1,365,500,8000,500,114305280,376360,376360,240
2594288,fashion-rotations,work,jayce,24,0.0300,7,2,3,349,353,337,375,500,8816,551,126320064,376360,376360,240
2594288,fashion-rotations,work,jayce,24,0.0300,8,0,2,349,353,337,375,500,8816,551,126320064,376360,376360,240
2594288,fashion-rotations,work,jayce,24,0.0300,8,1,2,-1,-1,345,-1,500,9072,567,130089408,376360,376360,240
2594288,fashion-rotations,work,jayce,24,0.0300,8,2,2,338,354,344,373,500,9888,618,142104192,376360,376360,240
2594288,fashion-rotations,work,jayce,24,0.0300,9,0,0,338,354,344,373,500,9888,618,142104192,376360,376360,240
2594288,fashion-rotations,work,jayce,24,0.0300,9,1,0,342,-1,-1,-1,500,10144,634,145873536,376360,376360,240
2594288,fashion-rotations,work,jayce,24,0.0300,9,2,0,350,355,349,368,500,10960,685,157888320,376360,376360,240
2594288,fashion-rotations,work,jayce,24,0.0300,10,0,3,350,355,349,368,500,10960,685,157888320,376360,376360,240
2594288,fashion-rotations,work,jayce,24,0.0300,10,1,3,-1,-1,-1,371,500,11216,701,161657664,376360,376360,240
2594288,fashion-rotations,work,jayce,24,0.0300,10,2,3,345,329,344,365,500,12032,752,173672448,376360,376360,240
2594288,fashion-rotations,work,jayce,24,0.0300,11,0,1,345,329,344,365,500,12032,752,173672448,376360,376360,240
2594288,fashion-rotations,work,jayce,24,0.0300,11,1,1,-1,340,-1,-1,500,12288,768,177441792,376360,376360,240
2594288,fashion-rotations,work,jayce,24,0.0300,11,2,1,352,364,344,356,500,13104,819,189456576,376360,376360,240
2594288,fashion-rotations,work,backprop,0,0.0030,0,0,0,49,47,37,44,500,0,0,0,477168,477168,0
2594288,fashion-rotations,work,backprop,0,0.0030,0,1,0,147,-1,-1,-1,500,64,4,3878464,477168,477168,0
2594288,fashion-rotations,work,backprop,0,0.0030,0,2,0,294,262,224,184,500,256,16,15513856,477168,477168,0
2594288,fashion-rotations,work,backprop,0,0.0030,1,0,1,294,262,224,184,500,256,16,15513856,477168,477168,0
2594288,fashion-rotations,work,backprop,0,0.0030,1,1,1,-1,283,-1,-1,500,320,20,19392320,477168,477168,0
2594288,fashion-rotations,work,backprop,0,0.0030,1,2,1,337,337,236,217,500,512,32,31027712,477168,477168,0
2594288,fashion-rotations,work,backprop,0,0.0030,2,0,2,337,337,236,217,500,512,32,31027712,477168,477168,0
2594288,fashion-rotations,work,backprop,0,0.0030,2,1,2,-1,-1,263,-1,500,576,36,34906176,477168,477168,0
2594288,fashion-rotations,work,backprop,0,0.0030,2,2,2,336,319,322,218,500,768,48,46541568,477168,477168,0
2594288,fashion-rotations,work,backprop,0,0.0030,3,0,3,336,319,322,218,500,768,48,46541568,477168,477168,0
2594288,fashion-rotations,work,backprop,0,0.0030,3,1,3,-1,-1,-1,266,500,832,52,50420032,477168,477168,0
2594288,fashion-rotations,work,backprop,0,0.0030,3,2,3,320,334,283,320,500,1024,64,62055424,477168,477168,0
2594288,fashion-rotations,work,backprop,0,0.0030,4,0,0,320,334,283,320,500,1024,64,62055424,477168,477168,0
2594288,fashion-rotations,work,backprop,0,0.0030,4,1,0,328,-1,-1,-1,500,1088,68,65933888,477168,477168,0
2594288,fashion-rotations,work,backprop,0,0.0030,4,2,0,353,337,301,258,500,1280,80,77569280,477168,477168,0
2594288,fashion-rotations,work,backprop,0,0.0030,5,0,2,353,337,301,258,500,1280,80,77569280,477168,477168,0
2594288,fashion-rotations,work,backprop,0,0.0030,5,1,2,-1,-1,334,-1,500,1344,84,81447744,477168,477168,0
2594288,fashion-rotations,work,backprop,0,0.0030,5,2,2,346,348,311,295,500,1536,96,93083136,477168,477168,0
2594288,fashion-rotations,work,backprop,0,0.0030,6,0,1,346,348,311,295,500,1536,96,93083136,477168,477168,0
2594288,fashion-rotations,work,backprop,0,0.0030,6,1,1,-1,341,-1,-1,500,1600,100,96961600,477168,477168,0
2594288,fashion-rotations,work,backprop,0,0.0030,6,2,1,355,353,325,345,500,1792,112,108596992,477168,477168,0
2594288,fashion-rotations,work,backprop,0,0.0030,7,0,3,355,353,325,345,500,1792,112,108596992,477168,477168,0
2594288,fashion-rotations,work,backprop,0,0.0030,7,1,3,-1,-1,-1,339,500,1856,116,112475456,477168,477168,0
2594288,fashion-rotations,work,backprop,0,0.0030,7,2,3,336,346,287,321,500,2048,128,124110848,477168,477168,0
2594288,fashion-rotations,work,backprop,0,0.0030,8,0,2,336,346,287,321,500,2048,128,124110848,477168,477168,0
2594288,fashion-rotations,work,backprop,0,0.0030,8,1,2,-1,-1,323,-1,500,2112,132,127989312,477168,477168,0
2594288,fashion-rotations,work,backprop,0,0.0030,8,2,2,371,343,355,270,500,2304,144,139624704,477168,477168,0
2594288,fashion-rotations,work,backprop,0,0.0030,9,0,0,371,343,355,270,500,2304,144,139624704,477168,477168,0
2594288,fashion-rotations,work,backprop,0,0.0030,9,1,0,372,-1,-1,-1,500,2368,148,143503168,477168,477168,0
2594288,fashion-rotations,work,backprop,0,0.0030,9,2,0,367,361,353,303,500,2560,160,155138560,477168,477168,0
2594288,fashion-rotations,work,backprop,0,0.0030,10,0,3,367,361,353,303,500,2560,160,155138560,477168,477168,0
2594288,fashion-rotations,work,backprop,0,0.0030,10,1,3,-1,-1,-1,349,500,2624,164,159017024,477168,477168,0
2594288,fashion-rotations,work,backprop,0,0.0030,10,2,3,341,346,317,345,500,2816,176,170652416,477168,477168,0
2594288,fashion-rotations,work,backprop,0,0.0030,11,0,1,341,346,317,345,500,2816,176,170652416,477168,477168,0
2594288,fashion-rotations,work,backprop,0,0.0030,11,1,1,-1,360,-1,-1,500,2880,180,174530880,477168,477168,0
2594288,fashion-rotations,work,backprop,0,0.0030,11,2,1,380,361,318,319,500,3072,192,186166272,477168,477168,0
2594288,fashion-rotations,memory,jayce,30,0.0100,0,0,0,50,50,50,50,500,0,0,0,40,470440,0
2594288,fashion-rotations,memory,jayce,30,0.0100,0,1,0,344,-1,-1,-1,500,256,16,86300,398312,470440,254
2594288,fashion-rotations,memory,jayce,30,0.0100,0,2,0,360,283,276,161,500,1024,64,13277592,470440,470440,300
2594288,fashion-rotations,memory,jayce,30,0.0100,1,0,1,360,283,276,161,500,1024,64,13277592,470440,470440,300
2594288,fashion-rotations,memory,jayce,30,0.0100,1,1,1,-1,300,-1,-1,500,1280,80,17951640,470440,470440,300
2594288,fashion-rotations,memory,jayce,30,0.0100,1,2,1,365,336,285,218,500,2048,128,31973784,470440,470440,300
2594288,fashion-rotations,memory,jayce,30,0.0100,2,0,2,365,336,285,218,500,2048,128,31973784,470440,470440,300
2594288,fashion-rotations,memory,jayce,30,0.0100,2,1,2,-1,-1,298,-1,500,2304,144,36647832,470440,470440,300
2594288,fashion-rotations,memory,jayce,30,0.0100,2,2,2,369,335,335,218,500,3072,192,50669976,470440,470440,300
2594288,fashion-rotations,memory,jayce,30,0.0100,3,0,3,369,335,335,218,500,3072,192,50669976,470440,470440,300
2594288,fashion-rotations,memory,jayce,30,0.0100,3,1,3,-1,-1,-1,275,500,3328,208,55344024,470440,470440,300
2594288,fashion-rotations,memory,jayce,30,0.0100,3,2,3,362,341,330,324,500,4096,256,69366168,470440,470440,300
2594288,fashion-rotations,memory,jayce,30,0.0100,4,0,0,362,341,330,324,500,4096,256,69366168,470440,470440,300
2594288,fashion-rotations,memory,jayce,30,0.0100,4,1,0,362,-1,-1,-1,500,4352,272,74040216,470440,470440,300
2594288,fashion-rotations,memory,jayce,30,0.0100,4,2,0,367,342,329,326,500,5120,320,88062360,470440,470440,300
2594288,fashion-rotations,memory,jayce,30,0.0100,5,0,2,367,342,329,326,500,5120,320,88062360,470440,470440,300
2594288,fashion-rotations,memory,jayce,30,0.0100,5,1,2,-1,-1,339,-1,500,5376,336,92736408,470440,470440,300
2594288,fashion-rotations,memory,jayce,30,0.0100,5,2,2,368,345,355,322,500,6144,384,106758552,470440,470440,300
2594288,fashion-rotations,memory,jayce,30,0.0100,6,0,1,368,345,355,322,500,6144,384,106758552,470440,470440,300
2594288,fashion-rotations,memory,jayce,30,0.0100,6,1,1,-1,355,-1,-1,500,6400,400,111432600,470440,470440,300
2594288,fashion-rotations,memory,jayce,30,0.0100,6,2,1,368,362,345,328,500,7168,448,125454744,470440,470440,300
2594288,fashion-rotations,memory,jayce,30,0.0100,7,0,3,368,362,345,328,500,7168,448,125454744,470440,470440,300
2594288,fashion-rotations,memory,jayce,30,0.0100,7,1,3,-1,-1,-1,334,500,7424,464,130128792,470440,470440,300
2594288,fashion-rotations,memory,jayce,30,0.0100,7,2,3,363,361,339,342,500,8192,512,144150936,470440,470440,300
2594288,fashion-rotations,memory,jayce,30,0.0100,8,0,2,363,361,339,342,500,8192,512,144150936,470440,470440,300
2594288,fashion-rotations,memory,jayce,30,0.0100,8,1,2,-1,-1,343,-1,500,8448,528,148824984,470440,470440,300
2594288,fashion-rotations,memory,jayce,30,0.0100,8,2,2,360,354,353,339,500,9216,576,162847128,470440,470440,300
2594288,fashion-rotations,memory,jayce,30,0.0100,9,0,0,360,354,353,339,500,9216,576,162847128,470440,470440,300
2594288,fashion-rotations,memory,jayce,30,0.0100,9,1,0,362,-1,-1,-1,500,9472,592,167521176,470440,470440,300
2594288,fashion-rotations,memory,jayce,30,0.0100,9,2,0,364,354,353,349,500,10240,640,181543320,470440,470440,300
2594288,fashion-rotations,memory,jayce,30,0.0100,10,0,3,364,354,353,349,500,10240,640,181543320,470440,470440,300
2594288,fashion-rotations,memory,jayce,30,0.0100,10,1,3,-1,-1,-1,342,500,10496,656,186217368,470440,470440,300
2594288,fashion-rotations,memory,jayce,30,0.0100,10,2,3,359,338,343,354,500,11264,704,200239512,470440,470440,300
2594288,fashion-rotations,memory,jayce,30,0.0100,11,0,1,359,338,343,354,500,11264,704,200239512,470440,470440,300
2594288,fashion-rotations,memory,jayce,30,0.0100,11,1,1,-1,358,-1,-1,500,11520,720,204913560,470440,470440,300
2594288,fashion-rotations,memory,jayce,30,0.0100,11,2,1,361,372,343,351,500,12288,768,218935704,470440,470440,300
2594288,fashion-rotations,memory,backprop,0,0.0030,0,0,0,49,47,37,44,500,0,0,0,477168,477168,0
2594288,fashion-rotations,memory,backprop,0,0.0030,0,1,0,294,-1,-1,-1,500,256,16,15513856,477168,477168,0
2594288,fashion-rotations,memory,backprop,0,0.0030,0,2,0,374,305,270,141,500,1024,64,62055424,477168,477168,0
2594288,fashion-rotations,memory,backprop,0,0.0030,1,0,1,374,305,270,141,500,1024,64,62055424,477168,477168,0
2594288,fashion-rotations,memory,backprop,0,0.0030,1,1,1,-1,346,-1,-1,500,1280,80,77569280,477168,477168,0
2594288,fashion-rotations,memory,backprop,0,0.0030,1,2,1,377,373,275,276,500,2048,128,124110848,477168,477168,0
2594288,fashion-rotations,memory,backprop,0,0.0030,2,0,2,377,373,275,276,500,2048,128,124110848,477168,477168,0
2594288,fashion-rotations,memory,backprop,0,0.0030,2,1,2,-1,-1,333,-1,500,2304,144,139624704,477168,477168,0
2594288,fashion-rotations,memory,backprop,0,0.0030,2,2,2,368,332,366,166,500,3072,192,186166272,477168,477168,0
2594288,fashion-rotations,memory,backprop,0,0.0030,3,0,3,368,332,366,166,500,3072,192,186166272,477168,477168,0
2594288,fashion-rotations,memory,backprop,0,0.0030,3,1,3,-1,-1,-1,310,500,3328,208,201680128,477168,477168,0
2594288,fashion-rotations,memory,backprop,0,0.0030,3,2,3,363,372,321,377,500,4096,256,248221696,477168,477168,0
2594288,fashion-rotations,memory,backprop,0,0.0030,4,0,0,363,372,321,377,500,4096,256,248221696,477168,477168,0
2594288,fashion-rotations,memory,backprop,0,0.0030,4,1,0,366,-1,-1,-1,500,4352,272,263735552,477168,477168,0
2594288,fashion-rotations,memory,backprop,0,0.0030,4,2,0,361,348,285,282,500,5120,320,310277120,477168,477168,0
2594288,fashion-rotations,memory,backprop,0,0.0030,5,0,2,361,348,285,282,500,5120,320,310277120,477168,477168,0
2594288,fashion-rotations,memory,backprop,0,0.0030,5,1,2,-1,-1,369,-1,500,5376,336,325790976,477168,477168,0
2594288,fashion-rotations,memory,backprop,0,0.0030,5,2,2,381,363,375,293,500,6144,384,372332544,477168,477168,0
2594288,fashion-rotations,memory,backprop,0,0.0030,6,0,1,381,363,375,293,500,6144,384,372332544,477168,477168,0
2594288,fashion-rotations,memory,backprop,0,0.0030,6,1,1,-1,373,-1,-1,500,6400,400,387846400,477168,477168,0
2594288,fashion-rotations,memory,backprop,0,0.0030,6,2,1,380,388,361,332,500,7168,448,434387968,477168,477168,0
2594288,fashion-rotations,memory,backprop,0,0.0030,7,0,3,380,388,361,332,500,7168,448,434387968,477168,477168,0
2594288,fashion-rotations,memory,backprop,0,0.0030,7,1,3,-1,-1,-1,331,500,7424,464,449901824,477168,477168,0
2594288,fashion-rotations,memory,backprop,0,0.0030,7,2,3,379,384,337,384,500,8192,512,496443392,477168,477168,0
2594288,fashion-rotations,memory,backprop,0,0.0030,8,0,2,379,384,337,384,500,8192,512,496443392,477168,477168,0
2594288,fashion-rotations,memory,backprop,0,0.0030,8,1,2,-1,-1,370,-1,500,8448,528,511957248,477168,477168,0
2594288,fashion-rotations,memory,backprop,0,0.0030,8,2,2,389,367,380,289,500,9216,576,558498816,477168,477168,0
2594288,fashion-rotations,memory,backprop,0,0.0030,9,0,0,389,367,380,289,500,9216,576,558498816,477168,477168,0
2594288,fashion-rotations,memory,backprop,0,0.0030,9,1,0,376,-1,-1,-1,500,9472,592,574012672,477168,477168,0
2594288,fashion-rotations,memory,backprop,0,0.0030,9,2,0,381,369,364,314,500,10240,640,620554240,477168,477168,0
2594288,fashion-rotations,memory,backprop,0,0.0030,10,0,3,381,369,364,314,500,10240,640,620554240,477168,477168,0
2594288,fashion-rotations,memory,backprop,0,0.0030,10,1,3,-1,-1,-1,358,500,10496,656,636068096,477168,477168,0
2594288,fashion-rotations,memory,backprop,0,0.0030,10,2,3,362,360,332,372,500,11264,704,682609664,477168,477168,0
2594288,fashion-rotations,memory,backprop,0,0.0030,11,0,1,362,360,332,372,500,11264,704,682609664,477168,477168,0
2594288,fashion-rotations,memory,backprop,0,0.0030,11,1,1,-1,369,-1,-1,500,11520,720,698123520,477168,477168,0
2594288,fashion-rotations,memory,backprop,0,0.0030,11,2,1,376,375,347,375,500,12288,768,744665088,477168,477168,0
2699017,fashion-rotations,examples,jayce,48,0.0300,0,0,0,50,50,50,50,500,0,0,0,40,752680,0
2699017,fashion-rotations,examples,jayce,48,0.0300,0,1,0,359,-1,-1,-1,500,256,16,50176,401448,752680,256
2699017,fashion-rotations,examples,jayce,48,0.0300,0,2,0,364,259,285,164,500,1024,64,15793920,752680,752680,480
2699017,fashion-rotations,examples,jayce,48,0.0300,1,0,1,364,259,285,164,500,1024,64,15793920,752680,752680,480
2699017,fashion-rotations,examples,jayce,48,0.0300,1,1,1,-1,291,-1,-1,500,1280,80,23182080,752680,752680,480
2699017,fashion-rotations,examples,jayce,48,0.0300,1,2,1,357,357,277,318,500,2048,128,45346560,752680,752680,480
2699017,fashion-rotations,examples,jayce,48,0.0300,2,0,2,357,357,277,318,500,2048,128,45346560,752680,752680,480
2699017,fashion-rotations,examples,jayce,48,0.0300,2,1,2,-1,-1,309,-1,500,2304,144,52734720,752680,752680,480
2699017,fashion-rotations,examples,jayce,48,0.0300,2,2,2,362,349,328,315,500,3072,192,74899200,752680,752680,480
2699017,fashion-rotations,examples,jayce,48,0.0300,3,0,3,362,349,328,315,500,3072,192,74899200,752680,752680,480
2699017,fashion-rotations,examples,jayce,48,0.0300,3,1,3,-1,-1,-1,331,500,3328,208,82287360,752680,752680,480
2699017,fashion-rotations,examples,jayce,48,0.0300,3,2,3,360,293,323,357,500,4096,256,104451840,752680,752680,480
2699017,fashion-rotations,examples,jayce,48,0.0300,4,0,0,360,293,323,357,500,4096,256,104451840,752680,752680,480
2699017,fashion-rotations,examples,jayce,48,0.0300,4,1,0,366,-1,-1,-1,500,4352,272,111840000,752680,752680,480
2699017,fashion-rotations,examples,jayce,48,0.0300,4,2,0,374,295,325,353,500,5120,320,134004480,752680,752680,480
2699017,fashion-rotations,examples,jayce,48,0.0300,5,0,2,374,295,325,353,500,5120,320,134004480,752680,752680,480
2699017,fashion-rotations,examples,jayce,48,0.0300,5,1,2,-1,-1,332,-1,500,5376,336,141392640,752680,752680,480
2699017,fashion-rotations,examples,jayce,48,0.0300,5,2,2,373,302,348,357,500,6144,384,163557120,752680,752680,480
2699017,fashion-rotations,examples,jayce,48,0.0300,6,0,1,373,302,348,357,500,6144,384,163557120,752680,752680,480
2699017,fashion-rotations,examples,jayce,48,0.0300,6,1,1,-1,336,-1,-1,500,6400,400,170945280,752680,752680,480
2699017,fashion-rotations,examples,jayce,48,0.0300,6,2,1,374,353,344,311,500,7168,448,193109760,752680,752680,480
2699017,fashion-rotations,examples,jayce,48,0.0300,7,0,3,374,353,344,311,500,7168,448,193109760,752680,752680,480
2699017,fashion-rotations,examples,jayce,48,0.0300,7,1,3,-1,-1,-1,345,500,7424,464,200497920,752680,752680,480
2699017,fashion-rotations,examples,jayce,48,0.0300,7,2,3,373,323,336,353,500,8192,512,222662400,752680,752680,480
2699017,fashion-rotations,examples,jayce,48,0.0300,8,0,2,373,323,336,353,500,8192,512,222662400,752680,752680,480
2699017,fashion-rotations,examples,jayce,48,0.0300,8,1,2,-1,-1,337,-1,500,8448,528,230050560,752680,752680,480
2699017,fashion-rotations,examples,jayce,48,0.0300,8,2,2,374,326,358,353,500,9216,576,252215040,752680,752680,480
2699017,fashion-rotations,examples,jayce,48,0.0300,9,0,0,374,326,358,353,500,9216,576,252215040,752680,752680,480
2699017,fashion-rotations,examples,jayce,48,0.0300,9,1,0,378,-1,-1,-1,500,9472,592,259603200,752680,752680,480
2699017,fashion-rotations,examples,jayce,48,0.0300,9,2,0,379,328,361,348,500,10240,640,281767680,752680,752680,480
2699017,fashion-rotations,examples,jayce,48,0.0300,10,0,3,379,328,361,348,500,10240,640,281767680,752680,752680,480
2699017,fashion-rotations,examples,jayce,48,0.0300,10,1,3,-1,-1,-1,350,500,10496,656,289155840,752680,752680,480
2699017,fashion-rotations,examples,jayce,48,0.0300,10,2,3,381,306,354,351,500,11264,704,311320320,752680,752680,480
2699017,fashion-rotations,examples,jayce,48,0.0300,11,0,1,381,306,354,351,500,11264,704,311320320,752680,752680,480
2699017,fashion-rotations,examples,jayce,48,0.0300,11,1,1,-1,331,-1,-1,500,11520,720,318708480,752680,752680,480
2699017,fashion-rotations,examples,jayce,48,0.0300,11,2,1,381,356,355,316,500,12288,768,340872960,752680,752680,480
2699017,fashion-rotations,examples,backprop,0,0.0030,0,0,0,41,28,35,28,500,0,0,0,477168,477168,0
2699017,fashion-rotations,examples,backprop,0,0.0030,0,1,0,260,-1,-1,-1,500,256,16,15513856,477168,477168,0
2699017,fashion-rotations,examples,backprop,0,0.0030,0,2,0,360,289,289,174,500,1024,64,62055424,477168,477168,0
2699017,fashion-rotations,examples,backprop,0,0.0030,1,0,1,360,289,289,174,500,1024,64,62055424,477168,477168,0
2699017,fashion-rotations,examples,backprop,0,0.0030,1,1,1,-1,368,-1,-1,500,1280,80,77569280,477168,477168,0
2699017,fashion-rotations,examples,backprop,0,0.0030,1,2,1,369,379,291,291,500,2048,128,124110848,477168,477168,0
2699017,fashion-rotations,examples,backprop,0,0.0030,2,0,2,369,379,291,291,500,2048,128,124110848,477168,477168,0
2699017,fashion-rotations,examples,backprop,0,0.0030,2,1,2,-1,-1,332,-1,500,2304,144,139624704,477168,477168,0
2699017,fashion-rotations,examples,backprop,0,0.0030,2,2,2,372,355,360,166,500,3072,192,186166272,477168,477168,0
2699017,fashion-rotations,examples,backprop,0,0.0030,3,0,3,372,355,360,166,500,3072,192,186166272,477168,477168,0
2699017,fashion-rotations,examples,backprop,0,0.0030,3,1,3,-1,-1,-1,315,500,3328,208,201680128,477168,477168,0
2699017,fashion-rotations,examples,backprop,0,0.0030,3,2,3,369,374,345,353,500,4096,256,248221696,477168,477168,0
2699017,fashion-rotations,examples,backprop,0,0.0030,4,0,0,369,374,345,353,500,4096,256,248221696,477168,477168,0
2699017,fashion-rotations,examples,backprop,0,0.0030,4,1,0,357,-1,-1,-1,500,4352,272,263735552,477168,477168,0
2699017,fashion-rotations,examples,backprop,0,0.0030,4,2,0,389,379,349,339,500,5120,320,310277120,477168,477168,0
2699017,fashion-rotations,examples,backprop,0,0.0030,5,0,2,389,379,349,339,500,5120,320,310277120,477168,477168,0
2699017,fashion-rotations,examples,backprop,0,0.0030,5,1,2,-1,-1,341,-1,500,5376,336,325790976,477168,477168,0
2699017,fashion-rotations,examples,backprop,0,0.0030,5,2,2,386,364,374,273,500,6144,384,372332544,477168,477168,0
2699017,fashion-rotations,examples,backprop,0,0.0030,6,0,1,386,364,374,273,500,6144,384,372332544,477168,477168,0
2699017,fashion-rotations,examples,backprop,0,0.0030,6,1,1,-1,374,-1,-1,500,6400,400,387846400,477168,477168,0
2699017,fashion-rotations,examples,backprop,0,0.0030,6,2,1,360,358,325,314,500,7168,448,434387968,477168,477168,0
2699017,fashion-rotations,examples,backprop,0,0.0030,7,0,3,360,358,325,314,500,7168,448,434387968,477168,477168,0
2699017,fashion-rotations,examples,backprop,0,0.0030,7,1,3,-1,-1,-1,373,500,7424,464,449901824,477168,477168,0
2699017,fashion-rotations,examples,backprop,0,0.0030,7,2,3,364,378,306,363,500,8192,512,496443392,477168,477168,0
2699017,fashion-rotations,examples,backprop,0,0.0030,8,0,2,364,378,306,363,500,8192,512,496443392,477168,477168,0
2699017,fashion-rotations,examples,backprop,0,0.0030,8,1,2,-1,-1,359,-1,500,8448,528,511957248,477168,477168,0
2699017,fashion-rotations,examples,backprop,0,0.0030,8,2,2,377,365,377,330,500,9216,576,558498816,477168,477168,0
2699017,fashion-rotations,examples,backprop,0,0.0030,9,0,0,377,365,377,330,500,9216,576,558498816,477168,477168,0
2699017,fashion-rotations,examples,backprop,0,0.0030,9,1,0,383,-1,-1,-1,500,9472,592,574012672,477168,477168,0
2699017,fashion-rotations,examples,backprop,0,0.0030,9,2,0,394,359,373,308,500,10240,640,620554240,477168,477168,0
2699017,fashion-rotations,examples,backprop,0,0.0030,10,0,3,394,359,373,308,500,10240,640,620554240,477168,477168,0
2699017,fashion-rotations,examples,backprop,0,0.0030,10,1,3,-1,-1,-1,366,500,10496,656,636068096,477168,477168,0
2699017,fashion-rotations,examples,backprop,0,0.0030,10,2,3,382,381,357,387,500,11264,704,682609664,477168,477168,0
2699017,fashion-rotations,examples,backprop,0,0.0030,11,0,1,382,381,357,387,500,11264,704,682609664,477168,477168,0
2699017,fashion-rotations,examples,backprop,0,0.0030,11,1,1,-1,377,-1,-1,500,11520,720,698123520,477168,477168,0
2699017,fashion-rotations,examples,backprop,0,0.0030,11,2,1,372,375,355,387,500,12288,768,744665088,477168,477168,0
2699017,fashion-rotations,work,jayce,24,0.0300,0,0,0,50,50,50,50,500,0,0,0,40,376360,0
2699017,fashion-rotations,work,jayce,24,0.0300,0,1,0,372,-1,-1,-1,500,496,31,3816384,376360,376360,240
2699017,fashion-rotations,work,jayce,24,0.0300,0,2,0,374,261,296,163,500,1312,82,15831168,376360,376360,240
2699017,fashion-rotations,work,jayce,24,0.0300,1,0,1,374,261,296,163,500,1312,82,15831168,376360,376360,240
2699017,fashion-rotations,work,jayce,24,0.0300,1,1,1,-1,311,-1,-1,500,1568,98,19600512,376360,376360,240
2699017,fashion-rotations,work,jayce,24,0.0300,1,2,1,371,362,287,309,500,2384,149,31615296,376360,376360,240
2699017,fashion-rotations,work,jayce,24,0.0300,2,0,2,371,362,287,309,500,2384,149,31615296,376360,376360,240
2699017,fashion-rotations,work,jayce,24,0.0300,2,1,2,-1,-1,316,-1,500,2640,165,35384640,376360,376360,240
2699017,fashion-rotations,work,jayce,24,0.0300,2,2,2,370,347,348,309,500,3456,216,47399424,376360,376360,240
2699017,fashion-rotations,work,jayce,24,0.0300,3,0,3,370,347,348,309,500,3456,216,47399424,376360,376360,240
2699017,fashion-rotations,work,jayce,24,0.0300,3,1,3,-1,-1,-1,321,500,3712,232,51168768,376360,376360,240
2699017,fashion-rotations,work,jayce,24,0.0300,3,2,3,358,301,327,345,500,4528,283,63183552,376360,376360,240
2699017,fashion-rotations,work,jayce,24,0.0300,4,0,0,358,301,327,345,500,4528,283,63183552,376360,376360,240
2699017,fashion-rotations,work,jayce,24,0.0300,4,1,0,363,-1,-1,-1,500,4784,299,66952896,376360,376360,240
2699017,fashion-rotations,work,jayce,24,0.0300,4,2,0,371,297,328,345,500,5600,350,78967680,376360,376360,240
2699017,fashion-rotations,work,jayce,24,0.0300,5,0,2,371,297,328,345,500,5600,350,78967680,376360,376360,240
2699017,fashion-rotations,work,jayce,24,0.0300,5,1,2,-1,-1,337,-1,500,5856,366,82737024,376360,376360,240
2699017,fashion-rotations,work,jayce,24,0.0300,5,2,2,374,304,352,345,500,6672,417,94751808,376360,376360,240
2699017,fashion-rotations,work,jayce,24,0.0300,6,0,1,374,304,352,345,500,6672,417,94751808,376360,376360,240
2699017,fashion-rotations,work,jayce,24,0.0300,6,1,1,-1,338,-1,-1,500,6928,433,98521152,376360,376360,240
2699017,fashion-rotations,work,jayce,24,0.0300,6,2,1,372,357,357,322,500,7744,484,110535936,376360,376360,240
2699017,fashion-rotations,work,jayce,24,0.0300,7,0,3,372,357,357,322,500,7744,484,110535936,376360,376360,240
2699017,fashion-rotations,work,jayce,24,0.0300,7,1,3,-1,-1,-1,348,500,8000,500,114305280,376360,376360,240
2699017,fashion-rotations,work,jayce,24,0.0300,7,2,3,368,333,344,366,500,8816,551,126320064,376360,376360,240
2699017,fashion-rotations,work,jayce,24,0.0300,8,0,2,368,333,344,366,500,8816,551,126320064,376360,376360,240
2699017,fashion-rotations,work,jayce,24,0.0300,8,1,2,-1,-1,344,-1,500,9072,567,130089408,376360,376360,240
2699017,fashion-rotations,work,jayce,24,0.0300,8,2,2,369,327,357,360,500,9888,618,142104192,376360,376360,240
2699017,fashion-rotations,work,jayce,24,0.0300,9,0,0,369,327,357,360,500,9888,618,142104192,376360,376360,240
2699017,fashion-rotations,work,jayce,24,0.0300,9,1,0,373,-1,-1,-1,500,10144,634,145873536,376360,376360,240
2699017,fashion-rotations,work,jayce,24,0.0300,9,2,0,375,323,359,362,500,10960,685,157888320,376360,376360,240
2699017,fashion-rotations,work,jayce,24,0.0300,10,0,3,375,323,359,362,500,10960,685,157888320,376360,376360,240
2699017,fashion-rotations,work,jayce,24,0.0300,10,1,3,-1,-1,-1,365,500,11216,701,161657664,376360,376360,240
2699017,fashion-rotations,work,jayce,24,0.0300,10,2,3,369,313,351,355,500,12032,752,173672448,376360,376360,240
2699017,fashion-rotations,work,jayce,24,0.0300,11,0,1,369,313,351,355,500,12032,752,173672448,376360,376360,240
2699017,fashion-rotations,work,jayce,24,0.0300,11,1,1,-1,328,-1,-1,500,12288,768,177441792,376360,376360,240
2699017,fashion-rotations,work,jayce,24,0.0300,11,2,1,369,364,357,350,500,13104,819,189456576,376360,376360,240
2699017,fashion-rotations,work,backprop,0,0.0030,0,0,0,41,28,35,28,500,0,0,0,477168,477168,0
2699017,fashion-rotations,work,backprop,0,0.0030,0,1,0,138,-1,-1,-1,500,64,4,3878464,477168,477168,0
2699017,fashion-rotations,work,backprop,0,0.0030,0,2,0,260,256,199,148,500,256,16,15513856,477168,477168,0
2699017,fashion-rotations,work,backprop,0,0.0030,1,0,1,260,256,199,148,500,256,16,15513856,477168,477168,0
2699017,fashion-rotations,work,backprop,0,0.0030,1,1,1,-1,298,-1,-1,500,320,20,19392320,477168,477168,0
2699017,fashion-rotations,work,backprop,0,0.0030,1,2,1,338,353,277,260,500,512,32,31027712,477168,477168,0
2699017,fashion-rotations,work,backprop,0,0.0030,2,0,2,338,353,277,260,500,512,32,31027712,477168,477168,0
2699017,fashion-rotations,work,backprop,0,0.0030,2,1,2,-1,-1,280,-1,500,576,36,34906176,477168,477168,0
2699017,fashion-rotations,work,backprop,0,0.0030,2,2,2,338,338,290,220,500,768,48,46541568,477168,477168,0
2699017,fashion-rotations,work,backprop,0,0.0030,3,0,3,338,338,290,220,500,768,48,46541568,477168,477168,0
2699017,fashion-rotations,work,backprop,0,0.0030,3,1,3,-1,-1,-1,272,500,832,52,50420032,477168,477168,0
2699017,fashion-rotations,work,backprop,0,0.0030,3,2,3,314,320,281,323,500,1024,64,62055424,477168,477168,0
2699017,fashion-rotations,work,backprop,0,0.0030,4,0,0,314,320,281,323,500,1024,64,62055424,477168,477168,0
2699017,fashion-rotations,work,backprop,0,0.0030,4,1,0,351,-1,-1,-1,500,1088,68,65933888,477168,477168,0
2699017,fashion-rotations,work,backprop,0,0.0030,4,2,0,336,325,280,243,500,1280,80,77569280,477168,477168,0
2699017,fashion-rotations,work,backprop,0,0.0030,5,0,2,336,325,280,243,500,1280,80,77569280,477168,477168,0
2699017,fashion-rotations,work,backprop,0,0.0030,5,1,2,-1,-1,331,-1,500,1344,84,81447744,477168,477168,0
2699017,fashion-rotations,work,backprop,0,0.0030,5,2,2,348,362,327,324,500,1536,96,93083136,477168,477168,0
2699017,fashion-rotations,work,backprop,0,0.0030,6,0,1,348,362,327,324,500,1536,96,93083136,477168,477168,0
2699017,fashion-rotations,work,backprop,0,0.0030,6,1,1,-1,363,-1,-1,500,1600,100,96961600,477168,477168,0
2699017,fashion-rotations,work,backprop,0,0.0030,6,2,1,365,372,345,344,500,1792,112,108596992,477168,477168,0
2699017,fashion-rotations,work,backprop,0,0.0030,7,0,3,365,372,345,344,500,1792,112,108596992,477168,477168,0
2699017,fashion-rotations,work,backprop,0,0.0030,7,1,3,-1,-1,-1,352,500,1856,116,112475456,477168,477168,0
2699017,fashion-rotations,work,backprop,0,0.0030,7,2,3,325,339,281,325,500,2048,128,124110848,477168,477168,0
2699017,fashion-rotations,work,backprop,0,0.0030,8,0,2,325,339,281,325,500,2048,128,124110848,477168,477168,0
2699017,fashion-rotations,work,backprop,0,0.0030,8,1,2,-1,-1,313,-1,500,2112,132,127989312,477168,477168,0
2699017,fashion-rotations,work,backprop,0,0.0030,8,2,2,355,349,332,303,500,2304,144,139624704,477168,477168,0
2699017,fashion-rotations,work,backprop,0,0.0030,9,0,0,355,349,332,303,500,2304,144,139624704,477168,477168,0
2699017,fashion-rotations,work,backprop,0,0.0030,9,1,0,360,-1,-1,-1,500,2368,148,143503168,477168,477168,0
2699017,fashion-rotations,work,backprop,0,0.0030,9,2,0,373,362,329,312,500,2560,160,155138560,477168,477168,0
2699017,fashion-rotations,work,backprop,0,0.0030,10,0,3,373,362,329,312,500,2560,160,155138560,477168,477168,0
2699017,fashion-rotations,work,backprop,0,0.0030,10,1,3,-1,-1,-1,341,500,2624,164,159017024,477168,477168,0
2699017,fashion-rotations,work,backprop,0,0.0030,10,2,3,357,360,321,353,500,2816,176,170652416,477168,477168,0
2699017,fashion-rotations,work,backprop,0,0.0030,11,0,1,357,360,321,353,500,2816,176,170652416,477168,477168,0
2699017,fashion-rotations,work,backprop,0,0.0030,11,1,1,-1,357,-1,-1,500,2880,180,174530880,477168,477168,0
2699017,fashion-rotations,work,backprop,0,0.0030,11,2,1,365,360,321,330,500,3072,192,186166272,477168,477168,0
2699017,fashion-rotations,memory,jayce,30,0.0100,0,0,0,50,50,50,50,500,0,0,0,40,470440,0
2699017,fashion-rotations,memory,jayce,30,0.0100,0,1,0,359,-1,-1,-1,500,256,16,68238,399880,470440,255
2699017,fashion-rotations,memory,jayce,30,0.0100,0,2,0,367,255,301,167,500,1024,64,13277592,470440,470440,300
2699017,fashion-rotations,memory,jayce,30,0.0100,1,0,1,367,255,301,167,500,1024,64,13277592,470440,470440,300
2699017,fashion-rotations,memory,jayce,30,0.0100,1,1,1,-1,283,-1,-1,500,1280,80,17951640,470440,470440,300
2699017,fashion-rotations,memory,jayce,30,0.0100,1,2,1,367,334,294,230,500,2048,128,31973784,470440,470440,300
2699017,fashion-rotations,memory,jayce,30,0.0100,2,0,2,367,334,294,230,500,2048,128,31973784,470440,470440,300
2699017,fashion-rotations,memory,jayce,30,0.0100,2,1,2,-1,-1,305,-1,500,2304,144,36647832,470440,470440,300
2699017,fashion-rotations,memory,jayce,30,0.0100,2,2,2,360,329,333,230,500,3072,192,50669976,470440,470440,300
2699017,fashion-rotations,memory,jayce,30,0.0100,3,0,3,360,329,333,230,500,3072,192,50669976,470440,470440,300
2699017,fashion-rotations,memory,jayce,30,0.0100,3,1,3,-1,-1,-1,281,500,3328,208,55344024,470440,470440,300
2699017,fashion-rotations,memory,jayce,30,0.0100,3,2,3,356,335,324,316,500,4096,256,69366168,470440,470440,300
2699017,fashion-rotations,memory,jayce,30,0.0100,4,0,0,356,335,324,316,500,4096,256,69366168,470440,470440,300
2699017,fashion-rotations,memory,jayce,30,0.0100,4,1,0,360,-1,-1,-1,500,4352,272,74040216,470440,470440,300
2699017,fashion-rotations,memory,jayce,30,0.0100,4,2,0,364,338,327,316,500,5120,320,88062360,470440,470440,300
2699017,fashion-rotations,memory,jayce,30,0.0100,5,0,2,364,338,327,316,500,5120,320,88062360,470440,470440,300
2699017,fashion-rotations,memory,jayce,30,0.0100,5,1,2,-1,-1,330,-1,500,5376,336,92736408,470440,470440,300
2699017,fashion-rotations,memory,jayce,30,0.0100,5,2,2,358,336,337,313,500,6144,384,106758552,470440,470440,300
2699017,fashion-rotations,memory,jayce,30,0.0100,6,0,1,358,336,337,313,500,6144,384,106758552,470440,470440,300
2699017,fashion-rotations,memory,jayce,30,0.0100,6,1,1,-1,340,-1,-1,500,6400,400,111432600,470440,470440,300
2699017,fashion-rotations,memory,jayce,30,0.0100,6,2,1,359,345,333,322,500,7168,448,125454744,470440,470440,300
2699017,fashion-rotations,memory,jayce,30,0.0100,7,0,3,359,345,333,322,500,7168,448,125454744,470440,470440,300
2699017,fashion-rotations,memory,jayce,30,0.0100,7,1,3,-1,-1,-1,328,500,7424,464,130128792,470440,470440,300
2699017,fashion-rotations,memory,jayce,30,0.0100,7,2,3,363,325,329,347,500,8192,512,144150936,470440,470440,300
2699017,fashion-rotations,memory,jayce,30,0.0100,8,0,2,363,325,329,347,500,8192,512,144150936,470440,470440,300
2699017,fashion-rotations,memory,jayce,30,0.0100,8,1,2,-1,-1,333,-1,500,8448,528,148824984,470440,470440,300
2699017,fashion-rotations,memory,jayce,30,0.0100,8,2,2,362,324,337,350,500,9216,576,162847128,470440,470440,300
2699017,fashion-rotations,memory,jayce,30,0.0100,9,0,0,362,324,337,350,500,9216,576,162847128,470440,470440,300
2699017,fashion-rotations,memory,jayce,30,0.0100,9,1,0,365,-1,-1,-1,500,9472,592,167521176,470440,470440,300
2699017,fashion-rotations,memory,jayce,30,0.0100,9,2,0,369,327,341,349,500,10240,640,181543320,470440,470440,300
2699017,fashion-rotations,memory,jayce,30,0.0100,10,0,3,369,327,341,349,500,10240,640,181543320,470440,470440,300
2699017,fashion-rotations,memory,jayce,30,0.0100,10,1,3,-1,-1,-1,344,500,10496,656,186217368,470440,470440,300
2699017,fashion-rotations,memory,jayce,30,0.0100,10,2,3,367,297,339,355,500,11264,704,200239512,470440,470440,300
2699017,fashion-rotations,memory,jayce,30,0.0100,11,0,1,367,297,339,355,500,11264,704,200239512,470440,470440,300
2699017,fashion-rotations,memory,jayce,30,0.0100,11,1,1,-1,312,-1,-1,500,11520,720,204913560,470440,470440,300
2699017,fashion-rotations,memory,jayce,30,0.0100,11,2,1,367,337,334,348,500,12288,768,218935704,470440,470440,300
2699017,fashion-rotations,memory,backprop,0,0.0030,0,0,0,41,28,35,28,500,0,0,0,477168,477168,0
2699017,fashion-rotations,memory,backprop,0,0.0030,0,1,0,260,-1,-1,-1,500,256,16,15513856,477168,477168,0
2699017,fashion-rotations,memory,backprop,0,0.0030,0,2,0,360,289,289,174,500,1024,64,62055424,477168,477168,0
2699017,fashion-rotations,memory,backprop,0,0.0030,1,0,1,360,289,289,174,500,1024,64,62055424,477168,477168,0
2699017,fashion-rotations,memory,backprop,0,0.0030,1,1,1,-1,368,-1,-1,500,1280,80,77569280,477168,477168,0
2699017,fashion-rotations,memory,backprop,0,0.0030,1,2,1,369,379,291,291,500,2048,128,124110848,477168,477168,0
2699017,fashion-rotations,memory,backprop,0,0.0030,2,0,2,369,379,291,291,500,2048,128,124110848,477168,477168,0
2699017,fashion-rotations,memory,backprop,0,0.0030,2,1,2,-1,-1,332,-1,500,2304,144,139624704,477168,477168,0
2699017,fashion-rotations,memory,backprop,0,0.0030,2,2,2,372,355,360,166,500,3072,192,186166272,477168,477168,0
2699017,fashion-rotations,memory,backprop,0,0.0030,3,0,3,372,355,360,166,500,3072,192,186166272,477168,477168,0
2699017,fashion-rotations,memory,backprop,0,0.0030,3,1,3,-1,-1,-1,315,500,3328,208,201680128,477168,477168,0
2699017,fashion-rotations,memory,backprop,0,0.0030,3,2,3,369,374,345,353,500,4096,256,248221696,477168,477168,0
2699017,fashion-rotations,memory,backprop,0,0.0030,4,0,0,369,374,345,353,500,4096,256,248221696,477168,477168,0
2699017,fashion-rotations,memory,backprop,0,0.0030,4,1,0,357,-1,-1,-1,500,4352,272,263735552,477168,477168,0
2699017,fashion-rotations,memory,backprop,0,0.0030,4,2,0,389,379,349,339,500,5120,320,310277120,477168,477168,0
2699017,fashion-rotations,memory,backprop,0,0.0030,5,0,2,389,379,349,339,500,5120,320,310277120,477168,477168,0
2699017,fashion-rotations,memory,backprop,0,0.0030,5,1,2,-1,-1,341,-1,500,5376,336,325790976,477168,477168,0
2699017,fashion-rotations,memory,backprop,0,0.0030,5,2,2,386,364,374,273,500,6144,384,372332544,477168,477168,0
2699017,fashion-rotations,memory,backprop,0,0.0030,6,0,1,386,364,374,273,500,6144,384,372332544,477168,477168,0
2699017,fashion-rotations,memory,backprop,0,0.0030,6,1,1,-1,374,-1,-1,500,6400,400,387846400,477168,477168,0
2699017,fashion-rotations,memory,backprop,0,0.0030,6,2,1,360,358,325,314,500,7168,448,434387968,477168,477168,0
2699017,fashion-rotations,memory,backprop,0,0.0030,7,0,3,360,358,325,314,500,7168,448,434387968,477168,477168,0
2699017,fashion-rotations,memory,backprop,0,0.0030,7,1,3,-1,-1,-1,373,500,7424,464,449901824,477168,477168,0
2699017,fashion-rotations,memory,backprop,0,0.0030,7,2,3,364,378,306,363,500,8192,512,496443392,477168,477168,0
2699017,fashion-rotations,memory,backprop,0,0.0030,8,0,2,364,378,306,363,500,8192,512,496443392,477168,477168,0
2699017,fashion-rotations,memory,backprop,0,0.0030,8,1,2,-1,-1,359,-1,500,8448,528,511957248,477168,477168,0
2699017,fashion-rotations,memory,backprop,0,0.0030,8,2,2,377,365,377,330,500,9216,576,558498816,477168,477168,0
2699017,fashion-rotations,memory,backprop,0,0.0030,9,0,0,377,365,377,330,500,9216,576,558498816,477168,477168,0
2699017,fashion-rotations,memory,backprop,0,0.0030,9,1,0,383,-1,-1,-1,500,9472,592,574012672,477168,477168,0
2699017,fashion-rotations,memory,backprop,0,0.0030,9,2,0,394,359,373,308,500,10240,640,620554240,477168,477168,0
2699017,fashion-rotations,memory,backprop,0,0.0030,10,0,3,394,359,373,308,500,10240,640,620554240,477168,477168,0
2699017,fashion-rotations,memory,backprop,0,0.0030,10,1,3,-1,-1,-1,366,500,10496,656,636068096,477168,477168,0
2699017,fashion-rotations,memory,backprop,0,0.0030,10,2,3,382,381,357,387,500,11264,704,682609664,477168,477168,0
2699017,fashion-rotations,memory,backprop,0,0.0030,11,0,1,382,381,357,387,500,11264,704,682609664,477168,477168,0
2699017,fashion-rotations,memory,backprop,0,0.0030,11,1,1,-1,377,-1,-1,500,11520,720,698123520,477168,477168,0
2699017,fashion-rotations,memory,backprop,0,0.0030,11,2,1,372,375,355,387,500,12288,768,744665088,477168,477168,0
2803746,fashion-rotations,examples,jayce,48,0.0300,0,0,0,50,50,50,50,500,0,0,0,40,752680,0
2803746,fashion-rotations,examples,jayce,48,0.0300,0,1,0,361,-1,-1,-1,500,256,16,50176,401448,752680,256
2803746,fashion-rotations,examples,jayce,48,0.0300,0,2,0,378,291,294,167,500,1024,64,15793920,752680,752680,480
2803746,fashion-rotations,examples,jayce,48,0.0300,1,0,1,378,291,294,167,500,1024,64,15793920,752680,752680,480
2803746,fashion-rotations,examples,jayce,48,0.0300,1,1,1,-1,334,-1,-1,500,1280,80,23182080,752680,752680,480
2803746,fashion-rotations,examples,jayce,48,0.0300,1,2,1,372,352,301,313,500,2048,128,45346560,752680,752680,480
2803746,fashion-rotations,examples,jayce,48,0.0300,2,0,2,372,352,301,313,500,2048,128,45346560,752680,752680,480
2803746,fashion-rotations,examples,jayce,48,0.0300,2,1,2,-1,-1,330,-1,500,2304,144,52734720,752680,752680,480
2803746,fashion-rotations,examples,jayce,48,0.0300,2,2,2,368,343,361,312,500,3072,192,74899200,752680,752680,480
2803746,fashion-rotations,examples,jayce,48,0.0300,3,0,3,368,343,361,312,500,3072,192,74899200,752680,752680,480
2803746,fashion-rotations,examples,jayce,48,0.0300,3,1,3,-1,-1,-1,342,500,3328,208,82287360,752680,752680,480
2803746,fashion-rotations,examples,jayce,48,0.0300,3,2,3,370,276,350,354,500,4096,256,104451840,752680,752680,480
2803746,fashion-rotations,examples,jayce,48,0.0300,4,0,0,370,276,350,354,500,4096,256,104451840,752680,752680,480
2803746,fashion-rotations,examples,jayce,48,0.0300,4,1,0,373,-1,-1,-1,500,4352,272,111840000,752680,752680,480
2803746,fashion-rotations,examples,jayce,48,0.0300,4,2,0,374,279,355,355,500,5120,320,134004480,752680,752680,480
2803746,fashion-rotations,examples,jayce,48,0.0300,5,0,2,374,279,355,355,500,5120,320,134004480,752680,752680,480
2803746,fashion-rotations,examples,jayce,48,0.0300,5,1,2,-1,-1,366,-1,500,5376,336,141392640,752680,752680,480
2803746,fashion-rotations,examples,jayce,48,0.0300,5,2,2,372,285,377,349,500,6144,384,163557120,752680,752680,480
2803746,fashion-rotations,examples,jayce,48,0.0300,6,0,1,372,285,377,349,500,6144,384,163557120,752680,752680,480
2803746,fashion-rotations,examples,jayce,48,0.0300,6,1,1,-1,325,-1,-1,500,6400,400,170945280,752680,752680,480
2803746,fashion-rotations,examples,jayce,48,0.0300,6,2,1,368,354,370,323,500,7168,448,193109760,752680,752680,480
2803746,fashion-rotations,examples,jayce,48,0.0300,7,0,3,368,354,370,323,500,7168,448,193109760,752680,752680,480
2803746,fashion-rotations,examples,jayce,48,0.0300,7,1,3,-1,-1,-1,356,500,7424,464,200497920,752680,752680,480
2803746,fashion-rotations,examples,jayce,48,0.0300,7,2,3,364,306,364,356,500,8192,512,222662400,752680,752680,480
2803746,fashion-rotations,examples,jayce,48,0.0300,8,0,2,364,306,364,356,500,8192,512,222662400,752680,752680,480
2803746,fashion-rotations,examples,jayce,48,0.0300,8,1,2,-1,-1,360,-1,500,8448,528,230050560,752680,752680,480
2803746,fashion-rotations,examples,jayce,48,0.0300,8,2,2,367,309,371,357,500,9216,576,252215040,752680,752680,480
2803746,fashion-rotations,examples,jayce,48,0.0300,9,0,0,367,309,371,357,500,9216,576,252215040,752680,752680,480
2803746,fashion-rotations,examples,jayce,48,0.0300,9,1,0,367,-1,-1,-1,500,9472,592,259603200,752680,752680,480
2803746,fashion-rotations,examples,jayce,48,0.0300,9,2,0,369,307,372,352,500,10240,640,281767680,752680,752680,480
2803746,fashion-rotations,examples,jayce,48,0.0300,10,0,3,369,307,372,352,500,10240,640,281767680,752680,752680,480
2803746,fashion-rotations,examples,jayce,48,0.0300,10,1,3,-1,-1,-1,356,500,10496,656,289155840,752680,752680,480
2803746,fashion-rotations,examples,jayce,48,0.0300,10,2,3,368,299,360,363,500,11264,704,311320320,752680,752680,480
2803746,fashion-rotations,examples,jayce,48,0.0300,11,0,1,368,299,360,363,500,11264,704,311320320,752680,752680,480
2803746,fashion-rotations,examples,jayce,48,0.0300,11,1,1,-1,338,-1,-1,500,11520,720,318708480,752680,752680,480
2803746,fashion-rotations,examples,jayce,48,0.0300,11,2,1,372,362,356,343,500,12288,768,340872960,752680,752680,480
2803746,fashion-rotations,examples,backprop,0,0.0030,0,0,0,19,31,20,45,500,0,0,0,477168,477168,0
2803746,fashion-rotations,examples,backprop,0,0.0030,0,1,0,305,-1,-1,-1,500,256,16,15513856,477168,477168,0
2803746,fashion-rotations,examples,backprop,0,0.0030,0,2,0,370,299,306,202,500,1024,64,62055424,477168,477168,0
2803746,fashion-rotations,examples,backprop,0,0.0030,1,0,1,370,299,306,202,500,1024,64,62055424,477168,477168,0
2803746,fashion-rotations,examples,backprop,0,0.0030,1,1,1,-1,351,-1,-1,500,1280,80,77569280,477168,477168,0
2803746,fashion-rotations,examples,backprop,0,0.0030,1,2,1,353,347,291,240,500,2048,128,124110848,477168,477168,0
2803746,fashion-rotations,examples,backprop,0,0.0030,2,0,2,353,347,291,240,500,2048,128,124110848,477168,477168,0
2803746,fashion-rotations,examples,backprop,0,0.0030,2,1,2,-1,-1,335,-1,500,2304,144,139624704,477168,477168,0
2803746,fashion-rotations,examples,backprop,0,0.0030,2,2,2,375,346,372,181,500,3072,192,186166272,477168,477168,0
2803746,fashion-rotations,examples,backprop,0,0.0030,3,0,3,375,346,372,181,500,3072,192,186166272,477168,477168,0
2803746,fashion-rotations,examples,backprop,0,0.0030,3,1,3,-1,-1,-1,320,500,3328,208,201680128,477168,477168,0
2803746,fashion-rotations,examples,backprop,0,0.0030,3,2,3,338,355,305,366,500,4096,256,248221696,477168,477168,0
2803746,fashion-rotations,examples,backprop,0,0.0030,4,0,0,338,355,305,366,500,4096,256,248221696,477168,477168,0
2803746,fashion-rotations,examples,backprop,0,0.0030,4,1,0,375,-1,-1,-1,500,4352,272,263735552,477168,477168,0
2803746,fashion-rotations,examples,backprop,0,0.0030,4,2,0,380,372,332,359,500,5120,320,310277120,477168,477168,0
2803746,fashion-rotations,examples,backprop,0,0.0030,5,0,2,380,372,332,359,500,5120,320,310277120,477168,477168,0
2803746,fashion-rotations,examples,backprop,0,0.0030,5,1,2,-1,-1,338,-1,500,5376,336,325790976,477168,477168,0
2803746,fashion-rotations,examples,backprop,0,0.0030,5,2,2,381,369,374,287,500,6144,384,372332544,477168,477168,0
2803746,fashion-rotations,examples,backprop,0,0.0030,6,0,1,381,369,374,287,500,6144,384,372332544,477168,477168,0
2803746,fashion-rotations,examples,backprop,0,0.0030,6,1,1,-1,379,-1,-1,500,6400,400,387846400,477168,477168,0
2803746,fashion-rotations,examples,backprop,0,0.0030,6,2,1,361,374,330,363,500,7168,448,434387968,477168,477168,0
2803746,fashion-rotations,examples,backprop,0,0.0030,7,0,3,361,374,330,363,500,7168,448,434387968,477168,477168,0
2803746,fashion-rotations,examples,backprop,0,0.0030,7,1,3,-1,-1,-1,378,500,7424,464,449901824,477168,477168,0
2803746,fashion-rotations,examples,backprop,0,0.0030,7,2,3,357,372,325,382,500,8192,512,496443392,477168,477168,0
2803746,fashion-rotations,examples,backprop,0,0.0030,8,0,2,357,372,325,382,500,8192,512,496443392,477168,477168,0
2803746,fashion-rotations,examples,backprop,0,0.0030,8,1,2,-1,-1,374,-1,500,8448,528,511957248,477168,477168,0
2803746,fashion-rotations,examples,backprop,0,0.0030,8,2,2,374,358,378,360,500,9216,576,558498816,477168,477168,0
2803746,fashion-rotations,examples,backprop,0,0.0030,9,0,0,374,358,378,360,500,9216,576,558498816,477168,477168,0
2803746,fashion-rotations,examples,backprop,0,0.0030,9,1,0,370,-1,-1,-1,500,9472,592,574012672,477168,477168,0
2803746,fashion-rotations,examples,backprop,0,0.0030,9,2,0,397,379,377,341,500,10240,640,620554240,477168,477168,0
2803746,fashion-rotations,examples,backprop,0,0.0030,10,0,3,397,379,377,341,500,10240,640,620554240,477168,477168,0
2803746,fashion-rotations,examples,backprop,0,0.0030,10,1,3,-1,-1,-1,379,500,10496,656,636068096,477168,477168,0
2803746,fashion-rotations,examples,backprop,0,0.0030,10,2,3,354,347,315,387,500,11264,704,682609664,477168,477168,0
2803746,fashion-rotations,examples,backprop,0,0.0030,11,0,1,354,347,315,387,500,11264,704,682609664,477168,477168,0
2803746,fashion-rotations,examples,backprop,0,0.0030,11,1,1,-1,375,-1,-1,500,11520,720,698123520,477168,477168,0
2803746,fashion-rotations,examples,backprop,0,0.0030,11,2,1,372,378,343,388,500,12288,768,744665088,477168,477168,0
2803746,fashion-rotations,work,jayce,24,0.0300,0,0,0,50,50,50,50,500,0,0,0,40,376360,0
2803746,fashion-rotations,work,jayce,24,0.0300,0,1,0,363,-1,-1,-1,500,496,31,3816384,376360,376360,240
2803746,fashion-rotations,work,jayce,24,0.0300,0,2,0,366,269,326,150,500,1312,82,15831168,376360,376360,240
2803746,fashion-rotations,work,jayce,24,0.0300,1,0,1,366,269,326,150,500,1312,82,15831168,376360,376360,240
2803746,fashion-rotations,work,jayce,24,0.0300,1,1,1,-1,319,-1,-1,500,1568,98,19600512,376360,376360,240
2803746,fashion-rotations,work,jayce,24,0.0300,1,2,1,367,332,318,305,500,2384,149,31615296,376360,376360,240
2803746,fashion-rotations,work,jayce,24,0.0300,2,0,2,367,332,318,305,500,2384,149,31615296,376360,376360,240
2803746,fashion-rotations,work,jayce,24,0.0300,2,1,2,-1,-1,336,-1,500,2640,165,35384640,376360,376360,240
2803746,fashion-rotations,work,jayce,24,0.0300,2,2,2,355,335,356,300,500,3456,216,47399424,376360,376360,240
2803746,fashion-rotations,work,jayce,24,0.0300,3,0,3,355,335,356,300,500,3456,216,47399424,376360,376360,240
2803746,fashion-rotations,work,jayce,24,0.0300,3,1,3,-1,-1,-1,320,500,3712,232,51168768,376360,376360,240
2803746,fashion-rotations,work,jayce,24,0.0300,3,2,3,360,271,353,353,500,4528,283,63183552,376360,376360,240
2803746,fashion-rotations,work,jayce,24,0.0300,4,0,0,360,271,353,353,500,4528,283,63183552,376360,376360,240
2803746,fashion-rotations,work,jayce,24,0.0300,4,1,0,365,-1,-1,-1,500,4784,299,66952896,376360,376360,240
2803746,fashion-rotations,work,jayce,24,0.0300,4,2,0,370,279,355,348,500,5600,350,78967680,376360,376360,240
2803746,fashion-rotations,work,jayce,24,0.0300,5,0,2,370,279,355,348,500,5600,350,78967680,376360,376360,240
2803746,fashion-rotations,work,jayce,24,0.0300,5,1,2,-1,-1,364,-1,500,5856,366,82737024,376360,376360,240
2803746,fashion-rotations,work,jayce,24,0.0300,5,2,2,359,281,369,338,500,6672,417,94751808,376360,376360,240
2803746,fashion-rotations,work,jayce,24,0.0300,6,0,1,359,281,369,338,500,6672,417,94751808,376360,376360,240
2803746,fashion-rotations,work,jayce,24,0.0300,6,1,1,-1,337,-1,-1,500,6928,433,98521152,376360,376360,240
2803746,fashion-rotations,work,jayce,24,0.0300,6,2,1,362,351,366,296,500,7744,484,110535936,376360,376360,240
2803746,fashion-rotations,work,jayce,24,0.0300,7,0,3,362,351,366,296,500,7744,484,110535936,376360,376360,240
2803746,fashion-rotations,work,jayce,24,0.0300,7,1,3,-1,-1,-1,354,500,8000,500,114305280,376360,376360,240
2803746,fashion-rotations,work,jayce,24,0.0300,7,2,3,356,306,357,361,500,8816,551,126320064,376360,376360,240
2803746,fashion-rotations,work,jayce,24,0.0300,8,0,2,356,306,357,361,500,8816,551,126320064,376360,376360,240
2803746,fashion-rotations,work,jayce,24,0.0300,8,1,2,-1,-1,362,-1,500,9072,567,130089408,376360,376360,240
2803746,fashion-rotations,work,jayce,24,0.0300,8,2,2,353,307,361,356,500,9888,618,142104192,376360,376360,240
2803746,fashion-rotations,work,jayce,24,0.0300,9,0,0,353,307,361,356,500,9888,618,142104192,376360,376360,240
2803746,fashion-rotations,work,jayce,24,0.0300,9,1,0,355,-1,-1,-1,500,10144,634,145873536,376360,376360,240
2803746,fashion-rotations,work,jayce,24,0.0300,9,2,0,364,312,361,349,500,10960,685,157888320,376360,376360,240
2803746,fashion-rotations,work,jayce,24,0.0300,10,0,3,364,312,361,349,500,10960,685,157888320,376360,376360,240
2803746,fashion-rotations,work,jayce,24,0.0300,10,1,3,-1,-1,-1,356,500,11216,701,161657664,376360,376360,240
2803746,fashion-rotations,work,jayce,24,0.0300,10,2,3,362,298,353,359,500,12032,752,173672448,376360,376360,240
2803746,fashion-rotations,work,jayce,24,0.0300,11,0,1,362,298,353,359,500,12032,752,173672448,376360,376360,240
2803746,fashion-rotations,work,jayce,24,0.0300,11,1,1,-1,334,-1,-1,500,12288,768,177441792,376360,376360,240
2803746,fashion-rotations,work,jayce,24,0.0300,11,2,1,360,366,351,306,500,13104,819,189456576,376360,376360,240
2803746,fashion-rotations,work,backprop,0,0.0030,0,0,0,19,31,20,45,500,0,0,0,477168,477168,0
2803746,fashion-rotations,work,backprop,0,0.0030,0,1,0,159,-1,-1,-1,500,64,4,3878464,477168,477168,0
2803746,fashion-rotations,work,backprop,0,0.0030,0,2,0,305,224,285,162,500,256,16,15513856,477168,477168,0
2803746,fashion-rotations,work,backprop,0,0.0030,1,0,1,305,224,285,162,500,256,16,15513856,477168,477168,0
2803746,fashion-rotations,work,backprop,0,0.0030,1,1,1,-1,258,-1,-1,500,320,20,19392320,477168,477168,0
2803746,fashion-rotations,work,backprop,0,0.0030,1,2,1,311,294,251,267,500,512,32,31027712,477168,477168,0
2803746,fashion-rotations,work,backprop,0,0.0030,2,0,2,311,294,251,267,500,512,32,31027712,477168,477168,0
2803746,fashion-rotations,work,backprop,0,0.0030,2,1,2,-1,-1,292,-1,500,576,36,34906176,477168,477168,0
2803746,fashion-rotations,work,backprop,0,0.0030,2,2,2,331,301,330,209,500,768,48,46541568,477168,477168,0
2803746,fashion-rotations,work,backprop,0,0.0030,3,0,3,331,301,330,209,500,768,48,46541568,477168,477168,0
2803746,fashion-rotations,work,backprop,0,0.0030,3,1,3,-1,-1,-1,271,500,832,52,50420032,477168,477168,0
2803746,fashion-rotations,work,backprop,0,0.0030,3,2,3,324,328,297,316,500,1024,64,62055424,477168,477168,0
2803746,fashion-rotations,work,backprop,0,0.0030,4,0,0,324,328,297,316,500,1024,64,62055424,477168,477168,0
2803746,fashion-rotations,work,backprop,0,0.0030,4,1,0,329,-1,-1,-1,500,1088,68,65933888,477168,477168,0
2803746,fashion-rotations,work,backprop,0,0.0030,4,2,0,352,317,313,268,500,1280,80,77569280,477168,477168,0
2803746,fashion-rotations,work,backprop,0,0.0030,5,0,2,352,317,313,268,500,1280,80,77569280,477168,477168,0
2803746,fashion-rotations,work,backprop,0,0.0030,5,1,2,-1,-1,323,-1,500,1344,84,81447744,477168,477168,0
2803746,fashion-rotations,work,backprop,0,0.0030,5,2,2,350,311,352,251,500,1536,96,93083136,477168,477168,0
2803746,fashion-rotations,work,backprop,0,0.0030,6,0,1,350,311,352,251,500,1536,96,93083136,477168,477168,0
2803746,fashion-rotations,work,backprop,0,0.0030,6,1,1,-1,354,-1,-1,500,1600,100,96961600,477168,477168,0
2803746,fashion-rotations,work,backprop,0,0.0030,6,2,1,360,353,323,316,500,1792,112,108596992,477168,477168,0
2803746,fashion-rotations,work,backprop,0,0.0030,7,0,3,360,353,323,316,500,1792,112,108596992,477168,477168,0
2803746,fashion-rotations,work,backprop,0,0.0030,7,1,3,-1,-1,-1,320,500,1856,116,112475456,477168,477168,0
2803746,fashion-rotations,work,backprop,0,0.0030,7,2,3,350,353,309,358,500,2048,128,124110848,477168,477168,0
2803746,fashion-rotations,work,backprop,0,0.0030,8,0,2,350,353,309,358,500,2048,128,124110848,477168,477168,0
2803746,fashion-rotations,work,backprop,0,0.0030,8,1,2,-1,-1,331,-1,500,2112,132,127989312,477168,477168,0
2803746,fashion-rotations,work,backprop,0,0.0030,8,2,2,341,321,342,285,500,2304,144,139624704,477168,477168,0
2803746,fashion-rotations,work,backprop,0,0.0030,9,0,0,341,321,342,285,500,2304,144,139624704,477168,477168,0
2803746,fashion-rotations,work,backprop,0,0.0030,9,1,0,355,-1,-1,-1,500,2368,148,143503168,477168,477168,0
2803746,fashion-rotations,work,backprop,0,0.0030,9,2,0,354,359,322,320,500,2560,160,155138560,477168,477168,0
2803746,fashion-rotations,work,backprop,0,0.0030,10,0,3,354,359,322,320,500,2560,160,155138560,477168,477168,0
2803746,fashion-rotations,work,backprop,0,0.0030,10,1,3,-1,-1,-1,344,500,2624,164,159017024,477168,477168,0
2803746,fashion-rotations,work,backprop,0,0.0030,10,2,3,351,364,330,361,500,2816,176,170652416,477168,477168,0
2803746,fashion-rotations,work,backprop,0,0.0030,11,0,1,351,364,330,361,500,2816,176,170652416,477168,477168,0
2803746,fashion-rotations,work,backprop,0,0.0030,11,1,1,-1,353,-1,-1,500,2880,180,174530880,477168,477168,0
2803746,fashion-rotations,work,backprop,0,0.0030,11,2,1,362,372,317,362,500,3072,192,186166272,477168,477168,0
2803746,fashion-rotations,memory,jayce,30,0.0100,0,0,0,50,50,50,50,500,0,0,0,40,470440,0
2803746,fashion-rotations,memory,jayce,30,0.0100,0,1,0,361,-1,-1,-1,500,256,16,50176,401448,470440,256
2803746,fashion-rotations,memory,jayce,30,0.0100,0,2,0,370,265,310,152,500,1024,64,13277592,470440,470440,300
2803746,fashion-rotations,memory,jayce,30,0.0100,1,0,1,370,265,310,152,500,1024,64,13277592,470440,470440,300
2803746,fashion-rotations,memory,jayce,30,0.0100,1,1,1,-1,295,-1,-1,500,1280,80,17951640,470440,470440,300
2803746,fashion-rotations,memory,jayce,30,0.0100,1,2,1,371,319,307,247,500,2048,128,31973784,470440,470440,300
2803746,fashion-rotations,memory,jayce,30,0.0100,2,0,2,371,319,307,247,500,2048,128,31973784,470440,470440,300
2803746,fashion-rotations,memory,jayce,30,0.0100,2,1,2,-1,-1,317,-1,500,2304,144,36647832,470440,470440,300
2803746,fashion-rotations,memory,jayce,30,0.0100,2,2,2,371,316,332,234,500,3072,192,50669976,470440,470440,300
2803746,fashion-rotations,memory,jayce,30,0.0100,3,0,3,371,316,332,234,500,3072,192,50669976,470440,470440,300
2803746,fashion-rotations,memory,jayce,30,0.0100,3,1,3,-1,-1,-1,273,500,3328,208,55344024,470440,470440,300
2803746,fashion-rotations,memory,jayce,30,0.0100,3,2,3,361,300,329,330,500,4096,256,69366168,470440,470440,300
2803746,fashion-rotations,memory,jayce,30,0.0100,4,0,0,361,300,329,330,500,4096,256,69366168,470440,470440,300
2803746,fashion-rotations,memory,jayce,30,0.0100,4,1,0,363,-1,-1,-1,500,4352,272,74040216,470440,470440,300
2803746,fashion-rotations,memory,jayce,30,0.0100,4,2,0,365,300,330,329,500,5120,320,88062360,470440,470440,300
2803746,fashion-rotations,memory,jayce,30,0.0100,5,0,2,365,300,330,329,500,5120,320,88062360,470440,470440,300
2803746,fashion-rotations,memory,jayce,30,0.0100,5,1,2,-1,-1,338,-1,500,5376,336,92736408,470440,470440,300
2803746,fashion-rotations,memory,jayce,30,0.0100,5,2,2,365,304,343,331,500,6144,384,106758552,470440,470440,300
2803746,fashion-rotations,memory,jayce,30,0.0100,6,0,1,365,304,343,331,500,6144,384,106758552,470440,470440,300
2803746,fashion-rotations,memory,jayce,30,0.0100,6,1,1,-1,325,-1,-1,500,6400,400,111432600,470440,470440,300
2803746,fashion-rotations,memory,jayce,30,0.0100,6,2,1,365,338,338,340,500,7168,448,125454744,470440,470440,300
2803746,fashion-rotations,memory,jayce,30,0.0100,7,0,3,365,338,338,340,500,7168,448,125454744,470440,470440,300
2803746,fashion-rotations,memory,jayce,30,0.0100,7,1,3,-1,-1,-1,346,500,7424,464,130128792,470440,470440,300
2803746,fashion-rotations,memory,jayce,30,0.0100,7,2,3,365,312,340,350,500,8192,512,144150936,470440,470440,300
2803746,fashion-rotations,memory,jayce,30,0.0100,8,0,2,365,312,340,350,500,8192,512,144150936,470440,470440,300
2803746,fashion-rotations,memory,jayce,30,0.0100,8,1,2,-1,-1,347,-1,500,8448,528,148824984,470440,470440,300
2803746,fashion-rotations,memory,jayce,30,0.0100,8,2,2,369,311,358,351,500,9216,576,162847128,470440,470440,300
2803746,fashion-rotations,memory,jayce,30,0.0100,9,0,0,369,311,358,351,500,9216,576,162847128,470440,470440,300
2803746,fashion-rotations,memory,jayce,30,0.0100,9,1,0,367,-1,-1,-1,500,9472,592,167521176,470440,470440,300
2803746,fashion-rotations,memory,jayce,30,0.0100,9,2,0,369,310,359,346,500,10240,640,181543320,470440,470440,300
2803746,fashion-rotations,memory,jayce,30,0.0100,10,0,3,369,310,359,346,500,10240,640,181543320,470440,470440,300
2803746,fashion-rotations,memory,jayce,30,0.0100,10,1,3,-1,-1,-1,353,500,10496,656,186217368,470440,470440,300
2803746,fashion-rotations,memory,jayce,30,0.0100,10,2,3,370,295,363,353,500,11264,704,200239512,470440,470440,300
2803746,fashion-rotations,memory,jayce,30,0.0100,11,0,1,370,295,363,353,500,11264,704,200239512,470440,470440,300
2803746,fashion-rotations,memory,jayce,30,0.0100,11,1,1,-1,322,-1,-1,500,11520,720,204913560,470440,470440,300
2803746,fashion-rotations,memory,jayce,30,0.0100,11,2,1,366,342,356,346,500,12288,768,218935704,470440,470440,300
2803746,fashion-rotations,memory,backprop,0,0.0030,0,0,0,19,31,20,45,500,0,0,0,477168,477168,0
2803746,fashion-rotations,memory,backprop,0,0.0030,0,1,0,305,-1,-1,-1,500,256,16,15513856,477168,477168,0
2803746,fashion-rotations,memory,backprop,0,0.0030,0,2,0,370,299,306,202,500,1024,64,62055424,477168,477168,0
2803746,fashion-rotations,memory,backprop,0,0.0030,1,0,1,370,299,306,202,500,1024,64,62055424,477168,477168,0
2803746,fashion-rotations,memory,backprop,0,0.0030,1,1,1,-1,351,-1,-1,500,1280,80,77569280,477168,477168,0
2803746,fashion-rotations,memory,backprop,0,0.0030,1,2,1,353,347,291,240,500,2048,128,124110848,477168,477168,0
2803746,fashion-rotations,memory,backprop,0,0.0030,2,0,2,353,347,291,240,500,2048,128,124110848,477168,477168,0
2803746,fashion-rotations,memory,backprop,0,0.0030,2,1,2,-1,-1,335,-1,500,2304,144,139624704,477168,477168,0
2803746,fashion-rotations,memory,backprop,0,0.0030,2,2,2,375,346,372,181,500,3072,192,186166272,477168,477168,0
2803746,fashion-rotations,memory,backprop,0,0.0030,3,0,3,375,346,372,181,500,3072,192,186166272,477168,477168,0
2803746,fashion-rotations,memory,backprop,0,0.0030,3,1,3,-1,-1,-1,320,500,3328,208,201680128,477168,477168,0
2803746,fashion-rotations,memory,backprop,0,0.0030,3,2,3,338,355,305,366,500,4096,256,248221696,477168,477168,0
2803746,fashion-rotations,memory,backprop,0,0.0030,4,0,0,338,355,305,366,500,4096,256,248221696,477168,477168,0
2803746,fashion-rotations,memory,backprop,0,0.0030,4,1,0,375,-1,-1,-1,500,4352,272,263735552,477168,477168,0
2803746,fashion-rotations,memory,backprop,0,0.0030,4,2,0,380,372,332,359,500,5120,320,310277120,477168,477168,0
2803746,fashion-rotations,memory,backprop,0,0.0030,5,0,2,380,372,332,359,500,5120,320,310277120,477168,477168,0
2803746,fashion-rotations,memory,backprop,0,0.0030,5,1,2,-1,-1,338,-1,500,5376,336,325790976,477168,477168,0
2803746,fashion-rotations,memory,backprop,0,0.0030,5,2,2,381,369,374,287,500,6144,384,372332544,477168,477168,0
2803746,fashion-rotations,memory,backprop,0,0.0030,6,0,1,381,369,374,287,500,6144,384,372332544,477168,477168,0
2803746,fashion-rotations,memory,backprop,0,0.0030,6,1,1,-1,379,-1,-1,500,6400,400,387846400,477168,477168,0
2803746,fashion-rotations,memory,backprop,0,0.0030,6,2,1,361,374,330,363,500,7168,448,434387968,477168,477168,0
2803746,fashion-rotations,memory,backprop,0,0.0030,7,0,3,361,374,330,363,500,7168,448,434387968,477168,477168,0
2803746,fashion-rotations,memory,backprop,0,0.0030,7,1,3,-1,-1,-1,378,500,7424,464,449901824,477168,477168,0
2803746,fashion-rotations,memory,backprop,0,0.0030,7,2,3,357,372,325,382,500,8192,512,496443392,477168,477168,0
2803746,fashion-rotations,memory,backprop,0,0.0030,8,0,2,357,372,325,382,500,8192,512,496443392,477168,477168,0
2803746,fashion-rotations,memory,backprop,0,0.0030,8,1,2,-1,-1,374,-1,500,8448,528,511957248,477168,477168,0
2803746,fashion-rotations,memory,backprop,0,0.0030,8,2,2,374,358,378,360,500,9216,576,558498816,477168,477168,0
2803746,fashion-rotations,memory,backprop,0,0.0030,9,0,0,374,358,378,360,500,9216,576,558498816,477168,477168,0
2803746,fashion-rotations,memory,backprop,0,0.0030,9,1,0,370,-1,-1,-1,500,9472,592,574012672,477168,477168,0
2803746,fashion-rotations,memory,backprop,0,0.0030,9,2,0,397,379,377,341,500,10240,640,620554240,477168,477168,0
2803746,fashion-rotations,memory,backprop,0,0.0030,10,0,3,397,379,377,341,500,10240,640,620554240,477168,477168,0
2803746,fashion-rotations,memory,backprop,0,0.0030,10,1,3,-1,-1,-1,379,500,10496,656,636068096,477168,477168,0
2803746,fashion-rotations,memory,backprop,0,0.0030,10,2,3,354,347,315,387,500,11264,704,682609664,477168,477168,0
2803746,fashion-rotations,memory,backprop,0,0.0030,11,0,1,354,347,315,387,500,11264,704,682609664,477168,477168,0
2803746,fashion-rotations,memory,backprop,0,0.0030,11,1,1,-1,375,-1,-1,500,11520,720,698123520,477168,477168,0
2803746,fashion-rotations,memory,backprop,0,0.0030,11,2,1,372,378,343,388,500,12288,768,744665088,477168,477168,0
2908475,fashion-rotations,examples,jayce,48,0.0300,0,0,0,50,50,50,50,500,0,0,0,40,752680,0
2908475,fashion-rotations,examples,jayce,48,0.0300,0,1,0,359,-1,-1,-1,500,256,16,50176,401448,752680,256
2908475,fashion-rotations,examples,jayce,48,0.0300,0,2,0,356,273,283,163,500,1024,64,15793920,752680,752680,480
2908475,fashion-rotations,examples,jayce,48,0.0300,1,0,1,356,273,283,163,500,1024,64,15793920,752680,752680,480
2908475,fashion-rotations,examples,jayce,48,0.0300,1,1,1,-1,342,-1,-1,500,1280,80,23182080,752680,752680,480
2908475,fashion-rotations,examples,jayce,48,0.0300,1,2,1,360,358,283,325,500,2048,128,45346560,752680,752680,480
2908475,fashion-rotations,examples,jayce,48,0.0300,2,0,2,360,358,283,325,500,2048,128,45346560,752680,752680,480
2908475,fashion-rotations,examples,jayce,48,0.0300,2,1,2,-1,-1,315,-1,500,2304,144,52734720,752680,752680,480
2908475,fashion-rotations,examples,jayce,48,0.0300,2,2,2,356,360,337,326,500,3072,192,74899200,752680,752680,480
2908475,fashion-rotations,examples,jayce,48,0.0300,3,0,3,356,360,337,326,500,3072,192,74899200,752680,752680,480
2908475,fashion-rotations,examples,jayce,48,0.0300,3,1,3,-1,-1,-1,345,500,3328,208,82287360,752680,752680,480
2908475,fashion-rotations,examples,jayce,48,0.0300,3,2,3,358,288,331,350,500,4096,256,104451840,752680,752680,480
2908475,fashion-rotations,examples,jayce,48,0.0300,4,0,0,358,288,331,350,500,4096,256,104451840,752680,752680,480
2908475,fashion-rotations,examples,jayce,48,0.0300,4,1,0,357,-1,-1,-1,500,4352,272,111840000,752680,752680,480
2908475,fashion-rotations,examples,jayce,48,0.0300,4,2,0,365,285,336,348,500,5120,320,134004480,752680,752680,480
2908475,fashion-rotations,examples,jayce,48,0.0300,5,0,2,365,285,336,348,500,5120,320,134004480,752680,752680,480
2908475,fashion-rotations,examples,jayce,48,0.0300,5,1,2,-1,-1,345,-1,500,5376,336,141392640,752680,752680,480
2908475,fashion-rotations,examples,jayce,48,0.0300,5,2,2,362,288,355,345,500,6144,384,163557120,752680,752680,480
2908475,fashion-rotations,examples,jayce,48,0.0300,6,0,1,362,288,355,345,500,6144,384,163557120,752680,752680,480
2908475,fashion-rotations,examples,jayce,48,0.0300,6,1,1,-1,338,-1,-1,500,6400,400,170945280,752680,752680,480
2908475,fashion-rotations,examples,jayce,48,0.0300,6,2,1,366,362,353,304,500,7168,448,193109760,752680,752680,480
2908475,fashion-rotations,examples,jayce,48,0.0300,7,0,3,366,362,353,304,500,7168,448,193109760,752680,752680,480
2908475,fashion-rotations,examples,jayce,48,0.0300,7,1,3,-1,-1,-1,338,500,7424,464,200497920,752680,752680,480
2908475,fashion-rotations,examples,jayce,48,0.0300,7,2,3,363,300,351,353,500,8192,512,222662400,752680,752680,480
2908475,fashion-rotations,examples,jayce,48,0.0300,8,0,2,363,300,351,353,500,8192,512,222662400,752680,752680,480
2908475,fashion-rotations,examples,jayce,48,0.0300,8,1,2,-1,-1,357,-1,500,8448,528,230050560,752680,752680,480
2908475,fashion-rotations,examples,jayce,48,0.0300,8,2,2,365,305,362,352,500,9216,576,252215040,752680,752680,480
2908475,fashion-rotations,examples,jayce,48,0.0300,9,0,0,365,305,362,352,500,9216,576,252215040,752680,752680,480
2908475,fashion-rotations,examples,jayce,48,0.0300,9,1,0,367,-1,-1,-1,500,9472,592,259603200,752680,752680,480
2908475,fashion-rotations,examples,jayce,48,0.0300,9,2,0,366,302,366,350,500,10240,640,281767680,752680,752680,480
2908475,fashion-rotations,examples,jayce,48,0.0300,10,0,3,366,302,366,350,500,10240,640,281767680,752680,752680,480
2908475,fashion-rotations,examples,jayce,48,0.0300,10,1,3,-1,-1,-1,347,500,10496,656,289155840,752680,752680,480
2908475,fashion-rotations,examples,jayce,48,0.0300,10,2,3,369,282,370,350,500,11264,704,311320320,752680,752680,480
2908475,fashion-rotations,examples,jayce,48,0.0300,11,0,1,369,282,370,350,500,11264,704,311320320,752680,752680,480
2908475,fashion-rotations,examples,jayce,48,0.0300,11,1,1,-1,336,-1,-1,500,11520,720,318708480,752680,752680,480
2908475,fashion-rotations,examples,jayce,48,0.0300,11,2,1,367,358,366,321,500,12288,768,340872960,752680,752680,480
2908475,fashion-rotations,examples,backprop,0,0.0030,0,0,0,40,34,41,49,500,0,0,0,477168,477168,0
2908475,fashion-rotations,examples,backprop,0,0.0030,0,1,0,308,-1,-1,-1,500,256,16,15513856,477168,477168,0
2908475,fashion-rotations,examples,backprop,0,0.0030,0,2,0,379,309,284,205,500,1024,64,62055424,477168,477168,0
2908475,fashion-rotations,examples,backprop,0,0.0030,1,0,1,379,309,284,205,500,1024,64,62055424,477168,477168,0
2908475,fashion-rotations,examples,backprop,0,0.0030,1,1,1,-1,323,-1,-1,500,1280,80,77569280,477168,477168,0
2908475,fashion-rotations,examples,backprop,0,0.0030,1,2,1,373,368,291,247,500,2048,128,124110848,477168,477168,0
2908475,fashion-rotations,examples,backprop,0,0.0030,2,0,2,373,368,291,247,500,2048,128,124110848,477168,477168,0
2908475,fashion-rotations,examples,backprop,0,0.0030,2,1,2,-1,-1,349,-1,500,2304,144,139624704,477168,477168,0
2908475,fashion-rotations,examples,backprop,0,0.0030,2,2,2,380,359,374,185,500,3072,192,186166272,477168,477168,0
2908475,fashion-rotations,examples,backprop,0,0.0030,3,0,3,380,359,374,185,500,3072,192,186166272,477168,477168,0
2908475,fashion-rotations,examples,backprop,0,0.0030,3,1,3,-1,-1,-1,327,500,3328,208,201680128,477168,477168,0
2908475,fashion-rotations,examples,backprop,0,0.0030,3,2,3,366,365,342,370,500,4096,256,248221696,477168,477168,0
2908475,fashion-rotations,examples,backprop,0,0.0030,4,0,0,366,365,342,370,500,4096,256,248221696,477168,477168,0
2908475,fashion-rotations,examples,backprop,0,0.0030,4,1,0,389,-1,-1,-1,500,4352,272,263735552,477168,477168,0
2908475,fashion-rotations,examples,backprop,0,0.0030,4,2,0,372,360,303,339,500,5120,320,310277120,477168,477168,0
2908475,fashion-rotations,examples,backprop,0,0.0030,5,0,2,372,360,303,339,500,5120,320,310277120,477168,477168,0
2908475,fashion-rotations,examples,backprop,0,0.0030,5,1,2,-1,-1,361,-1,500,5376,336,325790976,477168,477168,0
2908475,fashion-rotations,examples,backprop,0,0.0030,5,2,2,376,354,365,262,500,6144,384,372332544,477168,477168,0
2908475,fashion-rotations,examples,backprop,0,0.0030,6,0,1,376,354,365,262,500,6144,384,372332544,477168,477168,0
2908475,fashion-rotations,examples,backprop,0,0.0030,6,1,1,-1,367,-1,-1,500,6400,400,387846400,477168,477168,0
2908475,fashion-rotations,examples,backprop,0,0.0030,6,2,1,369,358,337,333,500,7168,448,434387968,477168,477168,0
2908475,fashion-rotations,examples,backprop,0,0.0030,7,0,3,369,358,337,333,500,7168,448,434387968,477168,477168,0
2908475,fashion-rotations,examples,backprop,0,0.0030,7,1,3,-1,-1,-1,328,500,7424,464,449901824,477168,477168,0
2908475,fashion-rotations,examples,backprop,0,0.0030,7,2,3,381,384,328,385,500,8192,512,496443392,477168,477168,0
2908475,fashion-rotations,examples,backprop,0,0.0030,8,0,2,381,384,328,385,500,8192,512,496443392,477168,477168,0
2908475,fashion-rotations,examples,backprop,0,0.0030,8,1,2,-1,-1,355,-1,500,8448,528,511957248,477168,477168,0
2908475,fashion-rotations,examples,backprop,0,0.0030,8,2,2,373,351,383,339,500,9216,576,558498816,477168,477168,0
2908475,fashion-rotations,examples,backprop,0,0.0030,9,0,0,373,351,383,339,500,9216,576,558498816,477168,477168,0
2908475,fashion-rotations,examples,backprop,0,0.0030,9,1,0,387,-1,-1,-1,500,9472,592,574012672,477168,477168,0
2908475,fashion-rotations,examples,backprop,0,0.0030,9,2,0,385,376,375,337,500,10240,640,620554240,477168,477168,0
2908475,fashion-rotations,examples,backprop,0,0.0030,10,0,3,385,376,375,337,500,10240,640,620554240,477168,477168,0
2908475,fashion-rotations,examples,backprop,0,0.0030,10,1,3,-1,-1,-1,361,500,10496,656,636068096,477168,477168,0
2908475,fashion-rotations,examples,backprop,0,0.0030,10,2,3,375,375,342,392,500,11264,704,682609664,477168,477168,0
2908475,fashion-rotations,examples,backprop,0,0.0030,11,0,1,375,375,342,392,500,11264,704,682609664,477168,477168,0
2908475,fashion-rotations,examples,backprop,0,0.0030,11,1,1,-1,386,-1,-1,500,11520,720,698123520,477168,477168,0
2908475,fashion-rotations,examples,backprop,0,0.0030,11,2,1,388,389,343,381,500,12288,768,744665088,477168,477168,0
2908475,fashion-rotations,work,jayce,24,0.0300,0,0,0,50,50,50,50,500,0,0,0,40,376360,0
2908475,fashion-rotations,work,jayce,24,0.0300,0,1,0,357,-1,-1,-1,500,496,31,3816384,376360,376360,240
2908475,fashion-rotations,work,jayce,24,0.0300,0,2,0,364,288,292,193,500,1312,82,15831168,376360,376360,240
2908475,fashion-rotations,work,jayce,24,0.0300,1,0,1,364,288,292,193,500,1312,82,15831168,376360,376360,240
2908475,fashion-rotations,work,jayce,24,0.0300,1,1,1,-1,340,-1,-1,500,1568,98,19600512,376360,376360,240
2908475,fashion-rotations,work,jayce,24,0.0300,1,2,1,358,352,283,317,500,2384,149,31615296,376360,376360,240
2908475,fashion-rotations,work,jayce,24,0.0300,2,0,2,358,352,283,317,500,2384,149,31615296,376360,376360,240
2908475,fashion-rotations,work,jayce,24,0.0300,2,1,2,-1,-1,321,-1,500,2640,165,35384640,376360,376360,240
2908475,fashion-rotations,work,jayce,24,0.0300,2,2,2,359,355,345,315,500,3456,216,47399424,376360,376360,240
2908475,fashion-rotations,work,jayce,24,0.0300,3,0,3,359,355,345,315,500,3456,216,47399424,376360,376360,240
2908475,fashion-rotations,work,jayce,24,0.0300,3,1,3,-1,-1,-1,341,500,3712,232,51168768,376360,376360,240
2908475,fashion-rotations,work,jayce,24,0.0300,3,2,3,360,328,340,365,500,4528,283,63183552,376360,376360,240
2908475,fashion-rotations,work,jayce,24,0.0300,4,0,0,360,328,340,365,500,4528,283,63183552,376360,376360,240
2908475,fashion-rotations,work,jayce,24,0.0300,4,1,0,358,-1,-1,-1,500,4784,299,66952896,376360,376360,240
2908475,fashion-rotations,work,jayce,24,0.0300,4,2,0,365,331,343,365,500,5600,350,78967680,376360,376360,240
2908475,fashion-rotations,work,jayce,24,0.0300,5,0,2,365,331,343,365,500,5600,350,78967680,376360,376360,240
2908475,fashion-rotations,work,jayce,24,0.0300,5,1,2,-1,-1,353,-1,500,5856,366,82737024,376360,376360,240
2908475,fashion-rotations,work,jayce,24,0.0300,5,2,2,366,322,357,358,500,6672,417,94751808,376360,376360,240
2908475,fashion-rotations,work,jayce,24,0.0300,6,0,1,366,322,357,358,500,6672,417,94751808,376360,376360,240
2908475,fashion-rotations,work,jayce,24,0.0300,6,1,1,-1,346,-1,-1,500,6928,433,98521152,376360,376360,240
2908475,fashion-rotations,work,jayce,24,0.0300,6,2,1,363,356,355,331,500,7744,484,110535936,376360,376360,240
2908475,fashion-rotations,work,jayce,24,0.0300,7,0,3,363,356,355,331,500,7744,484,110535936,376360,376360,240
2908475,fashion-rotations,work,jayce,24,0.0300,7,1,3,-1,-1,-1,338,500,8000,500,114305280,376360,376360,240
2908475,fashion-rotations,work,jayce,24,0.0300,7,2,3,360,318,349,349,500,8816,551,126320064,376360,376360,240
2908475,fashion-rotations,work,jayce,24,0.0300,8,0,2,360,318,349,349,500,8816,551,126320064,376360,376360,240
2908475,fashion-rotations,work,jayce,24,0.0300,8,1,2,-1,-1,354,-1,500,9072,567,130089408,376360,376360,240
2908475,fashion-rotations,work,jayce,24,0.0300,8,2,2,357,305,361,335,500,9888,618,142104192,376360,376360,240
2908475,fashion-rotations,work,jayce,24,0.0300,9,0,0,357,305,361,335,500,9888,618,142104192,376360,376360,240
2908475,fashion-rotations,work,jayce,24,0.0300,9,1,0,361,-1,-1,-1,500,10144,634,145873536,376360,376360,240
2908475,fashion-rotations,work,jayce,24,0.0300,9,2,0,369,309,363,340,500,10960,685,157888320,376360,376360,240
2908475,fashion-rotations,work,jayce,24,0.0300,10,0,3,369,309,363,340,500,10960,685,157888320,376360,376360,240
2908475,fashion-rotations,work,jayce,24,0.0300,10,1,3,-1,-1,-1,344,500,11216,701,161657664,376360,376360,240
2908475,fashion-rotations,work,jayce,24,0.0300,10,2,3,373,308,361,339,500,12032,752,173672448,376360,376360,240
2908475,fashion-rotations,work,jayce,24,0.0300,11,0,1,373,308,361,339,500,12032,752,173672448,376360,376360,240
2908475,fashion-rotations,work,jayce,24,0.0300,11,1,1,-1,337,-1,-1,500,12288,768,177441792,376360,376360,240
2908475,fashion-rotations,work,jayce,24,0.0300,11,2,1,377,356,362,329,500,13104,819,189456576,376360,376360,240
2908475,fashion-rotations,work,backprop,0,0.0030,0,0,0,40,34,41,49,500,0,0,0,477168,477168,0
2908475,fashion-rotations,work,backprop,0,0.0030,0,1,0,137,-1,-1,-1,500,64,4,3878464,477168,477168,0
2908475,fashion-rotations,work,backprop,0,0.0030,0,2,0,308,239,265,201,500,256,16,15513856,477168,477168,0
2908475,fashion-rotations,work,backprop,0,0.0030,1,0,1,308,239,265,201,500,256,16,15513856,477168,477168,0
2908475,fashion-rotations,work,backprop,0,0.0030,1,1,1,-1,289,-1,-1,500,320,20,19392320,477168,477168,0
2908475,fashion-rotations,work,backprop,0,0.0030,1,2,1,326,319,286,268,500,512,32,31027712,477168,477168,0
2908475,fashion-rotations,work,backprop,0,0.0030,2,0,2,326,319,286,268,500,512,32,31027712,477168,477168,0
2908475,fashion-rotations,work,backprop,0,0.0030,2,1,2,-1,-1,286,-1,500,576,36,34906176,477168,477168,0
2908475,fashion-rotations,work,backprop,0,0.0030,2,2,2,337,304,318,211,500,768,48,46541568,477168,477168,0
2908475,fashion-rotations,work,backprop,0,0.0030,3,0,3,337,304,318,211,500,768,48,46541568,477168,477168,0
2908475,fashion-rotations,work,backprop,0,0.0030,3,1,3,-1,-1,-1,263,500,832,52,50420032,477168,477168,0
2908475,fashion-rotations,work,backprop,0,0.0030,3,2,3,302,304,287,298,500,1024,64,62055424,477168,477168,0
2908475,fashion-rotations,work,backprop,0,0.0030,4,0,0,302,304,287,298,500,1024,64,62055424,477168,477168,0
2908475,fashion-rotations,work,backprop,0,0.0030,4,1,0,319,-1,-1,-1,500,1088,68,65933888,477168,477168,0
2908475,fashion-rotations,work,backprop,0,0.0030,4,2,0,360,360,285,303,500,1280,80,77569280,477168,477168,0
2908475,fashion-rotations,work,backprop,0,0.0030,5,0,2,360,360,285,303,500,1280,80,77569280,477168,477168,0
2908475,fashion-rotations,work,backprop,0,0.0030,5,1,2,-1,-1,299,-1,500,1344,84,81447744,477168,477168,0
2908475,fashion-rotations,work,backprop,0,0.0030,5,2,2,359,349,350,321,500,1536,96,93083136,477168,477168,0
2908475,fashion-rotations,work,backprop,0,0.0030,6,0,1,359,349,350,321,500,1536,96,93083136,477168,477168,0
2908475,fashion-rotations,work,backprop,0,0.0030,6,1,1,-1,354,-1,-1,500,1600,100,96961600,477168,477168,0
2908475,fashion-rotations,work,backprop,0,0.0030,6,2,1,344,329,322,301,500,1792,112,108596992,477168,477168,0
2908475,fashion-rotations,work,backprop,0,0.0030,7,0,3,344,329,322,301,500,1792,112,108596992,477168,477168,0
2908475,fashion-rotations,work,backprop,0,0.0030,7,1,3,-1,-1,-1,319,500,1856,116,112475456,477168,477168,0
2908475,fashion-rotations,work,backprop,0,0.0030,7,2,3,350,327,309,320,500,2048,128,124110848,477168,477168,0
2908475,fashion-rotations,work,backprop,0,0.0030,8,0,2,350,327,309,320,500,2048,128,124110848,477168,477168,0
2908475,fashion-rotations,work,backprop,0,0.0030,8,1,2,-1,-1,343,-1,500,2112,132,127989312,477168,477168,0
2908475,fashion-rotations,work,backprop,0,0.0030,8,2,2,357,329,351,270,500,2304,144,139624704,477168,477168,0
2908475,fashion-rotations,work,backprop,0,0.0030,9,0,0,357,329,351,270,500,2304,144,139624704,477168,477168,0
2908475,fashion-rotations,work,backprop,0,0.0030,9,1,0,370,-1,-1,-1,500,2368,148,143503168,477168,477168,0
2908475,fashion-rotations,work,backprop,0,0.0030,9,2,0,372,351,370,303,500,2560,160,155138560,477168,477168,0
2908475,fashion-rotations,work,backprop,0,0.0030,10,0,3,372,351,370,303,500,2560,160,155138560,477168,477168,0
2908475,fashion-rotations,work,backprop,0,0.0030,10,1,3,-1,-1,-1,333,500,2624,164,159017024,477168,477168,0
2908475,fashion-rotations,work,backprop,0,0.0030,10,2,3,351,350,320,356,500,2816,176,170652416,477168,477168,0
2908475,fashion-rotations,work,backprop,0,0.0030,11,0,1,351,350,320,356,500,2816,176,170652416,477168,477168,0
2908475,fashion-rotations,work,backprop,0,0.0030,11,1,1,-1,352,-1,-1,500,2880,180,174530880,477168,477168,0
2908475,fashion-rotations,work,backprop,0,0.0030,11,2,1,368,371,322,360,500,3072,192,186166272,477168,477168,0
2908475,fashion-rotations,memory,jayce,30,0.0100,0,0,0,50,50,50,50,500,0,0,0,40,470440,0
2908475,fashion-rotations,memory,jayce,30,0.0100,0,1,0,361,-1,-1,-1,500,256,16,140486,393608,470440,251
2908475,fashion-rotations,memory,jayce,30,0.0100,0,2,0,357,299,293,179,500,1024,64,13277592,470440,470440,300
2908475,fashion-rotations,memory,jayce,30,0.0100,1,0,1,357,299,293,179,500,1024,64,13277592,470440,470440,300
2908475,fashion-rotations,memory,jayce,30,0.0100,1,1,1,-1,324,-1,-1,500,1280,80,17951640,470440,470440,300
2908475,fashion-rotations,memory,jayce,30,0.0100,1,2,1,348,350,295,286,500,2048,128,31973784,470440,470440,300
2908475,fashion-rotations,memory,jayce,30,0.0100,2,0,2,348,350,295,286,500,2048,128,31973784,470440,470440,300
2908475,fashion-rotations,memory,jayce,30,0.0100,2,1,2,-1,-1,315,-1,500,2304,144,36647832,470440,470440,300
2908475,fashion-rotations,memory,jayce,30,0.0100,2,2,2,344,341,333,277,500,3072,192,50669976,470440,470440,300
2908475,fashion-rotations,memory,jayce,30,0.0100,3,0,3,344,341,333,277,500,3072,192,50669976,470440,470440,300
2908475,fashion-rotations,memory,jayce,30,0.0100,3,1,3,-1,-1,-1,299,500,3328,208,55344024,470440,470440,300
2908475,fashion-rotations,memory,jayce,30,0.0100,3,2,3,350,340,328,329,500,4096,256,69366168,470440,470440,300
2908475,fashion-rotations,memory,jayce,30,0.0100,4,0,0,350,340,328,329,500,4096,256,69366168,470440,470440,300
2908475,fashion-rotations,memory,jayce,30,0.0100,4,1,0,351,-1,-1,-1,500,4352,272,74040216,470440,470440,300
2908475,fashion-rotations,memory,jayce,30,0.0100,4,2,0,350,345,332,327,500,5120,320,88062360,470440,470440,300
2908475,fashion-rotations,memory,jayce,30,0.0100,5,0,2,350,345,332,327,500,5120,320,88062360,470440,470440,300
2908475,fashion-rotations,memory,jayce,30,0.0100,5,1,2,-1,-1,333,-1,500,5376,336,92736408,470440,470440,300
2908475,fashion-rotations,memory,jayce,30,0.0100,5,2,2,353,340,339,319,500,6144,384,106758552,470440,470440,300
2908475,fashion-rotations,memory,jayce,30,0.0100,6,0,1,353,340,339,319,500,6144,384,106758552,470440,470440,300
2908475,fashion-rotations,memory,jayce,30,0.0100,6,1,1,-1,345,-1,-1,500,6400,400,111432600,470440,470440,300
2908475,fashion-rotations,memory,jayce,30,0.0100,6,2,1,356,354,337,335,500,7168,448,125454744,470440,470440,300
2908475,fashion-rotations,memory,jayce,30,0.0100,7,0,3,356,354,337,335,500,7168,448,125454744,470440,470440,300
2908475,fashion-rotations,memory,jayce,30,0.0100,7,1,3,-1,-1,-1,339,500,7424,464,130128792,470440,470440,300
2908475,fashion-rotations,memory,jayce,30,0.0100,7,2,3,355,345,336,350,500,8192,512,144150936,470440,470440,300
2908475,fashion-rotations,memory,jayce,30,0.0100,8,0,2,355,345,336,350,500,8192,512,144150936,470440,470440,300
2908475,fashion-rotations,memory,jayce,30,0.0100,8,1,2,-1,-1,343,-1,500,8448,528,148824984,470440,470440,300
2908475,fashion-rotations,memory,jayce,30,0.0100,8,2,2,357,345,346,348,500,9216,576,162847128,470440,470440,300
2908475,fashion-rotations,memory,jayce,30,0.0100,9,0,0,357,345,346,348,500,9216,576,162847128,470440,470440,300
2908475,fashion-rotations,memory,jayce,30,0.0100,9,1,0,360,-1,-1,-1,500,9472,592,167521176,470440,470440,300
2908475,fashion-rotations,memory,jayce,30,0.0100,9,2,0,358,346,348,349,500,10240,640,181543320,470440,470440,300
2908475,fashion-rotations,memory,jayce,30,0.0100,10,0,3,358,346,348,349,500,10240,640,181543320,470440,470440,300
2908475,fashion-rotations,memory,jayce,30,0.0100,10,1,3,-1,-1,-1,352,500,10496,656,186217368,470440,470440,300
2908475,fashion-rotations,memory,jayce,30,0.0100,10,2,3,357,321,350,356,500,11264,704,200239512,470440,470440,300
2908475,fashion-rotations,memory,jayce,30,0.0100,11,0,1,357,321,350,356,500,11264,704,200239512,470440,470440,300
2908475,fashion-rotations,memory,jayce,30,0.0100,11,1,1,-1,348,-1,-1,500,11520,720,204913560,470440,470440,300
2908475,fashion-rotations,memory,jayce,30,0.0100,11,2,1,355,352,349,351,500,12288,768,218935704,470440,470440,300
2908475,fashion-rotations,memory,backprop,0,0.0030,0,0,0,40,34,41,49,500,0,0,0,477168,477168,0
2908475,fashion-rotations,memory,backprop,0,0.0030,0,1,0,308,-1,-1,-1,500,256,16,15513856,477168,477168,0
2908475,fashion-rotations,memory,backprop,0,0.0030,0,2,0,379,309,284,205,500,1024,64,62055424,477168,477168,0
2908475,fashion-rotations,memory,backprop,0,0.0030,1,0,1,379,309,284,205,500,1024,64,62055424,477168,477168,0
2908475,fashion-rotations,memory,backprop,0,0.0030,1,1,1,-1,323,-1,-1,500,1280,80,77569280,477168,477168,0
2908475,fashion-rotations,memory,backprop,0,0.0030,1,2,1,373,368,291,247,500,2048,128,124110848,477168,477168,0
2908475,fashion-rotations,memory,backprop,0,0.0030,2,0,2,373,368,291,247,500,2048,128,124110848,477168,477168,0
2908475,fashion-rotations,memory,backprop,0,0.0030,2,1,2,-1,-1,349,-1,500,2304,144,139624704,477168,477168,0
2908475,fashion-rotations,memory,backprop,0,0.0030,2,2,2,380,359,374,185,500,3072,192,186166272,477168,477168,0
2908475,fashion-rotations,memory,backprop,0,0.0030,3,0,3,380,359,374,185,500,3072,192,186166272,477168,477168,0
2908475,fashion-rotations,memory,backprop,0,0.0030,3,1,3,-1,-1,-1,327,500,3328,208,201680128,477168,477168,0
2908475,fashion-rotations,memory,backprop,0,0.0030,3,2,3,366,365,342,370,500,4096,256,248221696,477168,477168,0
2908475,fashion-rotations,memory,backprop,0,0.0030,4,0,0,366,365,342,370,500,4096,256,248221696,477168,477168,0
2908475,fashion-rotations,memory,backprop,0,0.0030,4,1,0,389,-1,-1,-1,500,4352,272,263735552,477168,477168,0
2908475,fashion-rotations,memory,backprop,0,0.0030,4,2,0,372,360,303,339,500,5120,320,310277120,477168,477168,0
2908475,fashion-rotations,memory,backprop,0,0.0030,5,0,2,372,360,303,339,500,5120,320,310277120,477168,477168,0
2908475,fashion-rotations,memory,backprop,0,0.0030,5,1,2,-1,-1,361,-1,500,5376,336,325790976,477168,477168,0
2908475,fashion-rotations,memory,backprop,0,0.0030,5,2,2,376,354,365,262,500,6144,384,372332544,477168,477168,0
2908475,fashion-rotations,memory,backprop,0,0.0030,6,0,1,376,354,365,262,500,6144,384,372332544,477168,477168,0
2908475,fashion-rotations,memory,backprop,0,0.0030,6,1,1,-1,367,-1,-1,500,6400,400,387846400,477168,477168,0
2908475,fashion-rotations,memory,backprop,0,0.0030,6,2,1,369,358,337,333,500,7168,448,434387968,477168,477168,0
2908475,fashion-rotations,memory,backprop,0,0.0030,7,0,3,369,358,337,333,500,7168,448,434387968,477168,477168,0
2908475,fashion-rotations,memory,backprop,0,0.0030,7,1,3,-1,-1,-1,328,500,7424,464,449901824,477168,477168,0
2908475,fashion-rotations,memory,backprop,0,0.0030,7,2,3,381,384,328,385,500,8192,512,496443392,477168,477168,0
2908475,fashion-rotations,memory,backprop,0,0.0030,8,0,2,381,384,328,385,500,8192,512,496443392,477168,477168,0
2908475,fashion-rotations,memory,backprop,0,0.0030,8,1,2,-1,-1,355,-1,500,8448,528,511957248,477168,477168,0
2908475,fashion-rotations,memory,backprop,0,0.0030,8,2,2,373,351,383,339,500,9216,576,558498816,477168,477168,0
2908475,fashion-rotations,memory,backprop,0,0.0030,9,0,0,373,351,383,339,500,9216,576,558498816,477168,477168,0
2908475,fashion-rotations,memory,backprop,0,0.0030,9,1,0,387,-1,-1,-1,500,9472,592,574012672,477168,477168,0
2908475,fashion-rotations,memory,backprop,0,0.0030,9,2,0,385,376,375,337,500,10240,640,620554240,477168,477168,0
2908475,fashion-rotations,memory,backprop,0,0.0030,10,0,3,385,376,375,337,500,10240,640,620554240,477168,477168,0
2908475,fashion-rotations,memory,backprop,0,0.0030,10,1,3,-1,-1,-1,361,500,10496,656,636068096,477168,477168,0
2908475,fashion-rotations,memory,backprop,0,0.0030,10,2,3,375,375,342,392,500,11264,704,682609664,477168,477168,0
2908475,fashion-rotations,memory,backprop,0,0.0030,11,0,1,375,375,342,392,500,11264,704,682609664,477168,477168,0
2908475,fashion-rotations,memory,backprop,0,0.0030,11,1,1,-1,386,-1,-1,500,11520,720,698123520,477168,477168,0
2908475,fashion-rotations,memory,backprop,0,0.0030,11,2,1,388,389,343,381,500,12288,768,744665088,477168,477168,0
3013204,fashion-rotations,examples,jayce,48,0.0300,0,0,0,50,50,50,50,500,0,0,0,40,752680,0
3013204,fashion-rotations,examples,jayce,48,0.0300,0,1,0,351,-1,-1,-1,500,256,16,50176,401448,752680,256
3013204,fashion-rotations,examples,jayce,48,0.0300,0,2,0,353,280,275,168,500,1024,64,15793920,752680,752680,480
3013204,fashion-rotations,examples,jayce,48,0.0300,1,0,1,353,280,275,168,500,1024,64,15793920,752680,752680,480
3013204,fashion-rotations,examples,jayce,48,0.0300,1,1,1,-1,328,-1,-1,500,1280,80,23182080,752680,752680,480
3013204,fashion-rotations,examples,jayce,48,0.0300,1,2,1,349,354,276,304,500,2048,128,45346560,752680,752680,480
3013204,fashion-rotations,examples,jayce,48,0.0300,2,0,2,349,354,276,304,500,2048,128,45346560,752680,752680,480
3013204,fashion-rotations,examples,jayce,48,0.0300,2,1,2,-1,-1,317,-1,500,2304,144,52734720,752680,752680,480
3013204,fashion-rotations,examples,jayce,48,0.0300,2,2,2,360,352,339,299,500,3072,192,74899200,752680,752680,480
3013204,fashion-rotations,examples,jayce,48,0.0300,3,0,3,360,352,339,299,500,3072,192,74899200,752680,752680,480
3013204,fashion-rotations,examples,jayce,48,0.0300,3,1,3,-1,-1,-1,326,500,3328,208,82287360,752680,752680,480
3013204,fashion-rotations,examples,jayce,48,0.0300,3,2,3,353,301,345,355,500,4096,256,104451840,752680,752680,480
3013204,fashion-rotations,examples,jayce,48,0.0300,4,0,0,353,301,345,355,500,4096,256,104451840,752680,752680,480
3013204,fashion-rotations,examples,jayce,48,0.0300,4,1,0,354,-1,-1,-1,500,4352,272,111840000,752680,752680,480
3013204,fashion-rotations,examples,jayce,48,0.0300,4,2,0,360,296,348,352,500,5120,320,134004480,752680,752680,480
3013204,fashion-rotations,examples,jayce,48,0.0300,5,0,2,360,296,348,352,500,5120,320,134004480,752680,752680,480
3013204,fashion-rotations,examples,jayce,48,0.0300,5,1,2,-1,-1,350,-1,500,5376,336,141392640,752680,752680,480
3013204,fashion-rotations,examples,jayce,48,0.0300,5,2,2,357,301,361,349,500,6144,384,163557120,752680,752680,480
3013204,fashion-rotations,examples,jayce,48,0.0300,6,0,1,357,301,361,349,500,6144,384,163557120,752680,752680,480
3013204,fashion-rotations,examples,jayce,48,0.0300,6,1,1,-1,341,-1,-1,500,6400,400,170945280,752680,752680,480
3013204,fashion-rotations,examples,jayce,48,0.0300,6,2,1,360,356,353,307,500,7168,448,193109760,752680,752680,480
3013204,fashion-rotations,examples,jayce,48,0.0300,7,0,3,360,356,353,307,500,7168,448,193109760,752680,752680,480
3013204,fashion-rotations,examples,jayce,48,0.0300,7,1,3,-1,-1,-1,344,500,7424,464,200497920,752680,752680,480
3013204,fashion-rotations,examples,jayce,48,0.0300,7,2,3,361,296,350,362,500,8192,512,222662400,752680,752680,480
3013204,fashion-rotations,examples,jayce,48,0.0300,8,0,2,361,296,350,362,500,8192,512,222662400,752680,752680,480
3013204,fashion-rotations,examples,jayce,48,0.0300,8,1,2,-1,-1,352,-1,500,8448,528,230050560,752680,752680,480
3013204,fashion-rotations,examples,jayce,48,0.0300,8,2,2,363,289,356,357,500,9216,576,252215040,752680,752680,480
3013204,fashion-rotations,examples,jayce,48,0.0300,9,0,0,363,289,356,357,500,9216,576,252215040,752680,752680,480
3013204,fashion-rotations,examples,jayce,48,0.0300,9,1,0,363,-1,-1,-1,500,9472,592,259603200,752680,752680,480
3013204,fashion-rotations,examples,jayce,48,0.0300,9,2,0,367,281,356,352,500,10240,640,281767680,752680,752680,480
3013204,fashion-rotations,examples,jayce,48,0.0300,10,0,3,367,281,356,352,500,10240,640,281767680,752680,752680,480
3013204,fashion-rotations,examples,jayce,48,0.0300,10,1,3,-1,-1,-1,356,500,10496,656,289155840,752680,752680,480
3013204,fashion-rotations,examples,jayce,48,0.0300,10,2,3,371,279,358,359,500,11264,704,311320320,752680,752680,480
3013204,fashion-rotations,examples,jayce,48,0.0300,11,0,1,371,279,358,359,500,11264,704,311320320,752680,752680,480
3013204,fashion-rotations,examples,jayce,48,0.0300,11,1,1,-1,309,-1,-1,500,11520,720,318708480,752680,752680,480
3013204,fashion-rotations,examples,jayce,48,0.0300,11,2,1,368,356,356,319,500,12288,768,340872960,752680,752680,480
3013204,fashion-rotations,examples,backprop,0,0.0030,0,0,0,124,100,130,66,500,0,0,0,477168,477168,0
3013204,fashion-rotations,examples,backprop,0,0.0030,0,1,0,297,-1,-1,-1,500,256,16,15513856,477168,477168,0
3013204,fashion-rotations,examples,backprop,0,0.0030,0,2,0,365,309,287,165,500,1024,64,62055424,477168,477168,0
3013204,fashion-rotations,examples,backprop,0,0.0030,1,0,1,365,309,287,165,500,1024,64,62055424,477168,477168,0
3013204,fashion-rotations,examples,backprop,0,0.0030,1,1,1,-1,336,-1,-1,500,1280,80,77569280,477168,477168,0
3013204,fashion-rotations,examples,backprop,0,0.0030,1,2,1,365,361,280,252,500,2048,128,124110848,477168,477168,0
3013204,fashion-rotations,examples,backprop,0,0.0030,2,0,2,365,361,280,252,500,2048,128,124110848,477168,477168,0
3013204,fashion-rotations,examples,backprop,0,0.0030,2,1,2,-1,-1,338,-1,500,2304,144,139624704,477168,477168,0
3013204,fashion-rotations,examples,backprop,0,0.0030,2,2,2,370,339,354,158,500,3072,192,186166272,477168,477168,0
3013204,fashion-rotations,examples,backprop,0,0.0030,3,0,3,370,339,354,158,500,3072,192,186166272,477168,477168,0
3013204,fashion-rotations,examples,backprop,0,0.0030,3,1,3,-1,-1,-1,287,500,3328,208,201680128,477168,477168,0
3013204,fashion-rotations,examples,backprop,0,0.0030,3,2,3,352,359,306,367,500,4096,256,248221696,477168,477168,0
3013204,fashion-rotations,examples,backprop,0,0.0030,4,0,0,352,359,306,367,500,4096,256,248221696,477168,477168,0
3013204,fashion-rotations,examples,backprop,0,0.0030,4,1,0,350,-1,-1,-1,500,4352,272,263735552,477168,477168,0
3013204,fashion-rotations,examples,backprop,0,0.0030,4,2,0,375,365,331,346,500,5120,320,310277120,477168,477168,0
3013204,fashion-rotations,examples,backprop,0,0.0030,5,0,2,375,365,331,346,500,5120,320,310277120,477168,477168,0
3013204,fashion-rotations,examples,backprop,0,0.0030,5,1,2,-1,-1,362,-1,500,5376,336,325790976,477168,477168,0
3013204,fashion-rotations,examples,backprop,0,0.0030,5,2,2,380,353,371,315,500,6144,384,372332544,477168,477168,0
3013204,fashion-rotations,examples,backprop,0,0.0030,6,0,1,380,353,371,315,500,6144,384,372332544,477168,477168,0
3013204,fashion-rotations,examples,backprop,0,0.0030,6,1,1,-1,368,-1,-1,500,6400,400,387846400,477168,477168,0
3013204,fashion-rotations,examples,backprop,0,0.0030,6,2,1,380,378,361,331,500,7168,448,434387968,477168,477168,0
3013204,fashion-rotations,examples,backprop,0,0.0030,7,0,3,380,378,361,331,500,7168,448,434387968,477168,477168,0
3013204,fashion-rotations,examples,backprop,0,0.0030,7,1,3,-1,-1,-1,360,500,7424,464,449901824,477168,477168,0
3013204,fashion-rotations,examples,backprop,0,0.0030,7,2,3,371,372,339,371,500,8192,512,496443392,477168,477168,0
3013204,fashion-rotations,examples,backprop,0,0.0030,8,0,2,371,372,339,371,500,8192,512,496443392,477168,477168,0
3013204,fashion-rotations,examples,backprop,0,0.0030,8,1,2,-1,-1,363,-1,500,8448,528,511957248,477168,477168,0
3013204,fashion-rotations,examples,backprop,0,0.0030,8,2,2,390,386,379,318,500,9216,576,558498816,477168,477168,0
3013204,fashion-rotations,examples,backprop,0,0.0030,9,0,0,390,386,379,318,500,9216,576,558498816,477168,477168,0
3013204,fashion-rotations,examples,backprop,0,0.0030,9,1,0,384,-1,-1,-1,500,9472,592,574012672,477168,477168,0
3013204,fashion-rotations,examples,backprop,0,0.0030,9,2,0,395,372,373,300,500,10240,640,620554240,477168,477168,0
3013204,fashion-rotations,examples,backprop,0,0.0030,10,0,3,395,372,373,300,500,10240,640,620554240,477168,477168,0
3013204,fashion-rotations,examples,backprop,0,0.0030,10,1,3,-1,-1,-1,366,500,10496,656,636068096,477168,477168,0
3013204,fashion-rotations,examples,backprop,0,0.0030,10,2,3,369,361,316,365,500,11264,704,682609664,477168,477168,0
3013204,fashion-rotations,examples,backprop,0,0.0030,11,0,1,369,361,316,365,500,11264,704,682609664,477168,477168,0
3013204,fashion-rotations,examples,backprop,0,0.0030,11,1,1,-1,384,-1,-1,500,11520,720,698123520,477168,477168,0
3013204,fashion-rotations,examples,backprop,0,0.0030,11,2,1,381,392,321,386,500,12288,768,744665088,477168,477168,0
3013204,fashion-rotations,work,jayce,24,0.0300,0,0,0,50,50,50,50,500,0,0,0,40,376360,0
3013204,fashion-rotations,work,jayce,24,0.0300,0,1,0,349,-1,-1,-1,500,496,31,3816384,376360,376360,240
3013204,fashion-rotations,work,jayce,24,0.0300,0,2,0,367,276,275,190,500,1312,82,15831168,376360,376360,240
3013204,fashion-rotations,work,jayce,24,0.0300,1,0,1,367,276,275,190,500,1312,82,15831168,376360,376360,240
3013204,fashion-rotations,work,jayce,24,0.0300,1,1,1,-1,334,-1,-1,500,1568,98,19600512,376360,376360,240
3013204,fashion-rotations,work,jayce,24,0.0300,1,2,1,367,362,290,305,500,2384,149,31615296,376360,376360,240
3013204,fashion-rotations,work,jayce,24,0.0300,2,0,2,367,362,290,305,500,2384,149,31615296,376360,376360,240
3013204,fashion-rotations,work,jayce,24,0.0300,2,1,2,-1,-1,322,-1,500,2640,165,35384640,376360,376360,240
3013204,fashion-rotations,work,jayce,24,0.0300,2,2,2,367,355,350,295,500,3456,216,47399424,376360,376360,240
3013204,fashion-rotations,work,jayce,24,0.0300,3,0,3,367,355,350,295,500,3456,216,47399424,376360,376360,240
3013204,fashion-rotations,work,jayce,24,0.0300,3,1,3,-1,-1,-1,339,500,3712,232,51168768,376360,376360,240
3013204,fashion-rotations,work,jayce,24,0.0300,3,2,3,361,312,360,354,500,4528,283,63183552,376360,376360,240
3013204,fashion-rotations,work,jayce,24,0.0300,4,0,0,361,312,360,354,500,4528,283,63183552,376360,376360,240
3013204,fashion-rotations,work,jayce,24,0.0300,4,1,0,362,-1,-1,-1,500,4784,299,66952896,376360,376360,240
3013204,fashion-rotations,work,jayce,24,0.0300,4,2,0,368,306,359,350,500,5600,350,78967680,376360,376360,240
3013204,fashion-rotations,work,jayce,24,0.0300,5,0,2,368,306,359,350,500,5600,350,78967680,376360,376360,240
3013204,fashion-rotations,work,jayce,24,0.0300,5,1,2,-1,-1,362,-1,500,5856,366,82737024,376360,376360,240
3013204,fashion-rotations,work,jayce,24,0.0300,5,2,2,362,298,370,344,500,6672,417,94751808,376360,376360,240
3013204,fashion-rotations,work,jayce,24,0.0300,6,0,1,362,298,370,344,500,6672,417,94751808,376360,376360,240
3013204,fashion-rotations,work,jayce,24,0.0300,6,1,1,-1,330,-1,-1,500,6928,433,98521152,376360,376360,240
3013204,fashion-rotations,work,jayce,24,0.0300,6,2,1,360,354,366,324,500,7744,484,110535936,376360,376360,240
3013204,fashion-rotations,work,jayce,24,0.0300,7,0,3,360,354,366,324,500,7744,484,110535936,376360,376360,240
3013204,fashion-rotations,work,jayce,24,0.0300,7,1,3,-1,-1,-1,347,500,8000,500,114305280,376360,376360,240
3013204,fashion-rotations,work,jayce,24,0.0300,7,2,3,350,315,358,353,500,8816,551,126320064,376360,376360,240
3013204,fashion-rotations,work,jayce,24,0.0300,8,0,2,350,315,358,353,500,8816,551,126320064,376360,376360,240
3013204,fashion-rotations,work,jayce,24,0.0300,8,1,2,-1,-1,361,-1,500,9072,567,130089408,376360,376360,240
3013204,fashion-rotations,work,jayce,24,0.0300,8,2,2,347,306,368,353,500,9888,618,142104192,376360,376360,240
3013204,fashion-rotations,work,jayce,24,0.0300,9,0,0,347,306,368,353,500,9888,618,142104192,376360,376360,240
3013204,fashion-rotations,work,jayce,24,0.0300,9,1,0,355,-1,-1,-1,500,10144,634,145873536,376360,376360,240
3013204,fashion-rotations,work,jayce,24,0.0300,9,2,0,363,303,359,350,500,10960,685,157888320,376360,376360,240
3013204,fashion-rotations,work,jayce,24,0.0300,10,0,3,363,303,359,350,500,10960,685,157888320,376360,376360,240
3013204,fashion-rotations,work,jayce,24,0.0300,10,1,3,-1,-1,-1,355,500,11216,701,161657664,376360,376360,240
3013204,fashion-rotations,work,jayce,24,0.0300,10,2,3,357,299,354,370,500,12032,752,173672448,376360,376360,240
3013204,fashion-rotations,work,jayce,24,0.0300,11,0,1,357,299,354,370,500,12032,752,173672448,376360,376360,240
3013204,fashion-rotations,work,jayce,24,0.0300,11,1,1,-1,340,-1,-1,500,12288,768,177441792,376360,376360,240
3013204,fashion-rotations,work,jayce,24,0.0300,11,2,1,360,365,352,324,500,13104,819,189456576,376360,376360,240
3013204,fashion-rotations,work,backprop,0,0.0030,0,0,0,124,100,130,66,500,0,0,0,477168,477168,0
3013204,fashion-rotations,work,backprop,0,0.0030,0,1,0,180,-1,-1,-1,500,64,4,3878464,477168,477168,0
3013204,fashion-rotations,work,backprop,0,0.0030,0,2,0,297,250,232,165,500,256,16,15513856,477168,477168,0
3013204,fashion-rotations,work,backprop,0,0.0030,1,0,1,297,250,232,165,500,256,16,15513856,477168,477168,0
3013204,fashion-rotations,work,backprop,0,0.0030,1,1,1,-1,235,-1,-1,500,320,20,19392320,477168,477168,0
3013204,fashion-rotations,work,backprop,0,0.0030,1,2,1,299,314,240,256,500,512,32,31027712,477168,477168,0
3013204,fashion-rotations,work,backprop,0,0.0030,2,0,2,299,314,240,256,500,512,32,31027712,477168,477168,0
3013204,fashion-rotations,work,backprop,0,0.0030,2,1,2,-1,-1,276,-1,500,576,36,34906176,477168,477168,0
3013204,fashion-rotations,work,backprop,0,0.0030,2,2,2,339,319,306,200,500,768,48,46541568,477168,477168,0
3013204,fashion-rotations,work,backprop,0,0.0030,3,0,3,339,319,306,200,500,768,48,46541568,477168,477168,0
3013204,fashion-rotations,work,backprop,0,0.0030,3,1,3,-1,-1,-1,255,500,832,52,50420032,477168,477168,0
3013204,fashion-rotations,work,backprop,0,0.0030,3,2,3,326,333,285,328,500,1024,64,62055424,477168,477168,0
3013204,fashion-rotations,work,backprop,0,0.0030,4,0,0,326,333,285,328,500,1024,64,62055424,477168,477168,0
3013204,fashion-rotations,work,backprop,0,0.0030,4,1,0,346,-1,-1,-1,500,1088,68,65933888,477168,477168,0
3013204,fashion-rotations,work,backprop,0,0.0030,4,2,0,360,348,325,282,500,1280,80,77569280,477168,477168,0
3013204,fashion-rotations,work,backprop,0,0.0030,5,0,2,360,348,325,282,500,1280,80,77569280,477168,477168,0
3013204,fashion-rotations,work,backprop,0,0.0030,5,1,2,-1,-1,328,-1,500,1344,84,81447744,477168,477168,0
3013204,fashion-rotations,work,backprop,0,0.0030,5,2,2,343,325,335,278,500,1536,96,93083136,477168,477168,0
3013204,fashion-rotations,work,backprop,0,0.0030,6,0,1,343,325,335,278,500,1536,96,93083136,477168,477168,0
3013204,fashion-rotations,work,backprop,0,0.0030,6,1,1,-1,344,-1,-1,500,1600,100,96961600,477168,477168,0
3013204,fashion-rotations,work,backprop,0,0.0030,6,2,1,356,337,320,296,500,1792,112,108596992,477168,477168,0
3013204,fashion-rotations,work,backprop,0,0.0030,7,0,3,356,337,320,296,500,1792,112,108596992,477168,477168,0
3013204,fashion-rotations,work,backprop,0,0.0030,7,1,3,-1,-1,-1,326,500,1856,116,112475456,477168,477168,0
3013204,fashion-rotations,work,backprop,0,0.0030,7,2,3,355,369,309,360,500,2048,128,124110848,477168,477168,0
3013204,fashion-rotations,work,backprop,0,0.0030,8,0,2,355,369,309,360,500,2048,128,124110848,477168,477168,0
3013204,fashion-rotations,work,backprop,0,0.0030,8,1,2,-1,-1,332,-1,500,2112,132,127989312,477168,477168,0
3013204,fashion-rotations,work,backprop,0,0.0030,8,2,2,362,371,347,338,500,2304,144,139624704,477168,477168,0
3013204,fashion-rotations,work,backprop,0,0.0030,9,0,0,362,371,347,338,500,2304,144,139624704,477168,477168,0
3013204,fashion-rotations,work,backprop,0,0.0030,9,1,0,355,-1,-1,-1,500,2368,148,143503168,477168,477168,0
3013204,fashion-rotations,work,backprop,0,0.0030,9,2,0,362,360,334,273,500,2560,160,155138560,477168,477168,0
3013204,fashion-rotations,work,backprop,0,0.0030,10,0,3,362,360,334,273,500,2560,160,155138560,477168,477168,0
3013204,fashion-rotations,work,backprop,0,0.0030,10,1,3,-1,-1,-1,325,500,2624,164,159017024,477168,477168,0
3013204,fashion-rotations,work,backprop,0,0.0030,10,2,3,330,346,283,349,500,2816,176,170652416,477168,477168,0
3013204,fashion-rotations,work,backprop,0,0.0030,11,0,1,330,346,283,349,500,2816,176,170652416,477168,477168,0
3013204,fashion-rotations,work,backprop,0,0.0030,11,1,1,-1,342,-1,-1,500,2880,180,174530880,477168,477168,0
3013204,fashion-rotations,work,backprop,0,0.0030,11,2,1,374,378,307,366,500,3072,192,186166272,477168,477168,0
3013204,fashion-rotations,memory,jayce,30,0.0100,0,0,0,50,50,50,50,500,0,0,0,40,470440,0
3013204,fashion-rotations,memory,jayce,30,0.0100,0,1,0,351,-1,-1,-1,500,256,16,50176,401448,470440,256
3013204,fashion-rotations,memory,jayce,30,0.0100,0,2,0,343,268,268,172,500,1024,64,13277592,470440,470440,300
3013204,fashion-rotations,memory,jayce,30,0.0100,1,0,1,343,268,268,172,500,1024,64,13277592,470440,470440,300
3013204,fashion-rotations,memory,jayce,30,0.0100,1,1,1,-1,299,-1,-1,500,1280,80,17951640,470440,470440,300
3013204,fashion-rotations,memory,jayce,30,0.0100,1,2,1,345,331,270,241,500,2048,128,31973784,470440,470440,300
3013204,fashion-rotations,memory,jayce,30,0.0100,2,0,2,345,331,270,241,500,2048,128,31973784,470440,470440,300
3013204,fashion-rotations,memory,jayce,30,0.0100,2,1,2,-1,-1,291,-1,500,2304,144,36647832,470440,470440,300
3013204,fashion-rotations,memory,jayce,30,0.0100,2,2,2,350,332,328,243,500,3072,192,50669976,470440,470440,300
3013204,fashion-rotations,memory,jayce,30,0.0100,3,0,3,350,332,328,243,500,3072,192,50669976,470440,470440,300
3013204,fashion-rotations,memory,jayce,30,0.0100,3,1,3,-1,-1,-1,276,500,3328,208,55344024,470440,470440,300
3013204,fashion-rotations,memory,jayce,30,0.0100,3,2,3,350,335,326,324,500,4096,256,69366168,470440,470440,300
3013204,fashion-rotations,memory,jayce,30,0.0100,4,0,0,350,335,326,324,500,4096,256,69366168,470440,470440,300
3013204,fashion-rotations,memory,jayce,30,0.0100,4,1,0,351,-1,-1,-1,500,4352,272,74040216,470440,470440,300
3013204,fashion-rotations,memory,jayce,30,0.0100,4,2,0,351,338,324,323,500,5120,320,88062360,470440,470440,300
3013204,fashion-rotations,memory,jayce,30,0.0100,5,0,2,351,338,324,323,500,5120,320,88062360,470440,470440,300
3013204,fashion-rotations,memory,jayce,30,0.0100,5,1,2,-1,-1,330,-1,500,5376,336,92736408,470440,470440,300
3013204,fashion-rotations,memory,jayce,30,0.0100,5,2,2,346,341,340,320,500,6144,384,106758552,470440,470440,300
3013204,fashion-rotations,memory,jayce,30,0.0100,6,0,1,346,341,340,320,500,6144,384,106758552,470440,470440,300
3013204,fashion-rotations,memory,jayce,30,0.0100,6,1,1,-1,338,-1,-1,500,6400,400,111432600,470440,470440,300
3013204,fashion-rotations,memory,jayce,30,0.0100,6,2,1,351,349,343,332,500,7168,448,125454744,470440,470440,300
3013204,fashion-rotations,memory,jayce,30,0.0100,7,0,3,351,349,343,332,500,7168,448,125454744,470440,470440,300
3013204,fashion-rotations,memory,jayce,30,0.0100,7,1,3,-1,-1,-1,331,500,7424,464,130128792,470440,470440,300
3013204,fashion-rotations,memory,jayce,30,0.0100,7,2,3,351,347,332,359,500,8192,512,144150936,470440,470440,300
3013204,fashion-rotations,memory,jayce,30,0.0100,8,0,2,351,347,332,359,500,8192,512,144150936,470440,470440,300
3013204,fashion-rotations,memory,jayce,30,0.0100,8,1,2,-1,-1,339,-1,500,8448,528,148824984,470440,470440,300
3013204,fashion-rotations,memory,jayce,30,0.0100,8,2,2,351,342,354,356,500,9216,576,162847128,470440,470440,300
3013204,fashion-rotations,memory,jayce,30,0.0100,9,0,0,351,342,354,356,500,9216,576,162847128,470440,470440,300
3013204,fashion-rotations,memory,jayce,30,0.0100,9,1,0,351,-1,-1,-1,500,9472,592,167521176,470440,470440,300
3013204,fashion-rotations,memory,jayce,30,0.0100,9,2,0,355,343,355,353,500,10240,640,181543320,470440,470440,300
3013204,fashion-rotations,memory,jayce,30,0.0100,10,0,3,355,343,355,353,500,10240,640,181543320,470440,470440,300
3013204,fashion-rotations,memory,jayce,30,0.0100,10,1,3,-1,-1,-1,357,500,10496,656,186217368,470440,470440,300
3013204,fashion-rotations,memory,jayce,30,0.0100,10,2,3,351,328,346,362,500,11264,704,200239512,470440,470440,300
3013204,fashion-rotations,memory,jayce,30,0.0100,11,0,1,351,328,346,362,500,11264,704,200239512,470440,470440,300
3013204,fashion-rotations,memory,jayce,30,0.0100,11,1,1,-1,339,-1,-1,500,11520,720,204913560,470440,470440,300
3013204,fashion-rotations,memory,jayce,30,0.0100,11,2,1,350,364,343,351,500,12288,768,218935704,470440,470440,300
3013204,fashion-rotations,memory,backprop,0,0.0030,0,0,0,124,100,130,66,500,0,0,0,477168,477168,0
3013204,fashion-rotations,memory,backprop,0,0.0030,0,1,0,297,-1,-1,-1,500,256,16,15513856,477168,477168,0
3013204,fashion-rotations,memory,backprop,0,0.0030,0,2,0,365,309,287,165,500,1024,64,62055424,477168,477168,0
3013204,fashion-rotations,memory,backprop,0,0.0030,1,0,1,365,309,287,165,500,1024,64,62055424,477168,477168,0
3013204,fashion-rotations,memory,backprop,0,0.0030,1,1,1,-1,336,-1,-1,500,1280,80,77569280,477168,477168,0
3013204,fashion-rotations,memory,backprop,0,0.0030,1,2,1,365,361,280,252,500,2048,128,124110848,477168,477168,0
3013204,fashion-rotations,memory,backprop,0,0.0030,2,0,2,365,361,280,252,500,2048,128,124110848,477168,477168,0
3013204,fashion-rotations,memory,backprop,0,0.0030,2,1,2,-1,-1,338,-1,500,2304,144,139624704,477168,477168,0
3013204,fashion-rotations,memory,backprop,0,0.0030,2,2,2,370,339,354,158,500,3072,192,186166272,477168,477168,0
3013204,fashion-rotations,memory,backprop,0,0.0030,3,0,3,370,339,354,158,500,3072,192,186166272,477168,477168,0
3013204,fashion-rotations,memory,backprop,0,0.0030,3,1,3,-1,-1,-1,287,500,3328,208,201680128,477168,477168,0
3013204,fashion-rotations,memory,backprop,0,0.0030,3,2,3,352,359,306,367,500,4096,256,248221696,477168,477168,0
3013204,fashion-rotations,memory,backprop,0,0.0030,4,0,0,352,359,306,367,500,4096,256,248221696,477168,477168,0
3013204,fashion-rotations,memory,backprop,0,0.0030,4,1,0,350,-1,-1,-1,500,4352,272,263735552,477168,477168,0
3013204,fashion-rotations,memory,backprop,0,0.0030,4,2,0,375,365,331,346,500,5120,320,310277120,477168,477168,0
3013204,fashion-rotations,memory,backprop,0,0.0030,5,0,2,375,365,331,346,500,5120,320,310277120,477168,477168,0
3013204,fashion-rotations,memory,backprop,0,0.0030,5,1,2,-1,-1,362,-1,500,5376,336,325790976,477168,477168,0
3013204,fashion-rotations,memory,backprop,0,0.0030,5,2,2,380,353,371,315,500,6144,384,372332544,477168,477168,0
3013204,fashion-rotations,memory,backprop,0,0.0030,6,0,1,380,353,371,315,500,6144,384,372332544,477168,477168,0
3013204,fashion-rotations,memory,backprop,0,0.0030,6,1,1,-1,368,-1,-1,500,6400,400,387846400,477168,477168,0
3013204,fashion-rotations,memory,backprop,0,0.0030,6,2,1,380,378,361,331,500,7168,448,434387968,477168,477168,0
3013204,fashion-rotations,memory,backprop,0,0.0030,7,0,3,380,378,361,331,500,7168,448,434387968,477168,477168,0
3013204,fashion-rotations,memory,backprop,0,0.0030,7,1,3,-1,-1,-1,360,500,7424,464,449901824,477168,477168,0
3013204,fashion-rotations,memory,backprop,0,0.0030,7,2,3,371,372,339,371,500,8192,512,496443392,477168,477168,0
3013204,fashion-rotations,memory,backprop,0,0.0030,8,0,2,371,372,339,371,500,8192,512,496443392,477168,477168,0
3013204,fashion-rotations,memory,backprop,0,0.0030,8,1,2,-1,-1,363,-1,500,8448,528,511957248,477168,477168,0
3013204,fashion-rotations,memory,backprop,0,0.0030,8,2,2,390,386,379,318,500,9216,576,558498816,477168,477168,0
3013204,fashion-rotations,memory,backprop,0,0.0030,9,0,0,390,386,379,318,500,9216,576,558498816,477168,477168,0
3013204,fashion-rotations,memory,backprop,0,0.0030,9,1,0,384,-1,-1,-1,500,9472,592,574012672,477168,477168,0
3013204,fashion-rotations,memory,backprop,0,0.0030,9,2,0,395,372,373,300,500,10240,640,620554240,477168,477168,0
3013204,fashion-rotations,memory,backprop,0,0.0030,10,0,3,395,372,373,300,500,10240,640,620554240,477168,477168,0
3013204,fashion-rotations,memory,backprop,0,0.0030,10,1,3,-1,-1,-1,366,500,10496,656,636068096,477168,477168,0
3013204,fashion-rotations,memory,backprop,0,0.0030,10,2,3,369,361,316,365,500,11264,704,682609664,477168,477168,0
3013204,fashion-rotations,memory,backprop,0,0.0030,11,0,1,369,361,316,365,500,11264,704,682609664,477168,477168,0
3013204,fashion-rotations,memory,backprop,0,0.0030,11,1,1,-1,384,-1,-1,500,11520,720,698123520,477168,477168,0
3013204,fashion-rotations,memory,backprop,0,0.0030,11,2,1,381,392,321,386,500,12288,768,744665088,477168,477168,0
3117933,fashion-rotations,examples,jayce,48,0.0300,0,0,0,50,50,50,50,500,0,0,0,40,752680,0
3117933,fashion-rotations,examples,jayce,48,0.0300,0,1,0,351,-1,-1,-1,500,256,16,50176,401448,752680,256
3117933,fashion-rotations,examples,jayce,48,0.0300,0,2,0,383,286,290,147,500,1024,64,15793920,752680,752680,480
3117933,fashion-rotations,examples,jayce,48,0.0300,1,0,1,383,286,290,147,500,1024,64,15793920,752680,752680,480
3117933,fashion-rotations,examples,jayce,48,0.0300,1,1,1,-1,332,-1,-1,500,1280,80,23182080,752680,752680,480
3117933,fashion-rotations,examples,jayce,48,0.0300,1,2,1,378,360,289,289,500,2048,128,45346560,752680,752680,480
3117933,fashion-rotations,examples,jayce,48,0.0300,2,0,2,378,360,289,289,500,2048,128,45346560,752680,752680,480
3117933,fashion-rotations,examples,jayce,48,0.0300,2,1,2,-1,-1,330,-1,500,2304,144,52734720,752680,752680,480
3117933,fashion-rotations,examples,jayce,48,0.0300,2,2,2,377,337,354,266,500,3072,192,74899200,752680,752680,480
3117933,fashion-rotations,examples,jayce,48,0.0300,3,0,3,377,337,354,266,500,3072,192,74899200,752680,752680,480
3117933,fashion-rotations,examples,jayce,48,0.0300,3,1,3,-1,-1,-1,334,500,3328,208,82287360,752680,752680,480
3117933,fashion-rotations,examples,jayce,48,0.0300,3,2,3,370,310,347,350,500,4096,256,104451840,752680,752680,480
3117933,fashion-rotations,examples,jayce,48,0.0300,4,0,0,370,310,347,350,500,4096,256,104451840,752680,752680,480
3117933,fashion-rotations,examples,jayce,48,0.0300,4,1,0,371,-1,-1,-1,500,4352,272,111840000,752680,752680,480
3117933,fashion-rotations,examples,jayce,48,0.0300,4,2,0,372,298,346,349,500,5120,320,134004480,752680,752680,480
3117933,fashion-rotations,examples,jayce,48,0.0300,5,0,2,372,298,346,349,500,5120,320,134004480,752680,752680,480
3117933,fashion-rotations,examples,jayce,48,0.0300,5,1,2,-1,-1,355,-1,500,5376,336,141392640,752680,752680,480
3117933,fashion-rotations,examples,jayce,48,0.0300,5,2,2,374,298,362,346,500,6144,384,163557120,752680,752680,480
3117933,fashion-rotations,examples,jayce,48,0.0300,6,0,1,374,298,362,346,500,6144,384,163557120,752680,752680,480
3117933,fashion-rotations,examples,jayce,48,0.0300,6,1,1,-1,334,-1,-1,500,6400,400,170945280,752680,752680,480
3117933,fashion-rotations,examples,jayce,48,0.0300,6,2,1,369,353,358,310,500,7168,448,193109760,752680,752680,480
3117933,fashion-rotations,examples,jayce,48,0.0300,7,0,3,369,353,358,310,500,7168,448,193109760,752680,752680,480
3117933,fashion-rotations,examples,jayce,48,0.0300,7,1,3,-1,-1,-1,346,500,7424,464,200497920,752680,752680,480
3117933,fashion-rotations,examples,jayce,48,0.0300,7,2,3,359,290,349,358,500,8192,512,222662400,752680,752680,480
3117933,fashion-rotations,examples,jayce,48,0.0300,8,0,2,359,290,349,358,500,8192,512,222662400,752680,752680,480
3117933,fashion-rotations,examples,jayce,48,0.0300,8,1,2,-1,-1,357,-1,500,8448,528,230050560,752680,752680,480
3117933,fashion-rotations,examples,jayce,48,0.0300,8,2,2,364,290,361,357,500,9216,576,252215040,752680,752680,480
3117933,fashion-rotations,examples,jayce,48,0.0300,9,0,0,364,290,361,357,500,9216,576,252215040,752680,752680,480
3117933,fashion-rotations,examples,jayce,48,0.0300,9,1,0,366,-1,-1,-1,500,9472,592,259603200,752680,752680,480
3117933,fashion-rotations,examples,jayce,48,0.0300,9,2,0,371,288,363,358,500,10240,640,281767680,752680,752680,480
3117933,fashion-rotations,examples,jayce,48,0.0300,10,0,3,371,288,363,358,500,10240,640,281767680,752680,752680,480
3117933,fashion-rotations,examples,jayce,48,0.0300,10,1,3,-1,-1,-1,354,500,10496,656,289155840,752680,752680,480
3117933,fashion-rotations,examples,jayce,48,0.0300,10,2,3,368,289,357,353,500,11264,704,311320320,752680,752680,480
3117933,fashion-rotations,examples,jayce,48,0.0300,11,0,1,368,289,357,353,500,11264,704,311320320,752680,752680,480
3117933,fashion-rotations,examples,jayce,48,0.0300,11,1,1,-1,338,-1,-1,500,11520,720,318708480,752680,752680,480
3117933,fashion-rotations,examples,jayce,48,0.0300,11,2,1,367,363,356,332,500,12288,768,340872960,752680,752680,480
3117933,fashion-rotations,examples,backprop,0,0.0030,0,0,0,16,32,15,37,500,0,0,0,477168,477168,0
3117933,fashion-rotations,examples,backprop,0,0.0030,0,1,0,278,-1,-1,-1,500,256,16,15513856,477168,477168,0
3117933,fashion-rotations,examples,backprop,0,0.0030,0,2,0,369,304,308,154,500,1024,64,62055424,477168,477168,0
3117933,fashion-rotations,examples,backprop,0,0.0030,1,0,1,369,304,308,154,500,1024,64,62055424,477168,477168,0
3117933,fashion-rotations,examples,backprop,0,0.0030,1,1,1,-1,338,-1,-1,500,1280,80,77569280,477168,477168,0
3117933,fashion-rotations,examples,backprop,0,0.0030,1,2,1,366,367,272,247,500,2048,128,124110848,477168,477168,0
3117933,fashion-rotations,examples,backprop,0,0.0030,2,0,2,366,367,272,247,500,2048,128,124110848,477168,477168,0
3117933,fashion-rotations,examples,backprop,0,0.0030,2,1,2,-1,-1,340,-1,500,2304,144,139624704,477168,477168,0
3117933,fashion-rotations,examples,backprop,0,0.0030,2,2,2,375,304,367,147,500,3072,192,186166272,477168,477168,0
3117933,fashion-rotations,examples,backprop,0,0.0030,3,0,3,375,304,367,147,500,3072,192,186166272,477168,477168,0
3117933,fashion-rotations,examples,backprop,0,0.0030,3,1,3,-1,-1,-1,319,500,3328,208,201680128,477168,477168,0
3117933,fashion-rotations,examples,backprop,0,0.0030,3,2,3,361,372,310,367,500,4096,256,248221696,477168,477168,0
3117933,fashion-rotations,examples,backprop,0,0.0030,4,0,0,361,372,310,367,500,4096,256,248221696,477168,477168,0
3117933,fashion-rotations,examples,backprop,0,0.0030,4,1,0,373,-1,-1,-1,500,4352,272,263735552,477168,477168,0
3117933,fashion-rotations,examples,backprop,0,0.0030,4,2,0,367,359,320,339,500,5120,320,310277120,477168,477168,0
3117933,fashion-rotations,examples,backprop,0,0.0030,5,0,2,367,359,320,339,500,5120,320,310277120,477168,477168,0
3117933,fashion-rotations,examples,backprop,0,0.0030,5,1,2,-1,-1,350,-1,500,5376,336,325790976,477168,477168,0
3117933,fashion-rotations,examples,backprop,0,0.0030,5,2,2,363,337,361,269,500,6144,384,372332544,477168,477168,0
3117933,fashion-rotations,examples,backprop,0,0.0030,6,0,1,363,337,361,269,500,6144,384,372332544,477168,477168,0
3117933,fashion-rotations,examples,backprop,0,0.0030,6,1,1,-1,355,-1,-1,500,6400,400,387846400,477168,477168,0
3117933,fashion-rotations,examples,backprop,0,0.0030,6,2,1,388,383,332,329,500,7168,448,434387968,477168,477168,0
3117933,fashion-rotations,examples,backprop,0,0.0030,7,0,3,388,383,332,329,500,7168,448,434387968,477168,477168,0
3117933,fashion-rotations,examples,backprop,0,0.0030,7,1,3,-1,-1,-1,364,500,7424,464,449901824,477168,477168,0
3117933,fashion-rotations,examples,backprop,0,0.0030,7,2,3,377,390,326,388,500,8192,512,496443392,477168,477168,0
3117933,fashion-rotations,examples,backprop,0,0.0030,8,0,2,377,390,326,388,500,8192,512,496443392,477168,477168,0
3117933,fashion-rotations,examples,backprop,0,0.0030,8,1,2,-1,-1,362,-1,500,8448,528,511957248,477168,477168,0
3117933,fashion-rotations,examples,backprop,0,0.0030,8,2,2,371,358,360,315,500,9216,576,558498816,477168,477168,0
3117933,fashion-rotations,examples,backprop,0,0.0030,9,0,0,371,358,360,315,500,9216,576,558498816,477168,477168,0
3117933,fashion-rotations,examples,backprop,0,0.0030,9,1,0,378,-1,-1,-1,500,9472,592,574012672,477168,477168,0
3117933,fashion-rotations,examples,backprop,0,0.0030,9,2,0,386,366,371,310,500,10240,640,620554240,477168,477168,0
3117933,fashion-rotations,examples,backprop,0,0.0030,10,0,3,386,366,371,310,500,10240,640,620554240,477168,477168,0
3117933,fashion-rotations,examples,backprop,0,0.0030,10,1,3,-1,-1,-1,377,500,10496,656,636068096,477168,477168,0
3117933,fashion-rotations,examples,backprop,0,0.0030,10,2,3,378,380,345,397,500,11264,704,682609664,477168,477168,0
3117933,fashion-rotations,examples,backprop,0,0.0030,11,0,1,378,380,345,397,500,11264,704,682609664,477168,477168,0
3117933,fashion-rotations,examples,backprop,0,0.0030,11,1,1,-1,376,-1,-1,500,11520,720,698123520,477168,477168,0
3117933,fashion-rotations,examples,backprop,0,0.0030,11,2,1,382,388,344,389,500,12288,768,744665088,477168,477168,0
3117933,fashion-rotations,work,jayce,24,0.0300,0,0,0,50,50,50,50,500,0,0,0,40,376360,0
3117933,fashion-rotations,work,jayce,24,0.0300,0,1,0,368,-1,-1,-1,500,496,31,3816384,376360,376360,240
3117933,fashion-rotations,work,jayce,24,0.0300,0,2,0,368,289,289,156,500,1312,82,15831168,376360,376360,240
3117933,fashion-rotations,work,jayce,24,0.0300,1,0,1,368,289,289,156,500,1312,82,15831168,376360,376360,240
3117933,fashion-rotations,work,jayce,24,0.0300,1,1,1,-1,340,-1,-1,500,1568,98,19600512,376360,376360,240
3117933,fashion-rotations,work,jayce,24,0.0300,1,2,1,366,343,290,296,500,2384,149,31615296,376360,376360,240
3117933,fashion-rotations,work,jayce,24,0.0300,2,0,2,366,343,290,296,500,2384,149,31615296,376360,376360,240
3117933,fashion-rotations,work,jayce,24,0.0300,2,1,2,-1,-1,330,-1,500,2640,165,35384640,376360,376360,240
3117933,fashion-rotations,work,jayce,24,0.0300,2,2,2,372,351,358,285,500,3456,216,47399424,376360,376360,240
3117933,fashion-rotations,work,jayce,24,0.0300,3,0,3,372,351,358,285,500,3456,216,47399424,376360,376360,240
3117933,fashion-rotations,work,jayce,24,0.0300,3,1,3,-1,-1,-1,326,500,3712,232,51168768,376360,376360,240
3117933,fashion-rotations,work,jayce,24,0.0300,3,2,3,363,327,338,351,500,4528,283,63183552,376360,376360,240
3117933,fashion-rotations,work,jayce,24,0.0300,4,0,0,363,327,338,351,500,4528,283,63183552,376360,376360,240
3117933,fashion-rotations,work,jayce,24,0.0300,4,1,0,368,-1,-1,-1,500,4784,299,66952896,376360,376360,240
3117933,fashion-rotations,work,jayce,24,0.0300,4,2,0,378,325,335,353,500,5600,350,78967680,376360,376360,240
3117933,fashion-rotations,work,jayce,24,0.0300,5,0,2,378,325,335,353,500,5600,350,78967680,376360,376360,240
3117933,fashion-rotations,work,jayce,24,0.0300,5,1,2,-1,-1,356,-1,500,5856,366,82737024,376360,376360,240
3117933,fashion-rotations,work,jayce,24,0.0300,5,2,2,376,316,381,337,500,6672,417,94751808,376360,376360,240
3117933,fashion-rotations,work,jayce,24,0.0300,6,0,1,376,316,381,337,500,6672,417,94751808,376360,376360,240
3117933,fashion-rotations,work,jayce,24,0.0300,6,1,1,-1,343,-1,-1,500,6928,433,98521152,376360,376360,240
3117933,fashion-rotations,work,jayce,24,0.0300,6,2,1,377,364,367,332,500,7744,484,110535936,376360,376360,240
3117933,fashion-rotations,work,jayce,24,0.0300,7,0,3,377,364,367,332,500,7744,484,110535936,376360,376360,240
3117933,fashion-rotations,work,jayce,24,0.0300,7,1,3,-1,-1,-1,358,500,8000,500,114305280,376360,376360,240
3117933,fashion-rotations,work,jayce,24,0.0300,7,2,3,371,308,360,354,500,8816,551,126320064,376360,376360,240
3117933,fashion-rotations,work,jayce,24,0.0300,8,0,2,371,308,360,354,500,8816,551,126320064,376360,376360,240
3117933,fashion-rotations,work,jayce,24,0.0300,8,1,2,-1,-1,372,-1,500,9072,567,130089408,376360,376360,240
3117933,fashion-rotations,work,jayce,24,0.0300,8,2,2,374,301,376,351,500,9888,618,142104192,376360,376360,240
3117933,fashion-rotations,work,jayce,24,0.0300,9,0,0,374,301,376,351,500,9888,618,142104192,376360,376360,240
3117933,fashion-rotations,work,jayce,24,0.0300,9,1,0,374,-1,-1,-1,500,10144,634,145873536,376360,376360,240
3117933,fashion-rotations,work,jayce,24,0.0300,9,2,0,377,312,369,345,500,10960,685,157888320,376360,376360,240
3117933,fashion-rotations,work,jayce,24,0.0300,10,0,3,377,312,369,345,500,10960,685,157888320,376360,376360,240
3117933,fashion-rotations,work,jayce,24,0.0300,10,1,3,-1,-1,-1,355,500,11216,701,161657664,376360,376360,240
3117933,fashion-rotations,work,jayce,24,0.0300,10,2,3,370,314,366,355,500,12032,752,173672448,376360,376360,240
3117933,fashion-rotations,work,jayce,24,0.0300,11,0,1,370,314,366,355,500,12032,752,173672448,376360,376360,240
3117933,fashion-rotations,work,jayce,24,0.0300,11,1,1,-1,357,-1,-1,500,12288,768,177441792,376360,376360,240
3117933,fashion-rotations,work,jayce,24,0.0300,11,2,1,371,369,364,319,500,13104,819,189456576,376360,376360,240
3117933,fashion-rotations,work,backprop,0,0.0030,0,0,0,16,32,15,37,500,0,0,0,477168,477168,0
3117933,fashion-rotations,work,backprop,0,0.0030,0,1,0,116,-1,-1,-1,500,64,4,3878464,477168,477168,0
3117933,fashion-rotations,work,backprop,0,0.0030,0,2,0,278,207,243,154,500,256,16,15513856,477168,477168,0
3117933,fashion-rotations,work,backprop,0,0.0030,1,0,1,278,207,243,154,500,256,16,15513856,477168,477168,0
3117933,fashion-rotations,work,backprop,0,0.0030,1,1,1,-1,217,-1,-1,500,320,20,19392320,477168,477168,0
3117933,fashion-rotations,work,backprop,0,0.0030,1,2,1,310,311,270,263,500,512,32,31027712,477168,477168,0
3117933,fashion-rotations,work,backprop,0,0.0030,2,0,2,310,311,270,263,500,512,32,31027712,477168,477168,0
3117933,fashion-rotations,work,backprop,0,0.0030,2,1,2,-1,-1,278,-1,500,576,36,34906176,477168,477168,0
3117933,fashion-rotations,work,backprop,0,0.0030,2,2,2,337,314,331,251,500,768,48,46541568,477168,477168,0
3117933,fashion-rotations,work,backprop,0,0.0030,3,0,3,337,314,331,251,500,768,48,46541568,477168,477168,0
3117933,fashion-rotations,work,backprop,0,0.0030,3,1,3,-1,-1,-1,264,500,832,52,50420032,477168,477168,0
3117933,fashion-rotations,work,backprop,0,0.0030,3,2,3,312,331,277,311,500,1024,64,62055424,477168,477168,0
3117933,fashion-rotations,work,backprop,0,0.0030,4,0,0,312,331,277,311,500,1024,64,62055424,477168,477168,0
3117933,fashion-rotations,work,backprop,0,0.0030,4,1,0,329,-1,-1,-1,500,1088,68,65933888,477168,477168,0
3117933,fashion-rotations,work,backprop,0,0.0030,4,2,0,334,324,281,286,500,1280,80,77569280,477168,477168,0
3117933,fashion-rotations,work,backprop,0,0.0030,5,0,2,334,324,281,286,500,1280,80,77569280,477168,477168,0
3117933,fashion-rotations,work,backprop,0,0.0030,5,1,2,-1,-1,280,-1,500,1344,84,81447744,477168,477168,0
3117933,fashion-rotations,work,backprop,0,0.0030,5,2,2,334,321,314,294,500,1536,96,93083136,477168,477168,0
3117933,fashion-rotations,work,backprop,0,0.0030,6,0,1,334,321,314,294,500,1536,96,93083136,477168,477168,0
3117933,fashion-rotations,work,backprop,0,0.0030,6,1,1,-1,359,-1,-1,500,1600,100,96961600,477168,477168,0
3117933,fashion-rotations,work,backprop,0,0.0030,6,2,1,344,349,310,334,500,1792,112,108596992,477168,477168,0
3117933,fashion-rotations,work,backprop,0,0.0030,7,0,3,344,349,310,334,500,1792,112,108596992,477168,477168,0
3117933,fashion-rotations,work,backprop,0,0.0030,7,1,3,-1,-1,-1,344,500,1856,116,112475456,477168,477168,0
3117933,fashion-rotations,work,backprop,0,0.0030,7,2,3,323,346,284,351,500,2048,128,124110848,477168,477168,0
3117933,fashion-rotations,work,backprop,0,0.0030,8,0,2,323,346,284,351,500,2048,128,124110848,477168,477168,0
3117933,fashion-rotations,work,backprop,0,0.0030,8,1,2,-1,-1,329,-1,500,2112,132,127989312,477168,477168,0
3117933,fashion-rotations,work,backprop,0,0.0030,8,2,2,357,326,333,278,500,2304,144,139624704,477168,477168,0
3117933,fashion-rotations,work,backprop,0,0.0030,9,0,0,357,326,333,278,500,2304,144,139624704,477168,477168,0
3117933,fashion-rotations,work,backprop,0,0.0030,9,1,0,349,-1,-1,-1,500,2368,148,143503168,477168,477168,0
3117933,fashion-rotations,work,backprop,0,0.0030,9,2,0,368,350,339,294,500,2560,160,155138560,477168,477168,0
3117933,fashion-rotations,work,backprop,0,0.0030,10,0,3,368,350,339,294,500,2560,160,155138560,477168,477168,0
3117933,fashion-rotations,work,backprop,0,0.0030,10,1,3,-1,-1,-1,303,500,2624,164,159017024,477168,477168,0
3117933,fashion-rotations,work,backprop,0,0.0030,10,2,3,358,353,323,348,500,2816,176,170652416,477168,477168,0
3117933,fashion-rotations,work,backprop,0,0.0030,11,0,1,358,353,323,348,500,2816,176,170652416,477168,477168,0
3117933,fashion-rotations,work,backprop,0,0.0030,11,1,1,-1,348,-1,-1,500,2880,180,174530880,477168,477168,0
3117933,fashion-rotations,work,backprop,0,0.0030,11,2,1,356,362,313,344,500,3072,192,186166272,477168,477168,0
3117933,fashion-rotations,memory,jayce,30,0.0100,0,0,0,50,50,50,50,500,0,0,0,40,470440,0
3117933,fashion-rotations,memory,jayce,30,0.0100,0,1,0,351,-1,-1,-1,500,256,16,104362,396744,470440,253
3117933,fashion-rotations,memory,jayce,30,0.0100,0,2,0,368,276,284,148,500,1024,64,13277592,470440,470440,300
3117933,fashion-rotations,memory,jayce,30,0.0100,1,0,1,368,276,284,148,500,1024,64,13277592,470440,470440,300
3117933,fashion-rotations,memory,jayce,30,0.0100,1,1,1,-1,313,-1,-1,500,1280,80,17951640,470440,470440,300
3117933,fashion-rotations,memory,jayce,30,0.0100,1,2,1,375,326,285,224,500,2048,128,31973784,470440,470440,300
3117933,fashion-rotations,memory,jayce,30,0.0100,2,0,2,375,326,285,224,500,2048,128,31973784,470440,470440,300
3117933,fashion-rotations,memory,jayce,30,0.0100,2,1,2,-1,-1,307,-1,500,2304,144,36647832,470440,470440,300
3117933,fashion-rotations,memory,jayce,30,0.0100,2,2,2,374,327,323,224,500,3072,192,50669976,470440,470440,300
3117933,fashion-rotations,memory,jayce,30,0.0100,3,0,3,374,327,323,224,500,3072,192,50669976,470440,470440,300
3117933,fashion-rotations,memory,jayce,30,0.0100,3,1,3,-1,-1,-1,269,500,3328,208,55344024,470440,470440,300
3117933,fashion-rotations,memory,jayce,30,0.0100,3,2,3,375,325,328,294,500,4096,256,69366168,470440,470440,300
3117933,fashion-rotations,memory,jayce,30,0.0100,4,0,0,375,325,328,294,500,4096,256,69366168,470440,470440,300
3117933,fashion-rotations,memory,jayce,30,0.0100,4,1,0,376,-1,-1,-1,500,4352,272,74040216,470440,470440,300
3117933,fashion-rotations,memory,jayce,30,0.0100,4,2,0,376,329,328,289,500,5120,320,88062360,470440,470440,300
3117933,fashion-rotations,memory,jayce,30,0.0100,5,0,2,376,329,328,289,500,5120,320,88062360,470440,470440,300
3117933,fashion-rotations,memory,jayce,30,0.0100,5,1,2,-1,-1,335,-1,500,5376,336,92736408,470440,470440,300
3117933,fashion-rotations,memory,jayce,30,0.0100,5,2,2,370,323,345,285,500,6144,384,106758552,470440,470440,300
3117933,fashion-rotations,memory,jayce,30,0.0100,6,0,1,370,323,345,285,500,6144,384,106758552,470440,470440,300
3117933,fashion-rotations,memory,jayce,30,0.0100,6,1,1,-1,325,-1,-1,500,6400,400,111432600,470440,470440,300
3117933,fashion-rotations,memory,jayce,30,0.0100,6,2,1,371,341,344,303,500,7168,448,125454744,470440,470440,300
3117933,fashion-rotations,memory,jayce,30,0.0100,7,0,3,371,341,344,303,500,7168,448,125454744,470440,470440,300
3117933,fashion-rotations,memory,jayce,30,0.0100,7,1,3,-1,-1,-1,312,500,7424,464,130128792,470440,470440,300
3117933,fashion-rotations,memory,jayce,30,0.0100,7,2,3,372,336,342,343,500,8192,512,144150936,470440,470440,300
3117933,fashion-rotations,memory,jayce,30,0.0100,8,0,2,372,336,342,343,500,8192,512,144150936,470440,470440,300
3117933,fashion-rotations,memory,jayce,30,0.0100,8,1,2,-1,-1,347,-1,500,8448,528,148824984,470440,470440,300
3117933,fashion-rotations,memory,jayce,30,0.0100,8,2,2,369,337,355,340,500,9216,576,162847128,470440,470440,300
3117933,fashion-rotations,memory,jayce,30,0.0100,9,0,0,369,337,355,340,500,9216,576,162847128,470440,470440,300
3117933,fashion-rotations,memory,jayce,30,0.0100,9,1,0,371,-1,-1,-1,500,9472,592,167521176,470440,470440,300
3117933,fashion-rotations,memory,jayce,30,0.0100,9,2,0,377,337,357,341,500,10240,640,181543320,470440,470440,300
3117933,fashion-rotations,memory,jayce,30,0.0100,10,0,3,377,337,357,341,500,10240,640,181543320,470440,470440,300
3117933,fashion-rotations,memory,jayce,30,0.0100,10,1,3,-1,-1,-1,345,500,10496,656,186217368,470440,470440,300
3117933,fashion-rotations,memory,jayce,30,0.0100,10,2,3,377,318,352,356,500,11264,704,200239512,470440,470440,300
3117933,fashion-rotations,memory,jayce,30,0.0100,11,0,1,377,318,352,356,500,11264,704,200239512,470440,470440,300
3117933,fashion-rotations,memory,jayce,30,0.0100,11,1,1,-1,334,-1,-1,500,11520,720,204913560,470440,470440,300
3117933,fashion-rotations,memory,jayce,30,0.0100,11,2,1,374,356,352,354,500,12288,768,218935704,470440,470440,300
3117933,fashion-rotations,memory,backprop,0,0.0030,0,0,0,16,32,15,37,500,0,0,0,477168,477168,0
3117933,fashion-rotations,memory,backprop,0,0.0030,0,1,0,278,-1,-1,-1,500,256,16,15513856,477168,477168,0
3117933,fashion-rotations,memory,backprop,0,0.0030,0,2,0,369,304,308,154,500,1024,64,62055424,477168,477168,0
3117933,fashion-rotations,memory,backprop,0,0.0030,1,0,1,369,304,308,154,500,1024,64,62055424,477168,477168,0
3117933,fashion-rotations,memory,backprop,0,0.0030,1,1,1,-1,338,-1,-1,500,1280,80,77569280,477168,477168,0
3117933,fashion-rotations,memory,backprop,0,0.0030,1,2,1,366,367,272,247,500,2048,128,124110848,477168,477168,0
3117933,fashion-rotations,memory,backprop,0,0.0030,2,0,2,366,367,272,247,500,2048,128,124110848,477168,477168,0
3117933,fashion-rotations,memory,backprop,0,0.0030,2,1,2,-1,-1,340,-1,500,2304,144,139624704,477168,477168,0
3117933,fashion-rotations,memory,backprop,0,0.0030,2,2,2,375,304,367,147,500,3072,192,186166272,477168,477168,0
3117933,fashion-rotations,memory,backprop,0,0.0030,3,0,3,375,304,367,147,500,3072,192,186166272,477168,477168,0
3117933,fashion-rotations,memory,backprop,0,0.0030,3,1,3,-1,-1,-1,319,500,3328,208,201680128,477168,477168,0
3117933,fashion-rotations,memory,backprop,0,0.0030,3,2,3,361,372,310,367,500,4096,256,248221696,477168,477168,0
3117933,fashion-rotations,memory,backprop,0,0.0030,4,0,0,361,372,310,367,500,4096,256,248221696,477168,477168,0
3117933,fashion-rotations,memory,backprop,0,0.0030,4,1,0,373,-1,-1,-1,500,4352,272,263735552,477168,477168,0
3117933,fashion-rotations,memory,backprop,0,0.0030,4,2,0,367,359,320,339,500,5120,320,310277120,477168,477168,0
3117933,fashion-rotations,memory,backprop,0,0.0030,5,0,2,367,359,320,339,500,5120,320,310277120,477168,477168,0
3117933,fashion-rotations,memory,backprop,0,0.0030,5,1,2,-1,-1,350,-1,500,5376,336,325790976,477168,477168,0
3117933,fashion-rotations,memory,backprop,0,0.0030,5,2,2,363,337,361,269,500,6144,384,372332544,477168,477168,0
3117933,fashion-rotations,memory,backprop,0,0.0030,6,0,1,363,337,361,269,500,6144,384,372332544,477168,477168,0
3117933,fashion-rotations,memory,backprop,0,0.0030,6,1,1,-1,355,-1,-1,500,6400,400,387846400,477168,477168,0
3117933,fashion-rotations,memory,backprop,0,0.0030,6,2,1,388,383,332,329,500,7168,448,434387968,477168,477168,0
3117933,fashion-rotations,memory,backprop,0,0.0030,7,0,3,388,383,332,329,500,7168,448,434387968,477168,477168,0
3117933,fashion-rotations,memory,backprop,0,0.0030,7,1,3,-1,-1,-1,364,500,7424,464,449901824,477168,477168,0
3117933,fashion-rotations,memory,backprop,0,0.0030,7,2,3,377,390,326,388,500,8192,512,496443392,477168,477168,0
3117933,fashion-rotations,memory,backprop,0,0.0030,8,0,2,377,390,326,388,500,8192,512,496443392,477168,477168,0
3117933,fashion-rotations,memory,backprop,0,0.0030,8,1,2,-1,-1,362,-1,500,8448,528,511957248,477168,477168,0
3117933,fashion-rotations,memory,backprop,0,0.0030,8,2,2,371,358,360,315,500,9216,576,558498816,477168,477168,0
3117933,fashion-rotations,memory,backprop,0,0.0030,9,0,0,371,358,360,315,500,9216,576,558498816,477168,477168,0
3117933,fashion-rotations,memory,backprop,0,0.0030,9,1,0,378,-1,-1,-1,500,9472,592,574012672,477168,477168,0
3117933,fashion-rotations,memory,backprop,0,0.0030,9,2,0,386,366,371,310,500,10240,640,620554240,477168,477168,0
3117933,fashion-rotations,memory,backprop,0,0.0030,10,0,3,386,366,371,310,500,10240,640,620554240,477168,477168,0
3117933,fashion-rotations,memory,backprop,0,0.0030,10,1,3,-1,-1,-1,377,500,10496,656,636068096,477168,477168,0
3117933,fashion-rotations,memory,backprop,0,0.0030,10,2,3,378,380,345,397,500,11264,704,682609664,477168,477168,0
3117933,fashion-rotations,memory,backprop,0,0.0030,11,0,1,378,380,345,397,500,11264,704,682609664,477168,477168,0
3117933,fashion-rotations,memory,backprop,0,0.0030,11,1,1,-1,376,-1,-1,500,11520,720,698123520,477168,477168,0
3117933,fashion-rotations,memory,backprop,0,0.0030,11,2,1,382,388,344,389,500,12288,768,744665088,477168,477168,0
3222662,fashion-rotations,examples,jayce,48,0.0300,0,0,0,50,50,50,50,500,0,0,0,40,752680,0
3222662,fashion-rotations,examples,jayce,48,0.0300,0,1,0,355,-1,-1,-1,500,256,16,50176,401448,752680,256
3222662,fashion-rotations,examples,jayce,48,0.0300,0,2,0,380,288,302,183,500,1024,64,15793920,752680,752680,480
3222662,fashion-rotations,examples,jayce,48,0.0300,1,0,1,380,288,302,183,500,1024,64,15793920,752680,752680,480
3222662,fashion-rotations,examples,jayce,48,0.0300,1,1,1,-1,313,-1,-1,500,1280,80,23182080,752680,752680,480
3222662,fashion-rotations,examples,jayce,48,0.0300,1,2,1,376,360,297,303,500,2048,128,45346560,752680,752680,480
3222662,fashion-rotations,examples,jayce,48,0.0300,2,0,2,376,360,297,303,500,2048,128,45346560,752680,752680,480
3222662,fashion-rotations,examples,jayce,48,0.0300,2,1,2,-1,-1,341,-1,500,2304,144,52734720,752680,752680,480
3222662,fashion-rotations,examples,jayce,48,0.0300,2,2,2,374,353,352,305,500,3072,192,74899200,752680,752680,480
3222662,fashion-rotations,examples,jayce,48,0.0300,3,0,3,374,353,352,305,500,3072,192,74899200,752680,752680,480
3222662,fashion-rotations,examples,jayce,48,0.0300,3,1,3,-1,-1,-1,344,500,3328,208,82287360,752680,752680,480
3222662,fashion-rotations,examples,jayce,48,0.0300,3,2,3,366,348,357,363,500,4096,256,104451840,752680,752680,480
3222662,fashion-rotations,examples,jayce,48,0.0300,4,0,0,366,348,357,363,500,4096,256,104451840,752680,752680,480
3222662,fashion-rotations,examples,jayce,48,0.0300,4,1,0,363,-1,-1,-1,500,4352,272,111840000,752680,752680,480
3222662,fashion-rotations,examples,jayce,48,0.0300,4,2,0,372,344,362,368,500,5120,320,134004480,752680,752680,480
3222662,fashion-rotations,examples,jayce,48,0.0300,5,0,2,372,344,362,368,500,5120,320,134004480,752680,752680,480
3222662,fashion-rotations,examples,jayce,48,0.0300,5,1,2,-1,-1,354,-1,500,5376,336,141392640,752680,752680,480
3222662,fashion-rotations,examples,jayce,48,0.0300,5,2,2,367,344,359,362,500,6144,384,163557120,752680,752680,480
3222662,fashion-rotations,examples,jayce,48,0.0300,6,0,1,367,344,359,362,500,6144,384,163557120,752680,752680,480
3222662,fashion-rotations,examples,jayce,48,0.0300,6,1,1,-1,357,-1,-1,500,6400,400,170945280,752680,752680,480
3222662,fashion-rotations,examples,jayce,48,0.0300,6,2,1,361,360,356,347,500,7168,448,193109760,752680,752680,480
3222662,fashion-rotations,examples,jayce,48,0.0300,7,0,3,361,360,356,347,500,7168,448,193109760,752680,752680,480
3222662,fashion-rotations,examples,jayce,48,0.0300,7,1,3,-1,-1,-1,341,500,7424,464,200497920,752680,752680,480
3222662,fashion-rotations,examples,jayce,48,0.0300,7,2,3,362,348,356,353,500,8192,512,222662400,752680,752680,480
3222662,fashion-rotations,examples,jayce,48,0.0300,8,0,2,362,348,356,353,500,8192,512,222662400,752680,752680,480
3222662,fashion-rotations,examples,jayce,48,0.0300,8,1,2,-1,-1,359,-1,500,8448,528,230050560,752680,752680,480
3222662,fashion-rotations,examples,jayce,48,0.0300,8,2,2,359,350,364,351,500,9216,576,252215040,752680,752680,480
3222662,fashion-rotations,examples,jayce,48,0.0300,9,0,0,359,350,364,351,500,9216,576,252215040,752680,752680,480
3222662,fashion-rotations,examples,jayce,48,0.0300,9,1,0,361,-1,-1,-1,500,9472,592,259603200,752680,752680,480
3222662,fashion-rotations,examples,jayce,48,0.0300,9,2,0,371,348,363,352,500,10240,640,281767680,752680,752680,480
3222662,fashion-rotations,examples,jayce,48,0.0300,10,0,3,371,348,363,352,500,10240,640,281767680,752680,752680,480
3222662,fashion-rotations,examples,jayce,48,0.0300,10,1,3,-1,-1,-1,354,500,10496,656,289155840,752680,752680,480
3222662,fashion-rotations,examples,jayce,48,0.0300,10,2,3,372,347,361,354,500,11264,704,311320320,752680,752680,480
3222662,fashion-rotations,examples,jayce,48,0.0300,11,0,1,372,347,361,354,500,11264,704,311320320,752680,752680,480
3222662,fashion-rotations,examples,jayce,48,0.0300,11,1,1,-1,361,-1,-1,500,11520,720,318708480,752680,752680,480
3222662,fashion-rotations,examples,jayce,48,0.0300,11,2,1,376,367,359,345,500,12288,768,340872960,752680,752680,480
3222662,fashion-rotations,examples,backprop,0,0.0030,0,0,0,45,36,47,39,500,0,0,0,477168,477168,0
3222662,fashion-rotations,examples,backprop,0,0.0030,0,1,0,311,-1,-1,-1,500,256,16,15513856,477168,477168,0
3222662,fashion-rotations,examples,backprop,0,0.0030,0,2,0,362,309,291,167,500,1024,64,62055424,477168,477168,0
3222662,fashion-rotations,examples,backprop,0,0.0030,1,0,1,362,309,291,167,500,1024,64,62055424,477168,477168,0
3222662,fashion-rotations,examples,backprop,0,0.0030,1,1,1,-1,315,-1,-1,500,1280,80,77569280,477168,477168,0
3222662,fashion-rotations,examples,backprop,0,0.0030,1,2,1,367,373,275,313,500,2048,128,124110848,477168,477168,0
3222662,fashion-rotations,examples,backprop,0,0.0030,2,0,2,367,373,275,313,500,2048,128,124110848,477168,477168,0
3222662,fashion-rotations,examples,backprop,0,0.0030,2,1,2,-1,-1,329,-1,500,2304,144,139624704,477168,477168,0
3222662,fashion-rotations,examples,backprop,0,0.0030,2,2,2,369,344,352,203,500,3072,192,186166272,477168,477168,0
3222662,fashion-rotations,examples,backprop,0,0.0030,3,0,3,369,344,352,203,500,3072,192,186166272,477168,477168,0
3222662,fashion-rotations,examples,backprop,0,0.0030,3,1,3,-1,-1,-1,308,500,3328,208,201680128,477168,477168,0
3222662,fashion-rotations,examples,backprop,0,0.0030,3,2,3,337,331,279,335,500,4096,256,248221696,477168,477168,0
3222662,fashion-rotations,examples,backprop,0,0.0030,4,0,0,337,331,279,335,500,4096,256,248221696,477168,477168,0
3222662,fashion-rotations,examples,backprop,0,0.0030,4,1,0,364,-1,-1,-1,500,4352,272,263735552,477168,477168,0
3222662,fashion-rotations,examples,backprop,0,0.0030,4,2,0,387,379,345,364,500,5120,320,310277120,477168,477168,0
3222662,fashion-rotations,examples,backprop,0,0.0030,5,0,2,387,379,345,364,500,5120,320,310277120,477168,477168,0
3222662,fashion-rotations,examples,backprop,0,0.0030,5,1,2,-1,-1,352,-1,500,5376,336,325790976,477168,477168,0
3222662,fashion-rotations,examples,backprop,0,0.0030,5,2,2,367,347,357,310,500,6144,384,372332544,477168,477168,0
3222662,fashion-rotations,examples,backprop,0,0.0030,6,0,1,367,347,357,310,500,6144,384,372332544,477168,477168,0
3222662,fashion-rotations,examples,backprop,0,0.0030,6,1,1,-1,376,-1,-1,500,6400,400,387846400,477168,477168,0
3222662,fashion-rotations,examples,backprop,0,0.0030,6,2,1,380,375,331,332,500,7168,448,434387968,477168,477168,0
3222662,fashion-rotations,examples,backprop,0,0.0030,7,0,3,380,375,331,332,500,7168,448,434387968,477168,477168,0
3222662,fashion-rotations,examples,backprop,0,0.0030,7,1,3,-1,-1,-1,357,500,7424,464,449901824,477168,477168,0
3222662,fashion-rotations,examples,backprop,0,0.0030,7,2,3,365,374,310,365,500,8192,512,496443392,477168,477168,0
3222662,fashion-rotations,examples,backprop,0,0.0030,8,0,2,365,374,310,365,500,8192,512,496443392,477168,477168,0
3222662,fashion-rotations,examples,backprop,0,0.0030,8,1,2,-1,-1,359,-1,500,8448,528,511957248,477168,477168,0
3222662,fashion-rotations,examples,backprop,0,0.0030,8,2,2,375,367,361,330,500,9216,576,558498816,477168,477168,0
3222662,fashion-rotations,examples,backprop,0,0.0030,9,0,0,375,367,361,330,500,9216,576,558498816,477168,477168,0
3222662,fashion-rotations,examples,backprop,0,0.0030,9,1,0,376,-1,-1,-1,500,9472,592,574012672,477168,477168,0
3222662,fashion-rotations,examples,backprop,0,0.0030,9,2,0,385,357,344,301,500,10240,640,620554240,477168,477168,0
3222662,fashion-rotations,examples,backprop,0,0.0030,10,0,3,385,357,344,301,500,10240,640,620554240,477168,477168,0
3222662,fashion-rotations,examples,backprop,0,0.0030,10,1,3,-1,-1,-1,374,500,10496,656,636068096,477168,477168,0
3222662,fashion-rotations,examples,backprop,0,0.0030,10,2,3,385,388,354,393,500,11264,704,682609664,477168,477168,0
3222662,fashion-rotations,examples,backprop,0,0.0030,11,0,1,385,388,354,393,500,11264,704,682609664,477168,477168,0
3222662,fashion-rotations,examples,backprop,0,0.0030,11,1,1,-1,375,-1,-1,500,11520,720,698123520,477168,477168,0
3222662,fashion-rotations,examples,backprop,0,0.0030,11,2,1,384,393,352,387,500,12288,768,744665088,477168,477168,0
3222662,fashion-rotations,work,jayce,24,0.0300,0,0,0,50,50,50,50,500,0,0,0,40,376360,0
3222662,fashion-rotations,work,jayce,24,0.0300,0,1,0,354,-1,-1,-1,500,496,31,3816384,376360,376360,240
3222662,fashion-rotations,work,jayce,24,0.0300,0,2,0,369,284,286,195,500,1312,82,15831168,376360,376360,240
3222662,fashion-rotations,work,jayce,24,0.0300,1,0,1,369,284,286,195,500,1312,82,15831168,376360,376360,240
3222662,fashion-rotations,work,jayce,24,0.0300,1,1,1,-1,327,-1,-1,500,1568,98,19600512,376360,376360,240
3222662,fashion-rotations,work,jayce,24,0.0300,1,2,1,369,368,278,313,500,2384,149,31615296,376360,376360,240
3222662,fashion-rotations,work,jayce,24,0.0300,2,0,2,369,368,278,313,500,2384,149,31615296,376360,376360,240
3222662,fashion-rotations,work,jayce,24,0.0300,2,1,2,-1,-1,341,-1,500,2640,165,35384640,376360,376360,240
3222662,fashion-rotations,work,jayce,24,0.0300,2,2,2,367,372,367,322,500,3456,216,47399424,376360,376360,240
3222662,fashion-rotations,work,jayce,24,0.0300,3,0,3,367,372,367,322,500,3456,216,47399424,376360,376360,240
3222662,fashion-rotations,work,jayce,24,0.0300,3,1,3,-1,-1,-1,352,500,3712,232,51168768,376360,376360,240
3222662,fashion-rotations,work,jayce,24,0.0300,3,2,3,363,323,350,355,500,4528,283,63183552,376360,376360,240
3222662,fashion-rotations,work,jayce,24,0.0300,4,0,0,363,323,350,355,500,4528,283,63183552,376360,376360,240
3222662,fashion-rotations,work,jayce,24,0.0300,4,1,0,369,-1,-1,-1,500,4784,299,66952896,376360,376360,240
3222662,fashion-rotations,work,jayce,24,0.0300,4,2,0,374,316,352,357,500,5600,350,78967680,376360,376360,240
3222662,fashion-rotations,work,jayce,24,0.0300,5,0,2,374,316,352,357,500,5600,350,78967680,376360,376360,240
3222662,fashion-rotations,work,jayce,24,0.0300,5,1,2,-1,-1,359,-1,500,5856,366,82737024,376360,376360,240
3222662,fashion-rotations,work,jayce,24,0.0300,5,2,2,374,313,371,348,500,6672,417,94751808,376360,376360,240
3222662,fashion-rotations,work,jayce,24,0.0300,6,0,1,374,313,371,348,500,6672,417,94751808,376360,376360,240
3222662,fashion-rotations,work,jayce,24,0.0300,6,1,1,-1,354,-1,-1,500,6928,433,98521152,376360,376360,240
3222662,fashion-rotations,work,jayce,24,0.0300,6,2,1,375,370,364,319,500,7744,484,110535936,376360,376360,240
3222662,fashion-rotations,work,jayce,24,0.0300,7,0,3,375,370,364,319,500,7744,484,110535936,376360,376360,240
3222662,fashion-rotations,work,jayce,24,0.0300,7,1,3,-1,-1,-1,342,500,8000,500,114305280,376360,376360,240
3222662,fashion-rotations,work,jayce,24,0.0300,7,2,3,363,349,354,358,500,8816,551,126320064,376360,376360,240
3222662,fashion-rotations,work,jayce,24,0.0300,8,0,2,363,349,354,358,500,8816,551,126320064,376360,376360,240
3222662,fashion-rotations,work,jayce,24,0.0300,8,1,2,-1,-1,358,-1,500,9072,567,130089408,376360,376360,240
3222662,fashion-rotations,work,jayce,24,0.0300,8,2,2,357,347,367,344,500,9888,618,142104192,376360,376360,240
3222662,fashion-rotations,work,jayce,24,0.0300,9,0,0,357,347,367,344,500,9888,618,142104192,376360,376360,240
3222662,fashion-rotations,work,jayce,24,0.0300,9,1,0,361,-1,-1,-1,500,10144,634,145873536,376360,376360,240
3222662,fashion-rotations,work,jayce,24,0.0300,9,2,0,373,343,371,344,500,10960,685,157888320,376360,376360,240
3222662,fashion-rotations,work,jayce,24,0.0300,10,0,3,373,343,371,344,500,10960,685,157888320,376360,376360,240
3222662,fashion-rotations,work,jayce,24,0.0300,10,1,3,-1,-1,-1,348,500,11216,701,161657664,376360,376360,240
3222662,fashion-rotations,work,jayce,24,0.0300,10,2,3,363,335,366,352,500,12032,752,173672448,376360,376360,240
3222662,fashion-rotations,work,jayce,24,0.0300,11,0,1,363,335,366,352,500,12032,752,173672448,376360,376360,240
3222662,fashion-rotations,work,jayce,24,0.0300,11,1,1,-1,351,-1,-1,500,12288,768,177441792,376360,376360,240
3222662,fashion-rotations,work,jayce,24,0.0300,11,2,1,364,370,362,340,500,13104,819,189456576,376360,376360,240
3222662,fashion-rotations,work,backprop,0,0.0030,0,0,0,45,36,47,39,500,0,0,0,477168,477168,0
3222662,fashion-rotations,work,backprop,0,0.0030,0,1,0,159,-1,-1,-1,500,64,4,3878464,477168,477168,0
3222662,fashion-rotations,work,backprop,0,0.0030,0,2,0,311,262,228,172,500,256,16,15513856,477168,477168,0
3222662,fashion-rotations,work,backprop,0,0.0030,1,0,1,311,262,228,172,500,256,16,15513856,477168,477168,0
3222662,fashion-rotations,work,backprop,0,0.0030,1,1,1,-1,294,-1,-1,500,320,20,19392320,477168,477168,0
3222662,fashion-rotations,work,backprop,0,0.0030,1,2,1,299,302,184,234,500,512,32,31027712,477168,477168,0
3222662,fashion-rotations,work,backprop,0,0.0030,2,0,2,299,302,184,234,500,512,32,31027712,477168,477168,0
3222662,fashion-rotations,work,backprop,0,0.0030,2,1,2,-1,-1,290,-1,500,576,36,34906176,477168,477168,0
3222662,fashion-rotations,work,backprop,0,0.0030,2,2,2,360,311,298,216,500,768,48,46541568,477168,477168,0
3222662,fashion-rotations,work,backprop,0,0.0030,3,0,3,360,311,298,216,500,768,48,46541568,477168,477168,0
3222662,fashion-rotations,work,backprop,0,0.0030,3,1,3,-1,-1,-1,251,500,832,52,50420032,477168,477168,0
3222662,fashion-rotations,work,backprop,0,0.0030,3,2,3,305,316,243,329,500,1024,64,62055424,477168,477168,0
3222662,fashion-rotations,work,backprop,0,0.0030,4,0,0,305,316,243,329,500,1024,64,62055424,477168,477168,0
3222662,fashion-rotations,work,backprop,0,0.0030,4,1,0,340,-1,-1,-1,500,1088,68,65933888,477168,477168,0
3222662,fashion-rotations,work,backprop,0,0.0030,4,2,0,344,324,263,269,500,1280,80,77569280,477168,477168,0
3222662,fashion-rotations,work,backprop,0,0.0030,5,0,2,344,324,263,269,500,1280,80,77569280,477168,477168,0
3222662,fashion-rotations,work,backprop,0,0.0030,5,1,2,-1,-1,326,-1,500,1344,84,81447744,477168,477168,0
3222662,fashion-rotations,work,backprop,0,0.0030,5,2,2,356,335,361,283,500,1536,96,93083136,477168,477168,0
3222662,fashion-rotations,work,backprop,0,0.0030,6,0,1,356,335,361,283,500,1536,96,93083136,477168,477168,0
3222662,fashion-rotations,work,backprop,0,0.0030,6,1,1,-1,346,-1,-1,500,1600,100,96961600,477168,477168,0
3222662,fashion-rotations,work,backprop,0,0.0030,6,2,1,355,350,320,309,500,1792,112,108596992,477168,477168,0
3222662,fashion-rotations,work,backprop,0,0.0030,7,0,3,355,350,320,309,500,1792,112,108596992,477168,477168,0
3222662,fashion-rotations,work,backprop,0,0.0030,7,1,3,-1,-1,-1,335,500,1856,116,112475456,477168,477168,0
3222662,fashion-rotations,work,backprop,0,0.0030,7,2,3,354,351,286,345,500,2048,128,124110848,477168,477168,0
3222662,fashion-rotations,work,backprop,0,0.0030,8,0,2,354,351,286,345,500,2048,128,124110848,477168,477168,0
3222662,fashion-rotations,work,backprop,0,0.0030,8,1,2,-1,-1,303,-1,500,2112,132,127989312,477168,477168,0
3222662,fashion-rotations,work,backprop,0,0.0030,8,2,2,363,353,356,296,500,2304,144,139624704,477168,477168,0
3222662,fashion-rotations,work,backprop,0,0.0030,9,0,0,363,353,356,296,500,2304,144,139624704,477168,477168,0
3222662,fashion-rotations,work,backprop,0,0.0030,9,1,0,372,-1,-1,-1,500,2368,148,143503168,477168,477168,0
3222662,fashion-rotations,work,backprop,0,0.0030,9,2,0,362,360,289,323,500,2560,160,155138560,477168,477168,0
3222662,fashion-rotations,work,backprop,0,0.0030,10,0,3,362,360,289,323,500,2560,160,155138560,477168,477168,0
3222662,fashion-rotations,work,backprop,0,0.0030,10,1,3,-1,-1,-1,350,500,2624,164,159017024,477168,477168,0
3222662,fashion-rotations,work,backprop,0,0.0030,10,2,3,343,348,280,353,500,2816,176,170652416,477168,477168,0
3222662,fashion-rotations,work,backprop,0,0.0030,11,0,1,343,348,280,353,500,2816,176,170652416,477168,477168,0
3222662,fashion-rotations,work,backprop,0,0.0030,11,1,1,-1,348,-1,-1,500,2880,180,174530880,477168,477168,0
3222662,fashion-rotations,work,backprop,0,0.0030,11,2,1,371,373,336,357,500,3072,192,186166272,477168,477168,0
3222662,fashion-rotations,memory,jayce,30,0.0100,0,0,0,50,50,50,50,500,0,0,0,40,470440,0
3222662,fashion-rotations,memory,jayce,30,0.0100,0,1,0,352,-1,-1,-1,500,256,16,266920,382632,470440,244
3222662,fashion-rotations,memory,jayce,30,0.0100,0,2,0,365,284,290,185,500,1024,64,13277592,470440,470440,300
3222662,fashion-rotations,memory,jayce,30,0.0100,1,0,1,365,284,290,185,500,1024,64,13277592,470440,470440,300
3222662,fashion-rotations,memory,jayce,30,0.0100,1,1,1,-1,289,-1,-1,500,1280,80,17951640,470440,470440,300
3222662,fashion-rotations,memory,jayce,30,0.0100,1,2,1,363,325,288,271,500,2048,128,31973784,470440,470440,300
3222662,fashion-rotations,memory,jayce,30,0.0100,2,0,2,363,325,288,271,500,2048,128,31973784,470440,470440,300
3222662,fashion-rotations,memory,jayce,30,0.0100,2,1,2,-1,-1,307,-1,500,2304,144,36647832,470440,470440,300
3222662,fashion-rotations,memory,jayce,30,0.0100,2,2,2,363,329,343,256,500,3072,192,50669976,470440,470440,300
3222662,fashion-rotations,memory,jayce,30,0.0100,3,0,3,363,329,343,256,500,3072,192,50669976,470440,470440,300
3222662,fashion-rotations,memory,jayce,30,0.0100,3,1,3,-1,-1,-1,301,500,3328,208,55344024,470440,470440,300
3222662,fashion-rotations,memory,jayce,30,0.0100,3,2,3,367,338,348,330,500,4096,256,69366168,470440,470440,300
3222662,fashion-rotations,memory,jayce,30,0.0100,4,0,0,367,338,348,330,500,4096,256,69366168,470440,470440,300
3222662,fashion-rotations,memory,jayce,30,0.0100,4,1,0,366,-1,-1,-1,500,4352,272,74040216,470440,470440,300
3222662,fashion-rotations,memory,jayce,30,0.0100,4,2,0,365,340,355,332,500,5120,320,88062360,470440,470440,300
3222662,fashion-rotations,memory,jayce,30,0.0100,5,0,2,365,340,355,332,500,5120,320,88062360,470440,470440,300
3222662,fashion-rotations,memory,jayce,30,0.0100,5,1,2,-1,-1,358,-1,500,5376,336,92736408,470440,470440,300
3222662,fashion-rotations,memory,jayce,30,0.0100,5,2,2,368,339,360,317,500,6144,384,106758552,470440,470440,300
3222662,fashion-rotations,memory,jayce,30,0.0100,6,0,1,368,339,360,317,500,6144,384,106758552,470440,470440,300
3222662,fashion-rotations,memory,jayce,30,0.0100,6,1,1,-1,348,-1,-1,500,6400,400,111432600,470440,470440,300
3222662,fashion-rotations,memory,jayce,30,0.0100,6,2,1,369,359,365,331,500,7168,448,125454744,470440,470440,300
3222662,fashion-rotations,memory,jayce,30,0.0100,7,0,3,369,359,365,331,500,7168,448,125454744,470440,470440,300
3222662,fashion-rotations,memory,jayce,30,0.0100,7,1,3,-1,-1,-1,337,500,7424,464,130128792,470440,470440,300
3222662,fashion-rotations,memory,jayce,30,0.0100,7,2,3,370,354,356,350,500,8192,512,144150936,470440,470440,300
3222662,fashion-rotations,memory,jayce,30,0.0100,8,0,2,370,354,356,350,500,8192,512,144150936,470440,470440,300
3222662,fashion-rotations,memory,jayce,30,0.0100,8,1,2,-1,-1,358,-1,500,8448,528,148824984,470440,470440,300
3222662,fashion-rotations,memory,jayce,30,0.0100,8,2,2,365,351,359,350,500,9216,576,162847128,470440,470440,300
3222662,fashion-rotations,memory,jayce,30,0.0100,9,0,0,365,351,359,350,500,9216,576,162847128,470440,470440,300
3222662,fashion-rotations,memory,jayce,30,0.0100,9,1,0,371,-1,-1,-1,500,9472,592,167521176,470440,470440,300
3222662,fashion-rotations,memory,jayce,30,0.0100,9,2,0,372,350,361,347,500,10240,640,181543320,470440,470440,300
3222662,fashion-rotations,memory,jayce,30,0.0100,10,0,3,372,350,361,347,500,10240,640,181543320,470440,470440,300
3222662,fashion-rotations,memory,jayce,30,0.0100,10,1,3,-1,-1,-1,349,500,10496,656,186217368,470440,470440,300
3222662,fashion-rotations,memory,jayce,30,0.0100,10,2,3,370,337,355,351,500,11264,704,200239512,470440,470440,300
3222662,fashion-rotations,memory,jayce,30,0.0100,11,0,1,370,337,355,351,500,11264,704,200239512,470440,470440,300
3222662,fashion-rotations,memory,jayce,30,0.0100,11,1,1,-1,344,-1,-1,500,11520,720,204913560,470440,470440,300
3222662,fashion-rotations,memory,jayce,30,0.0100,11,2,1,371,358,354,350,500,12288,768,218935704,470440,470440,300
3222662,fashion-rotations,memory,backprop,0,0.0030,0,0,0,45,36,47,39,500,0,0,0,477168,477168,0
3222662,fashion-rotations,memory,backprop,0,0.0030,0,1,0,311,-1,-1,-1,500,256,16,15513856,477168,477168,0
3222662,fashion-rotations,memory,backprop,0,0.0030,0,2,0,362,309,291,167,500,1024,64,62055424,477168,477168,0
3222662,fashion-rotations,memory,backprop,0,0.0030,1,0,1,362,309,291,167,500,1024,64,62055424,477168,477168,0
3222662,fashion-rotations,memory,backprop,0,0.0030,1,1,1,-1,315,-1,-1,500,1280,80,77569280,477168,477168,0
3222662,fashion-rotations,memory,backprop,0,0.0030,1,2,1,367,373,275,313,500,2048,128,124110848,477168,477168,0
3222662,fashion-rotations,memory,backprop,0,0.0030,2,0,2,367,373,275,313,500,2048,128,124110848,477168,477168,0
3222662,fashion-rotations,memory,backprop,0,0.0030,2,1,2,-1,-1,329,-1,500,2304,144,139624704,477168,477168,0
3222662,fashion-rotations,memory,backprop,0,0.0030,2,2,2,369,344,352,203,500,3072,192,186166272,477168,477168,0
3222662,fashion-rotations,memory,backprop,0,0.0030,3,0,3,369,344,352,203,500,3072,192,186166272,477168,477168,0
3222662,fashion-rotations,memory,backprop,0,0.0030,3,1,3,-1,-1,-1,308,500,3328,208,201680128,477168,477168,0
3222662,fashion-rotations,memory,backprop,0,0.0030,3,2,3,337,331,279,335,500,4096,256,248221696,477168,477168,0
3222662,fashion-rotations,memory,backprop,0,0.0030,4,0,0,337,331,279,335,500,4096,256,248221696,477168,477168,0
3222662,fashion-rotations,memory,backprop,0,0.0030,4,1,0,364,-1,-1,-1,500,4352,272,263735552,477168,477168,0
3222662,fashion-rotations,memory,backprop,0,0.0030,4,2,0,387,379,345,364,500,5120,320,310277120,477168,477168,0
3222662,fashion-rotations,memory,backprop,0,0.0030,5,0,2,387,379,345,364,500,5120,320,310277120,477168,477168,0
3222662,fashion-rotations,memory,backprop,0,0.0030,5,1,2,-1,-1,352,-1,500,5376,336,325790976,477168,477168,0
3222662,fashion-rotations,memory,backprop,0,0.0030,5,2,2,367,347,357,310,500,6144,384,372332544,477168,477168,0
3222662,fashion-rotations,memory,backprop,0,0.0030,6,0,1,367,347,357,310,500,6144,384,372332544,477168,477168,0
3222662,fashion-rotations,memory,backprop,0,0.0030,6,1,1,-1,376,-1,-1,500,6400,400,387846400,477168,477168,0
3222662,fashion-rotations,memory,backprop,0,0.0030,6,2,1,380,375,331,332,500,7168,448,434387968,477168,477168,0
3222662,fashion-rotations,memory,backprop,0,0.0030,7,0,3,380,375,331,332,500,7168,448,434387968,477168,477168,0
3222662,fashion-rotations,memory,backprop,0,0.0030,7,1,3,-1,-1,-1,357,500,7424,464,449901824,477168,477168,0
3222662,fashion-rotations,memory,backprop,0,0.0030,7,2,3,365,374,310,365,500,8192,512,496443392,477168,477168,0
3222662,fashion-rotations,memory,backprop,0,0.0030,8,0,2,365,374,310,365,500,8192,512,496443392,477168,477168,0
3222662,fashion-rotations,memory,backprop,0,0.0030,8,1,2,-1,-1,359,-1,500,8448,528,511957248,477168,477168,0
3222662,fashion-rotations,memory,backprop,0,0.0030,8,2,2,375,367,361,330,500,9216,576,558498816,477168,477168,0
3222662,fashion-rotations,memory,backprop,0,0.0030,9,0,0,375,367,361,330,500,9216,576,558498816,477168,477168,0
3222662,fashion-rotations,memory,backprop,0,0.0030,9,1,0,376,-1,-1,-1,500,9472,592,574012672,477168,477168,0
3222662,fashion-rotations,memory,backprop,0,0.0030,9,2,0,385,357,344,301,500,10240,640,620554240,477168,477168,0
3222662,fashion-rotations,memory,backprop,0,0.0030,10,0,3,385,357,344,301,500,10240,640,620554240,477168,477168,0
3222662,fashion-rotations,memory,backprop,0,0.0030,10,1,3,-1,-1,-1,374,500,10496,656,636068096,477168,477168,0
3222662,fashion-rotations,memory,backprop,0,0.0030,10,2,3,385,388,354,393,500,11264,704,682609664,477168,477168,0
3222662,fashion-rotations,memory,backprop,0,0.0030,11,0,1,385,388,354,393,500,11264,704,682609664,477168,477168,0
3222662,fashion-rotations,memory,backprop,0,0.0030,11,1,1,-1,375,-1,-1,500,11520,720,698123520,477168,477168,0
3222662,fashion-rotations,memory,backprop,0,0.0030,11,2,1,384,393,352,387,500,12288,768,744665088,477168,477168,0
